:10000000B06A0020952B0000057E0000812B0000C7
:10001000812B0000812B0000812B0000812B000030
:10002000000000000000000000000000F92C0000AB
:10003000812B000000000000912C0000812B0000AB
:10004000912E0000912E0000912E0000912E0000B4
:10005000912E0000912E0000912E0000912E0000A4
:10006000912E0000912E0000912E0000912E000094
:10007000912E0000912E0000912E0000912E000084
:10008000912E0000912E0000912E0000912E000074
:10009000912E0000912E0000912E0000912E000064
:1000A000912E0000912E0000912E0000912E000054
:1000B000912E0000912E0000912E0000912E000044
:1000C000912E0000912E0000912E0000912E000034
:1000D000912E0000912E0000912E0000912E000024
:1000E000912E0000912E0000912E0000912E000014
:1000F000912E0000912E0000912E0000912E000004
:10010000912E0000912E0000912E0000912E0000F3
:10011000912E0000912E0000912E0000912E0000E3
:10012000912E0000912E0000912E0000912E0000D3
:10013000912E0000912E0000912E0000912E0000C3
:10014000912E0000912E0000912E0000912E0000B3
:10015000912E0000912E0000912E0000912E0000A3
:10016000912E0000912E0000912E0000912E000093
:10017000912E0000912E0000912E0000912E000083
:10018000912E0000912E0000912E0000912E000073
:10019000912E0000912E0000912E0000912E000063
:1001A000912E0000912E0000912E0000912E000053
:1001B000912E0000912E0000912E0000912E000043
:1001C000912E0000912E0000912E0000912E000033
:1001D000912E0000912E0000912E0000912E000023
:1001E000912E0000912E0000912E0000912E000013
:1001F000912E0000912E0000912E0000912E000003
:10020000912E0000912E0000912E0000912E0000F2
:10021000912E0000912E0000912E0000912E0000E2
:10022000912E0000912E0000912E0000912E0000D2
:10023000912E0000912E0000912E0000912E0000C2
:10024000912E0000912E0000912E0000912E0000B2
:10025000912E0000912E0000912E0000912E0000A2
:10026000912E0000912E0000912E0000912E000092
:10027000912E0000912E0000912E0000912E000082
:10028000912E0000912E0000912E0000912E000072
:10029000912E0000912E0000912E0000912E000062
:1002A000912E0000912E0000912E0000912E000052
:1002B000912E0000912E0000912E0000912E000042
:1002C000912E0000912E0000912E0000912E000032
:1002D000912E0000912E0000912E0000912E000022
:1002E000912E0000912E0000912E0000912E000012
:1002F000912E0000912E0000912E0000912E000002
:10030000912E0000912E0000912E0000912E0000F1
:10031000912E0000912E0000912E0000912E0000E1
:10032000912E0000912E0000912E0000912E0000D1
:10033000912E0000912E0000912E0000912E0000C1
:10034000912E0000912E0000912E0000912E0000B1
:10035000912E0000912E0000912E0000912E0000A1
:10036000912E0000912E0000912E0000912E000091
:10037000912E0000912E0000912E0000912E000081
:10038000912E0000912E0000912E0000912E000071
:10039000912E0000912E0000912E0000912E000061
:1003A000912E0000912E0000912E0000912E000051
:1003B000912E0000912E0000912E0000912E000041
:1003C000912E0000912E0000912E0000912E000031
:1003D000912E0000912E0000912E0000912E000021
:1003E000912E0000912E0000912E0000912E000011
:1003F000912E0000912E0000912E0000912E000001
:10040000912E0000912E0000912E0000912E0000F0
:10041000912E0000912E0000912E0000912E0000E0
:10042000912E0000912E0000912E0000912E0000D0
:10043000912E0000912E0000912E0000912E0000C0
:10044000912E0000912E0000912E0000912E0000B0
:10045000912E0000912E0000912E0000912E0000A0
:10046000912E0000912E0000912E0000912E000090
:10047000912E0000912E0000912E000053B94AB930
:10048000002908BF00281CBF4FF0FF314FF0FF309C
:1004900000F00CB8ADF1080C6DE904CE00F023F8C3
:1004A000DDF804E0DDE9022304B07047704700BFC7
:1004B000034613F8012B002AFBD1181A01387047A4
:1004C000430803F05533C01A00F03333800800F0BE
:1004D000333018444FF0013300EB101000F00F30B0
:1004E0005843000E70472DE9F04786468C46084673
:1004F000089E154674461946002B40F0C18085427F
:10050000B2FA82F245D94AB1C2F1200300FA02FCE4
:10051000954094402EFA03F343EA0C0C4FEA154E33
:10052000A8B2230CBCFBFEF80EFB18CC08FB00F9AC
:1005300043EA0C43994528D9EB1808F1FF3704D258
:10054000994502D9A8F102072B44A3EB0903A4B2F1
:10055000B3FBFEFC0EFB1C330CFB00F044EA03442F
:10056000A04214D92C190CF1FF3304D2A04202D9B5
:10057000ACF102032C44241A43EA07401EB1D440D4
:10058000002334607360BDE8F0874746DDE76346CB
:10059000F1E792BB431B01214FEA154EAFB2200C8D
:1005A000B3FBFEFC0EFB1C330CFB07F840EA0343D5
:1005B000984561D9EB180CF1FF3004D2984502D967
:1005C000ACF102002B44A3EB0803A4B2B3FBFEFC86
:1005D0000EFB1C330CFB07F744EA0344A7424DD93A
:1005E0002C190CF1FF3304D2A74202D9ACF102035B
:1005F0002C44E41B43EA0040C0E7C2F120039540CD
:10060000944020FA03F12EFA03F34FEA154E90407E
:10061000AFB20343B1FBFEFC0EFB1C10190C0CFB2C
:1006200007F841EA0041884522D969180CF1FF30EA
:1006300004D2884502D9ACF102002944A1EB08019B
:100640009BB2B1FBFEFC0EFB1C110CFB07F743EA4F
:1006500001439F420ED9EB180CF1FF3104D29F42A7
:1006600002D9ACF102012B44DB1B41EA004193E7C4
:100670006046E3E76146F7E76046A4E76346B8E70C
:10068000834206D916B9002108467CE7C6E900E096
:10069000F9E7B3FA83F78FB9834201D3724508D8DB
:1006A000BEEB020460EB030301209C461EB900214F
:1006B00069E73846FAE7C6E9004CF8E7C7F1200CCD
:1006C000BB400EFA07F522FA0CF42EFA0CF1BA40F0
:1006D0001C4320FA0CF3B8404FEA144901431FFAB7
:1006E00084FEB3FBF9F809FB18300B0C08FB0EFA7B
:1006F00043EA00439A4540D9E31808F1FF3004D299
:100700009A4502D9A8F102002344A3EB0A0389B257
:10071000B3FBF9F809FB183308FB0EFE41EA03416D
:100720008E452CD9611808F1FF3304D28E4502D9C9
:10073000A8F10203214443EA0040A1EB0E01A0FB13
:1007400002984145CE46434602D306D14D4504D2D8
:100750000138B9EB020E68EB0403002EA7D0B5EB0D
:100760000E0261EB030101FA0CFC22FA07F3F940D7
:100770004CEA0303C6E9003199E74046C5E7434622
:10078000D9E70000930442BF0121094B197090057D
:1007900042BF0121074B1970D10542BF0121064B11
:1007A0001970D30642BF0122044B1A70704700BF74
:1007B000534E0020524E0020514E0020504E00203B
:1007C000B0B582B0044603680A2093FBF0F200FB48
:1007D000123202AFC3F13201092A0BD8DFE802F06E
:1007E0000515182224272D2F3A440121294A2A4889
:1007F00006F005FD2368013B236023B90321274A46
:10080000254806F0FCFCBD46B0BD254A0221EEE7B6
:10081000C3F503630233234A1B0201211E4807F07C
:100820005EFAE7E7204AF1E70321204ADFE7C3F554
:10083000136302331E4A1B02EFE71E4AE6E74A42F1
:1008400002F0070201F0070358BF534203211A4A7E
:100850000133E3E7194A0121D21A0092184B194AD1
:100860000D4807F046FAC5E76D4688B002AA164B58
:100870005361164B936141F2342359430423D161F0
:1008800042F8103F00234FF40451034801F044FBA9
:10089000AD46AFE7689D0000A09A0000309F0000C1
:1008A0009A9D0000C29D0000EC9D0000179E000074
:1008B000449E0000769E0000A39E00003010DCBA2B
:1008C000EFBEADDEC59E0000FD9E000049A2000007
:1008D0002DE9F047032100AF9B4A9C4806F08FFCAE
:1008E0006C4688B06A469A4B53619A4B93614FF4B9
:1008F00000739383984B42F8103F00234FF4E65166
:10090000924801F009FB0321A546944A8F4806F05E
:1009100076FC00F0E1F900F08DFA00F02DFB904834
:1009200007F067FF002866D102218E4A874806F04B
:1009300066FC00248A4807F05CFF00287AD1022177
:10094000894A824806F05BFC854807F052FF002880
:1009500040F091800221854A7C4806F050FC844892
:1009600007F047FF002840F0A8800221814A77481D
:1009700006F045FC002C40F0C08003217E4A7348FD
:1009800006F03DFC00247D4D7D4EDFF8F8812B788C
:1009900001341BB100232B7000F02AFA33781BB10D
:1009A0000023337000F0BEFA774BDFF8E0911A783D
:1009B0004AB1002202211A706448754A06F01FFCF1
:1009C0003223C9F80030734B1A7832B10022032168
:1009D0001A705E48704A06F012FCD9F80030002BFD
:1009E00040F3FA806948FFF7EBFE40F271200021E6
:1009F00004F00CFFCBE7694806F003FC002898D10F
:100A0000664806F014FC0346002892D188B06A4676
:100A100063495161634991610D21D161042142F81B
:100A2000101F4FF40451494801F076FAA5464FF4DF
:100A300000547FE75C4806F0E4FB002884D15A4864
:100A400006F0F5FB034600287FF47EAF6D4688B0C4
:100A50006A4644F400745549516152499161092133
:100A6000D161042142F8101F4FF40451374801F0BE
:100A700053FAAD4668E74E4806F0C3FB00287FF402
:100A80006EAF4B4806F0D3FB034600287FF467AFF8
:100A90006D4688B06A4644F48074464951614149C4
:100AA00091610821D161042142F8101F4FF40451D3
:100AB000264801F031FAAD4651E73F4806F0A1FB68
:100AC00000287FF457AF3C4806F0B1FB03460028EE
:100AD0007FF450AF6D4688B044F010046A46374941
:100AE0005161304991610421D16142F8101F4FF4E6
:100AF0000451164801F010FAAD46314B31491848FF
:100B0000C1E901348368DB690BB1012298472046B3
:100B1000FFF7D6FC2C4A2D4B6C468AB0012808BF43
:100B200013466A46D36140F2013329491384294BA5
:100B3000C2E9051042F8103F00234FF41351034857
:100B400001F0EAF9A5461DE7529F0000A09A0000B7
:100B5000789F0000859F000003000001909F000027
:100B60007C910000CE9F000018A0000062A0000051
:100B70005C910000ACA00000F6A00000534E0020E5
:100B8000524E0020A54FFAA4514E0020C44600202A
:100B900061A10000504E002091A10000709B000058
:100BA000F09F00003CA20000689B00003AA00000FB
:100BB000609B000084A00000589B0000CEA00000B5
:100BC00085070000C8460020D4A70000839F0000CE
:100BD00039A1000004000001E30702D4204600F020
:100BE000A5F8204600F048F9204600F0CFF9334B35
:100BF0006343B3F1333F1FD807F041FFEA468AB0A1
:100C0000E9464FF47A7CA0FB0C0E2D4B47F61222DE
:100C1000C9E905340CFB01E10023FFF72FFC4A462C
:100C20000623C9E9080142F8103F00234FF443515D
:100C3000244801F071F9D5460B22C4EBC4030333F9
:100C400093FBF2F102FB113343B91F4A13680133DE
:100C5000136002211D4A1B4807F041F808FB04F20B
:100C60001B4B9A4227D8C822B4FBF2F3E9468AB05C
:100C700002FB13436A4617494FF47A70516103210E
:100C8000916103F6B831B1FBF0FC00FB1C1164204C
:100C9000B1FBF0F1D161092103F59673B3FBF1F3D8
:100CA0001362052342F8103F00234FF423510548F7
:100CB00001F032F9CD4647F6122098E6CDCCCCCCE7
:100CC000C8A10000A09A0000C0460020E5A10000D5
:100CD000055BB0051BA20000F8B500AF0E4C032168
:100CE00020460E4A06F0F2FF6E4688B06A4603259B
:100CF0000B4B53610B4B936142F8105F00234FF491
:100D0000C851204601F008F9B546074A2946204651
:100D100006F0DCFFBD46F8BDF89A000057A20000BF
:100D20008BA200000AA40000C1A20000B0B52C49AB
:100D300064240B6800AF03F11102072390FBF3F367
:100D4000C3EBC303C31A13440B60322390FBF3F1CC
:100D500003FB110190FBF4F304FB130303F58C5325
:100D60008EB001F67F0114336A4609B29BB21D4D65
:100D700055611D4D956191FBF4F504FB151109B208
:100D80001162B3FBF4F104FB11335162C8219BB231
:100D9000936200EB400393FBF1F401FB1433643BDB
:100DA0001BB2D362C0EBC00393FBF1F401FB14331D
:100DB000643B1BB21363142390FBF3F103FB11009C
:100DC0000A2300F2CA3080B2D561506342F8103F66
:100DD00000234FF4A241054801F09EF8BD46B0BD86
:100DE000D4460020EEA20000FAA30000F89A00000A
:100DF00010B50B4C032120460A4A06F067FF02217A
:100E00002046094A06F062FF01212046074A06F003
:100E10005DFF03212046BDE81040054A06F056BF9D
:100E2000F89A00002EA300006EA300009EA300000D
:100E3000D3A3000098B500AF0B4C032120460B4A0A
:100E400006F044FF88B06A46094B5361094B936131
:100E5000032342F8103F00234FF4C851204601F00D
:100E60005BF8BD4698BD00BFD09A000025A40000E5
:100E700057A4000002A60000F0B505026B429BB229
:100E8000ADB258BF5D420F2390FBF3F3C3EB0313E6
:100E900083B09842044602AF05F500250AD100F55B
:100EA0000453343300932B0C0221194A19481B04B4
:100EB00006F01FFF1E2294FBF2F302FB13432BB933
:100EC00001212B46144A134806F009FF052094FB24
:100ED000F0F303EB8303E31A17D16E468AB002AA3C
:100EE0000E4951610E49C2E90615614201F0070140
:100EF00004F0070458BF4C42146242F8100F4FF43C
:100F00002451044801F008F8B5460437BD46F0BD49
:100F10008BA40000D09A0000449E0000BFA40000F3
:100F2000F3A5000010B50E4C012120460D4A06F035
:100F3000CDFE022120460C4A06F0C8FE01212046C3
:100F40000A4A06F0C3FE03212046094A06F0BEFE07
:100F500003212046BDE81040064A06F0B7BE00BF98
:100F6000D09A0000EAA400002CA5000065A50000AE
:100F700092A50000C8A500000321024A024806F01D
:100F8000A5BE00BF1BA60000C89A0000B0B510F0B7
:100F9000030382B0044602AF13D16D4688B002AAA3
:100FA000164951611649916141F234214143D161A1
:100FB000042142F8101F4FF40451124800F0ACFF16
:100FC000AD461E2294FBF2F302FB13433BB90E4BDA
:100FD000012100930D4A0E4B0A4806F08AFE0F23AA
:100FE00094FBF3F3C3EB0312944205D10221094AA7
:100FF00004480C3306F073FEBD46B0BDFD9E0000F4
:1010000077A60000C89A0000FE0FDCBAC59E00005B
:10101000EFBEADDE4CA600002DE9F04F91B000937D
:1010200002F004030293C2F3C203013384070546AE
:101030000E46DDF868800392059340F0BB81041DE5
:1010400030B1072909D86FF01B0011B0BDE8F08F4F
:1010500001F007063444C6F10806009B4FF0000972
:101060004FF0040A591E4FF0FF334F460193CB4611
:101070005346CDF810900DB1009A226005980028D3
:1010800000F3E8809848009A824203D3974882424E
:10109000C0F0E080039AA4EB050E92074FEA9E0091
:1010A00000F103810F2F00F2B180002D00F00581C7
:1010B00007F140020DEB020C019A0CF8200C0CF821
:1010C000102C049801300490E7E07A285DD84B2872
:1010D0000ED8472859D829282DD8252852D054D899
:1010E00020287AD02338D0F1000B4BEB000B74E0B2
:1010F0004C382E2849D8DFE800F070484848484866
:101100004848484848484B4848484848484848594B
:10111000484B4B595959704B6D487048184B1848FB
:1011200048827F4B48484B487F0000204FF0000B1F
:101130004FF0040A38E001222A38C0B202FA00F067
:1011400010EA0E0F49D110F0625C2FD110EA020BA9
:1011500043D06046013C5444B4FBFAF40AFB04F467
:10116000002D61D0A3EB050CA444B4453FF66BAF52
:10117000002868D1042B47D158F8043B236004238E
:1011800004342AE0019A013A01924FF0000B24E066
:1011900011F8010C6C2834D1002011F8023C834670
:1011A0006C2BC5D14FF0080A5346D3E708F1070866
:1011B00028F00708073424F00704F8E802AB35B13B
:1011C00006982044B0423FF63EAFC4E900AB4FF072
:1011D000000B08344FF0080A534611F8010F00289D
:1011E00078D0BBF1000F7FF470AF2528F5D14FF018
:1011F000010B019B013301934FF0040AECE75846C1
:1012000094E700208346A5E7082B02D06FF0150075
:101210001BE708F1070828F00708F8E80223C4E9EB
:10122000002308230834D8E768B9042B02D108F159
:101230000408A4E7082BE9D108F1070828F00708FB
:1012400008F10808EDE7059A013A059258F8042BD1
:10125000009210E7039A900720D54FF0010CA4EB01
:10126000050E4FEA9E00BEF5007FCFD20F2FCDD8DE
:10127000F5B107F140020DEB020E019AC0B20EF873
:10128000200C0EF8102CBCF1000F3FF41AAF60F0E8
:101290007F000EF8200C09F101090137C5F10802A1
:1012A0004FF6DA7E0434069297E74FF0000CDAE747
:1012B000BCF1000F01D00136EFE70298023600289A
:1012C000EBD10098CDE90631FFF7F2F8DDE9063100
:1012D0000644E2E7631BB3F5806F97D245B9A6F1E8
:1012E0000804E018B1E600BFD490000008AF000089
:1012F000029A9B0828602B709DF81030C2B1EB70E9
:1013000085F80290B9F1000F05D0002208A8C5F1B8
:10131000010C97420ED14FF0000AC5F101030DF107
:10132000200801930DF1300B574512D1601B8CE65C
:101330006B70E5E710F8013B190608D50CEB040EBD
:10134000B64503F07F033FF67EAE04F8013B013261
:10135000DFE7B9F1000F03D098F90020002A17DB6E
:10136000029BD3B11AF80B2004F8012B0022019B39
:1013700018191044B0423FF666AE98F80000009984
:1013800004F8010B2046039207F01AFE039A144456
:101390000AF1010A08F10108C6E798F8002055F89B
:1013A00022300093029B009845F82230FFF780F826
:1013B000421CDCE76FF00D0047E600BF2DE9F04F5F
:1013C00097B000AFD7F880B03B62CBF3C0030446C0
:1013D000894690F802A0FA62BB6141B9457800786D
:1013E0000AEB800020444D4517D8A0EB0409E378B0
:1013F000FB61BAF1000F02D01BF0010F16D1FB699F
:1014000053BBFB6A1BB1494620463A6A98474D4692
:1014100028465C37BD46BDE8F08F461C3046FFF7D6
:1014200047F80130304409F10109DCE762682378AC
:101430007A62FA6A9900796104EB8301002A40F02C
:1014400001810E464FF000084D4601EB0A094E455A
:101450004CD101EB0A0610E01BF0020FD1D023782B
:101460009A007A61626804EB83017A62FA6A002A60
:1014700077D14D46904601EB0A061BF0050F0CBFD5
:1014800002230123FB62FB6906EB430A0BF0020314
:10149000BB625645BCD016F8021B16F8013C54F846
:1014A0002390994B994502D3984B994536D3BB6904
:1014B000002B40D0786A05F0F1FF00283BD0E946C8
:1014C0008AB06A46924B53617B6AC2E906314FF497
:1014D000007313848F4B42F8103F00234FF41251D6
:1014E0008D4800F019FD023DCD46D2E716F8013BCC
:1014F000F96254F82300FEF7DBFFD7F88430F96A6D
:1015000001304BB1D7F8883098453EBFD7F88430CA
:1015100023F8180008F10108054498E7BB6923B1D6
:10152000786A05F0BBFF0028C9D11BF0010F05D177
:10153000FB6AED1AADE7BB6A002BAAD04846FEF75E
:10154000B7FFD7F8843053B1D7F8883098453FBFFC
:10155000D7F88420431C22F8183008F1010805440C
:1015600097E7BAF1000F73D01BF0040673D0D04692
:10157000002607F1480052463B61B96207F020FDA2
:10158000B96A3B6901EB0A02BA62FA69F969520069
:10159000FA60BA6A02EB41023A610BF00202BA60E9
:1015A0003A69B96A8A4258D162781BF0020F18BFB3
:1015B00000217A6208BF4FEA5801B2181BF0010FF0
:1015C000D2B240F09F801BF0040F14BF40460020B1
:1015D000BB616270A070E17020463A6A7969FB6A6B
:1015E0009847051EFFF614AFBB69414623707B6A1E
:1015F0003A6A6370FB6984F802A0E37007F148005F
:10160000FB6A9847B0F10008C0F2BA807B69A9EB89
:101610000A01C91AFB683A6AC91AD7E90A03984746
:101620000028C0F2AF804FF0000BA84408EB000583
:1016300007F1380AB34571D300213A6A0846FB6ABC
:101640009847E5E656464FF0000807F1380092E764
:101650005646D04696E7B04694E7BA6A12F8021B9F
:1016600012F8015CBA6254F82500274A904202D36E
:10167000264A90421ED3BA6932B1786A7B6005F07F
:101680000DFF7B6800288BD1BA6802BB08F12802E5
:1016900007F1300C08F10100944407F1580208F1F9
:1016A000020852FA80F00CF8101C5FFA88F800F873
:1016B000105C75E7BA693AB1786A7B6005F0EEFEB6
:1016C0007B6800287FF46CAF1BF0010F09D006F196
:1016D000280207F13000711C161806F8205CCEB203
:1016E0005EE71BF0040F3FF45BAF08F1280207F13F
:1016F000300008F1010102EB000808F8105C5FFA05
:1017000081F84DE7002063E7D490000008AF0000A7
:1017100092A6000004000001B09A00001BF80A30F5
:1017200054F8239087F83730D7F884302BB3D7F8A4
:1017300088309B4521D2D7F8843033F81B800121B3
:101740003A6AFB6A07F13700984700281ADB05441C
:10175000B8F1000F06D14846FEF7AAFE00F10108D5
:101760001FFA88F8414648463A6AFB6A98470028BB
:1017700008DB05440BF1010B5CE74FF00008DEE7E6
:10178000454645E6054643E6014B1860704700BFF5
:101790009021002080B505460E461746984604F075
:1017A00087F8034607F08CFC0446DFF818904246A1
:1017B00049F8003039463046A84754F8090001F08E
:1017C00051FA00BF080000002DE9F047058B0446E0
:1017D0002807904611D4022905F0070540F0CC8077
:1017E000204606F0FBF878B10138218B042811D887
:1017F000DFE800F0C2106D85950001290CBF45F0AF
:10180000100545F02005258388F31188BFF36F8FFD
:10181000BDE8F08701F0070AAA4500F0A58000277F
:10182000B9463E46A368002B00F0BC8041F0080199
:10183000218388F31188BFF36F8FA168002900F01E
:10184000BA800D68002900F0B68033465246204623
:10185000D1F80480C047002D76D02B6829461D465C
:10186000F0E701F007035A1F012A1BD8002221F0DC
:101870000701062B276889B2C4E9002209D13B463B
:1018800003E0628B013262831B68002BF9D141F0C7
:1018900002012046218306F0A1F800287AD041F009
:1018A000200176E0042B0AD121F0070189B22046FD
:1018B000218306F093F810B141F020012183218BA0
:1018C00001F0070AAA454FD00027B946AAE72369C5
:1018D00021F0070141F00601062DD3F80090218385
:1018E0002DD1B9F1000F3FD041F00801218388F3D9
:1018F0001188BFF36F8F20463949C84729E021F08E
:101900000701236941F0040189B2042DD3F8049042
:101910002183E6D000274FF0040A3E4682E721F0FB
:101920000701236941F0050189B2052DD3F808901C
:101930002183D6D000274FF0050A3E4672E70027E4
:101940004FF0060A3E466DE72B4687E7B9F1000FD8
:10195000D1D1EFF31188202383F31288BFF36F8F67
:10196000238B23F008032383258BEA062ED525F04D
:101970001003238305F007056669218B002EBFF64F
:1019800070AF00232768C4E9003321F0070141F05C
:1019900001012183218B4FF0000901F0070AAA45BC
:1019A0007FF440AF002F9CD041F00801218388F3E1
:1019B0001188BFF36F8F002FC8D03D68394633467A
:1019C0005246204606F036F82F46F4E7AB067FF580
:1019D0001BAF25F02003238305F0070500E700BFB8
:1019E000617A00002DE9F047044607464FF00109EF
:1019F000DFF8508014B93846BDE8F08794FAA4F5B2
:101A0000B5FA85F509FA05F32E0108EB05156FEA1D
:101A1000030A24EA03042B7B002BEBD058F8063092
:101A20001B694BB94644736804222846196807EAC3
:101A30000A0706F0DBF8DDE7284698470028D9D1E9
:101A4000F0E700BF109B000030B5002289B00F49BD
:101A50000F4807F016F8002200230024CDE90623E2
:101A60000E230C4DCDE903344FF440722846CDE9E6
:101A70000144094B0949009403F02AFC084928460F
:101A800006F0EFFE204609B030BD00BFA51A0000E9
:101A900050440020B8230020BD1D0000704E0020DF
:101AA00046A70000014803F079BB00BF9023002047
:101AB0002DE9F047804621480F4606F07BF80646A0
:101AC000002833D000252846BDE8F087237B83B16A
:101AD0002368DB680BB120469847636883F806905B
:101AE00023681B69D3B9636804222046196806F08D
:101AF0007DF8013610345445E8D3B8F1000FE2D038
:101B0000002DDFD02846FFF76DFF0546002FF7D0E8
:101B1000002140F2391003F079FEF1E720469847A2
:101B20000028E0D009FA06F31D43E2E705464FF02E
:101B30000109034CDFF80CA0DDE700BFE8460020F8
:101B4000109B0000209B0000014B53F820007047C1
:101B50008C9B000008B5034608462BB1044A13606D
:101B600000F070FC002008BD6FF01500FBE700BF1F
:101B70009421002010B5044C237813B9034803F0D6
:101B80000DFB0123237010BD544E00209023002034
:101B900010B50446094806F00DF83CB1084BD3E8EF
:101BA000EF1F0139C3E8E21F002AF8D1054806F00B
:101BB00074FFBDE81040044803F0F0BAE04600208E
:101BC000E4460020504400209023002000200146DD
:101BD000034BD3E8EF0FC3E8E21F002AF9D17047A7
:101BE000E046002070B5FFF7F1FF0546074C084EB0
:101BF000B44200D370BD63685B792BB123685B6826
:101C000013B12946204698471034F1E7109B000095
:101C1000209B000010B5044C0449204605F077FDD8
:101C2000034B1C6010BD00BFF0220020789B000019
:101C3000D846002000230D4A10B513700C4A0D49F8
:101C400013600D4A0D481360FFF784FFFFF7E2FFB2
:101C50000B4B0C4918468B4200D310BD1A1A5C6816
:101C60001211013222711033F5E700BF554E0020EA
:101C7000E046002040420F00E4460020B17B000017
:101C8000109B0000209B0000014600220023014819
:101C900005F05EBDF0220020014805F0F7BD00BF51
:101CA000F0220020024B0146186805F043BE00BF39
:101CB000D8460020014805F078BE00BFF022002081
:101CC00070B5274B1878002849D0FFF7E5FF054687
:101CD000002841D1234B244C1B68002B19DD06F052
:101CE000CEFE4FF47A75A0FB050647F612220023BC
:101CF00005FB0161FEF7C2FBD4E90032C01A40F2D5
:101D0000E93361EB0201984271F1000101D3FFF761
:101D100069FFD4E9003213F57A7342F10002C4E995
:101D20000032BDE87040FFF7C5BF63685B7923B13F
:101D30002368294620461B6898471034B442F4D3E0
:101D40002846FFF7AFFF094BD3E8EF1F0139C3E87F
:101D5000E21F002ABED0F7E7054C064EEEE770BD45
:101D6000544E0020E046002048440020E446002075
:101D7000109B0000209B000070B50D4D297861B9C3
:101D80000120FFF795FE0B4C0B4EB44206D3FFF734
:101D900097FF0028FBD101232B7070BD63685B792E
:101DA0001BB1236820469B6898471034EDE700BFBD
:101DB000554E0020109B0000209B000000212DE9C3
:101DC000F0470846FFF774FE044658B340F21B681C
:101DD0004FF0000907F074F91B4B1C4A1B581360A5
:101DE00033B11B4B1B68092B02DD1A4803F0D6F9EF
:101DF0000025194FDFF85CA044B12046FFF7F2FD43
:101E0000044618B94FF0FF384FF0FF39FFF758FF7D
:101E1000064628B9B5B942464B46504603F0F2F99A
:101E20003546E9E74FF0FF384FF0FF39D2E72B682E
:101E30009B691BB100222846114698471035BD42C8
:101E4000F5D3E8E7054DFAE708000000DC4600207E
:101E5000E446002090230020209B0000109B0000FF
:101E600013B5184805F0A6FE174B1B7873B1EFF3B6
:101E70001184202383F31288BFF36F8FFFF720FFB5
:101E800084F31188BFF36F8F02B010BD0F4B1B6836
:101E9000002BF9D050B9002200230D48CDE90023D2
:101EA00047F61222002303F0EBFFEDE70928EBD100
:101EB000074806F0F2FD074802B0BDE8104003F005
:101EC0006DB900BFE4460020554E0020DC460020DE
:101ED000504400209023002010B5064B04461B6898
:101EE00098472146A060044805F0B1FCBDE81040C9
:101EF000FFF7B6BF94210020F0220020044A054BD2
:101F00009B1AB1EBD30F34BF52F831000020704759
:101F1000A09A0000109B00002DE9F04F8FB0C1F394
:101F20004A2804AF0D469146B8607B600C0DB8F1AD
:101F3000000F63D000264FF0040B4FF00A0A07F1A0
:101F40001403C7F80C80C7E907667E620193CDF8D9
:101F500008B0CDF800A007F11C0332464846F968E6
:101F6000FFF72CFAB0F5006F03461CD36C468AB01D
:101F7000D9F8041004AB26481A46C3E9050140F21B
:101F8000FF71D9614FF400711984224B42F8103F60
:101F90004FF4125133462048FFF7BEFFA5462C37B9
:101FA000BD46BDE8F08FC0F30A0804F117001844DD
:101FB00020F0070080083B60FFF766FE68F35325BA
:101FC000044690B13B6800F11001C7E9083607F1FB
:101FD0001403F961CDE900A3CDF808B048460F4AD3
:101FE000F96807F11C03FFF7E9F968F353252A465E
:101FF00020467B68B96805F019FED0E704F11700A8
:1020000020F007008008FFF73FFE0446EDE700BF21
:102010005BA7000004000001D89A0000FF7B0000CD
:102020002DE9F04F87B00446DDE9105ADDE9127959
:10203000934698460391BFB13B465246102100207B
:10204000CDF80090CDF81490FEF7E6FFB0F5006FE4
:1020500006460AD340F2FF730221174A174807B019
:10206000BDE8F04F05F03BBE3E4605F11700304499
:1020700020F007008008FFF707FE04F007040BF0CC
:10208000070BE40044EA8B1444EA462444EA05546E
:10209000054640B13FB13B4652463146CDF800902F
:1020A0001030FEF7B9FF434622462846039907B091
:1020B000BDE8F04F05F0BABD9AA70000D89A00001D
:1020C000406820B1034BC01A40F3CF0070474FF077
:1020D000FF307047A09A00000EB403B503AB53F86D
:1020E000042B01460448019301F0F2F802B05DF8B8
:1020F00004EB03B0704700BF417D0000CA0605D461
:102100008B064CBF02490349FFF7E6BF704700BF8B
:10211000D3A70000D2A700002DE9F04F89B09B465D
:10212000149B9DF84CA00693159B04460593169BA3
:102130000D469046179E0493BAF1000F00F09D8063
:1021400006F48073079305F04FFD06F0020902467E
:1021500000283ED020469149FFF7BEFF0746B9F15F
:10216000000F08D016F0440F35D12A4620468C497E
:10217000FFF7B2FF074406F0010353B1894B204635
:1021800053F82A20884B8949002A08BF1A46FFF7CE
:10219000A3FF06F48073002B49D006F00803002B40
:1021A00063D1B8F1000F66D0424620468049FFF760
:1021B00093FF0546069B3D44002B6DD1049B002BED
:1021C00073D1F30700F1E48031462046FFF796FF14
:1021D000D8E00746C3E7774B18680028CAD0764B8B
:1021E0004FF47A791B684FF03C0CB5FBF3F5B5FB67
:1021F000F0F14FF4616300FB115509FB05F5B1FBEC
:10220000F3F2B5FBF0FE03FB121100FB1E55B1FB10
:10221000FCF309FB05F5B5FBF0F50CFB13112046AB
:102220000091CDE901E56549FFF756FFA2E706F009
:102230000803EBB1624B204653F82A206149FFF7AF
:102240004BFF0546B8F1000F05D0424620465849DD
:10225000FFF742FF0544BBF1000FABD05A462046C2
:102260005949FFF739FF0544A4E74FF0000BE1E7B8
:1022700006F00805E6E745469CE7BBF1010F069B23
:1022800006D1002B64D1049B002B7BD000250CE0F1
:10229000002BF8D04D485CE04D48069B22464D4946
:1022A00005F0CBF8049B002B68D0DFF82C81DFF819
:1022B0002C91049F3146102F204628BF10274FF045
:1022C000000BFFF71BFF5D4545DC059B494620469B
:1022D0001A78FFF701FF4FF0010B1BF0070F03D136
:1022E00041462046FFF7F8FE5F453BD9059B49462E
:1022F000204613F80B20FFF7EFFE0BF1010BBBF1AB
:10230000100FEAD14FF0000B20463549FFF7E4FEED
:102310005A46059B20469A5CA2F120015F2928BFFE
:102320002E223049FFF7D8FE0BF1010BBBF1100F45
:102330001DD01BF0070F03D141462046FFF7CCFE0E
:102340005F455A46E5D841462046FFF7C5FEEBE714
:102350001F485546A1E741462046FFF7BDFE0BF159
:10236000010BB0E720462049FFF7B6FEC5E7059B05
:102370003B440593049BDB1B04939AD1BAF1000FF5
:102380007FF41FAF204609B0BDE8F04F05F0CBBC8D
:102390002046054A0549FFF79FFE15E7DAA700002A
:1023A000DEA700009C9B0000D5A70000829F0000D4
:1023B00003A80000F0460020EC460020E7A700003C
:1023C000B09B000007A800000DA800006F7D000072
:1023D000417D0000D13200001AA8000012A80000C0
:1023E0001CA800001EA8000018A8000042F20F73ED
:1023F00073B58B4228BF0B46056804460521684625
:102400000D4A04F075FC0646636828460B225B689B
:102410000A4905F07AFC63683246694628465B68DB
:1024200005F073FC63681B2228465B68044905F0CD
:102430006CFC02B070BD00BF87A900003DA8000081
:1024400021A8000000210123064A904206D8064A2E
:1024500001B901231360054B186070470121400842
:102460005B00F2E740420F00EC460020F0460020FF
:102470000122014B1A707047564E0020014B00207C
:1024800019607047084700200148FFF7AFBF00BF41
:10249000E09B000010B5064B0C461868FFF754FB94
:1024A0002146BDE8104003460F220248184700BFEE
:1024B00008470020E09B00000122F8B5084B094DB9
:1024C000094E1A70D5E900470CB92C60F8BD2146B9
:1024D00030463A4600F01EF8241A0644F4E700BFDE
:1024E000574E0020FC460020584E002010B9074BE4
:1024F00018707047064B1B781BB141F2883006F00C
:102500005CB99D20002103F081B900BF564E002028
:10251000574E00202DE9F04780460E460424DFF890
:1025200074901D4F99F80050A5B906F039F932465C
:1025300082464146284602F027FB0546504606F0F3
:1025400037F9E5B101233B7099F8003073B9304693
:10255000BDE8F08732464146002002F015FB0546F3
:10256000EFE72046651EFFF7C1FF2C46002002F072
:1025700095FB0028EBD03B78002BF2D1E7E73B78C6
:10258000002BE4D0013C2046FFF7B0FF3B78002B46
:10259000C8D1DCE7574E0020564E0020014B0360A7
:1025A00000207047F09B000008B5044804F09DFF30
:1025B000BDE80840024804F098BF00BF79A80000B9
:1025C000AEA8000008B50348034A0021121A05F01E
:1025D00011FC08BDB8230020704E0020074808B544
:1025E000074A0849121A05F007FCBDE808400648EA
:1025F000064A0749121A05F0FFBB00BF0021002060
:10260000B823002010AF0000F82000200021002097
:1026100008AF00002DE9F04706460C4600AF002940
:1026200036D0D1E90012E9468AB06D46A3684FF072
:10263000050AA8461F48C5E90723C5E9050148F86A
:1026400010AF002342464FF421511B48FFF764FCB2
:10265000D4E90312CD466369AD461848C5E907239E
:10266000C5E90501C5F810A0002342464FF42151E9
:102670001148FFF751FCCD46E3690121104A0E488D
:1026800005F02DFBA36901210E4A0B4805F027FB3D
:10269000012E07D1EFF305830B4A31460648103B64
:1026A00005F01DFB2146304602F028FBBD46BDE883
:1026B000F08700BFDCA80000F09A00000BA9000022
:1026C0003AA9000049A9000077A9000030BFFFF730
:1026D000FDBF00BF2DE9F04105460B4EDFF82C8011
:1026E000324606EB0807CC1B2046094906F068FC79
:1026F000A01942460021083C06F06FFCC5F8804056
:1027000007F10800BDE8F0810000000004000000AF
:10271000209B0000054B5A699B689A421FBF044AE0
:10272000536843F080535360704700BFE447002074
:1027300000ED00E070B52A4C06460D4629482A49AE
:1027400005F067FBA36ADB0647D52648274905F055
:1027500060FB1120A36A1C0704D52248244905F018
:1027600058FB12201E4CA36A990712D521491D4817
:1027700005F04FFB636BA26A120609D501211E4AC0
:10278000184805F0ACFA1EB1A36A23F08003A362D7
:102790001320134CA36ADE0704D51248174905F02D
:1027A00038FB1420A36A9C0604D50E48144905F092
:1027B00030FB15200A4B9A6AD10658BF9A6A9A6A6A
:1027C000920642BF5A6A22F400525A629A6A42F052
:1027D000FF029A6200232B7070BD1020BAE700BF81
:1027E00000ED00E0F09A00008AA90000A0A9000016
:1027F000D3A90000E6A90000FEA9000014AA000069
:1028000033AA000010B5244C2449254805F001FBEB
:10281000A36A99013ED52248224905F0FAFA1E2002
:10282000A36ADA0104D51E481F4905F0F2FA1F20F9
:10283000194CA36ADB0204D519481C4905F0E9FAD2
:102840000220A36A1C0304D51548194905F0E1FAD2
:102850002120114CA36A590304D51148154905F0EC
:10286000D8FA2220A36A9A0304D50D48124905F02C
:10287000D0FA2320084CA36ADB0304D508480F498B
:1028800005F0C7FA2420A36A6FEA03436FEA1343F3
:10289000A36210BD1D20C3E700ED00E062AA0000A6
:1028A000F09A00007AAA00008DAA0000A7AA0000F2
:1028B000D1AA0000EFAA000014AB00002EAB00006C
:1028C00070B5294C06460D462848294905F0A1FA5D
:1028D000A36AD9043CD52548264905F09AFA172061
:1028E000A36A1A0504D52148234905F092FA182055
:1028F0001D4CA36A9B0512D51C48204905F089FA96
:10290000A36BA26A100409D501211D4A174805F0DE
:10291000E6F91EB1A36A23F40043A3621920124C06
:10292000A36A590504D51148164905F072FA1A2010
:10293000A36ADA050ED50D48134905F06AFA1B2083
:10294000094A936A43F47F43936200232B7070BD5E
:102950001620C5E7A36A9B04F2D504480B4905F08D
:1029600058FA1C20ECE700BF00ED00E0F09A0000F0
:1029700059AB00006FAB0000D3A9000080AB000092
:1029800099AB0000AEAB0000C9AB000033AA000059
:102990002DE9F0418AB0654B0446D3F80480002647
:1029A00000AFC8F3080586F31188BFF36F8F02F0FC
:1029B0007F43B3F17F4F07D102F00C03082B12D1F4
:1029C0005B495C4805F025FA002634460023FB717C
:1029D000EB1E092B00F28980DFE803F00A7F827B7F
:1029E00087878787878510074CBF0C460126EDE750
:1029F0005149504805F00DFA00234C4DFB71EB6A2C
:102A00009A0705D54D494B4805F003FA002331E0FC
:102A1000EB6A002B01DA4A49F5E7EB6A5B00F5D572
:102A20004849444805F0F5F96B69A26943F480739D
:102A30006B61BFF34F8FBFF36F8F6B6932F8022C5E
:102A400023F480736B61BFF34F8FBFF36F8F4DF62D
:102A500002739A4207D0AB6ADBB26BB30120F91D57
:102A6000FFF768FE37E023680121374A314805F057
:102A700036F92368FA79DAB907F1080504F1200C70
:102A80002A4620686168083403C264451546F7D1B8
:102A90007A6A002E45D0C2F3080121B96FEA5222AA
:102AA0006FEA42227A62184607F10801FFF7B2FD89
:102AB0002837BD46BDE8F081AB6A13F47F4F04D0E0
:102AC0000120F91DFFF7FCFE05E0AB6AB3F5803F7E
:102AD0009CD3FFF797FE0346CCE70020F91DBFE724
:102AE0000020F91DEEE719498DE7194A18F4F87F1F
:102AF000E8468AB0174B18BF13466A461649103D80
:102B0000C2E905134FF400731384144BD56142F8E6
:102B1000103F00234FF411510648FFF7FDF9C54659
:102B200074E722F4FF7222F00102BBE700ED00E03F
:102B30000FAC0000F09A00003AAC000051AC00006D
:102B400072AC000080AC00009FAC0000BBAC000089
:102B5000F6AB0000E1AB0000DFAC000004000001B8
:102B6000064B5A6942F010025A615A6942F4806277
:102B70005A615A6922F008025A61704700ED00E07C
:102B8000EFF30880EFF3098101B57246FFF700FF0C
:102B900001BD00BF002080F31488BFF36F8F0020B9
:102BA00080F30A8880F30B880F4880F3088801F0CF
:102BB0008DF900200D490860BFF34F8F00F02CF80D
:102BC000202080F311880A484FF40061401880F3F8
:102BD0000988EFF314800221084380F31488BFF3BF
:102BE0006F8F00F0EFF80000B06A002094ED00E075
:102BF00070510020002318460649D1F89020C2F3F6
:102C00000722934200DB7047C1F89830C1F8A0005A
:102C10000133F6E700ED00E010B572B6002484F34E
:102C20001388FFF7E7FF23464FF0FF300C4A03F10C
:102C300020010133102B42F82100F8D100234FF07E
:102C4000FF30074A03F160010133102B42F82100E5
:102C5000F8D162B6BFF34F8FBFF36F8F10BD00BFC7
:102C600000E100E0084B9B6883420BD1EFF3058342
:102C700043B1064B5A6842F080525A605A6A22F4B5
:102C800000425A6202F01ABEE447002000ED00E064
:102C900016498A684FF030001044EFF3098C80E841
:102CA000F01F202080F31288BFF36F8F104F4FF07A
:102CB00000664A698A603E60D2F880000D4C206050
:102CC000D2F884000023C2F8843080F3118802F126
:102CD000300090E8F01F8CF3098802F1000004B581
:102CE00005F09FF8BDE8044070470000E44700206D
:102CF00004ED00E00C4700201EF0040F0CBFEFF3C2
:102D00000880EFF30980816911F8021C0229FFD0C5
:102D100001B5724605F072F801BD00BF00B200288F
:102D200007DB01234109034A00F01F00834042F8FA
:102D30002130704700E100E000B200280CDB0122E6
:102D40000649430900F01F008240203341F8232048
:102D5000BFF34F8FBFF36F8F704700BF00E100E0FC
:102D6000054B420953F82220012300F01F0003FA0B
:102D700000F01040704700BF00E100E000B2002802
:102D800001F10101ACBF00F16040064B4FEA411177
:102D9000C9B2ABBF00F5614000F00F0080F800132E
:102DA0001954704714ED00E0044B054A23F07F03EB
:102DB0009360BFF34F8FBFF36F8F70470000000029
:102DC00000ED00E008B5FFF7EFFF074AD2F88830C2
:102DD00023F47003C2F88830FFF7F4FBFFF7FEFB23
:102DE00000F046F802F0AAF800ED00E042F8203CBE
:102DF000009B0B4942F81C3C019B21F0010142F869
:102E0000183C029B42F8081C42F8143C4FF08073B7
:102E100042F8043C0023203A0265C0F88430704731
:102E20009517000000B50D4B15469860D0F880202E
:102E30000B4B0E461A60036F83F30B882C4686F308
:102E400009880020034B98472046002100220023D8
:102E5000014C2047317E000095170000E447002018
:102E60000C4700201022014B1A61704700ED00E072
:102E70000023202040F20F1210B5044CE11801335A
:102E8000934281F80003F9D110BD00BF00E100E0DA
:102E900008B5EFF30583064A103B02EBC30152F875
:102EA000330049688847BDE80840FFF733BC00BFDE
:102EB000DC9100001FB5094C094A2346012109484D
:102EC00000F012F900230393074B0121E41A01A833
:102ED0000193029400F012F904B010BD00F002203A
:102EE00000000020F09B0000B823002010B50C7AF1
:102EF0000B6804F01F0223F01F031A43CB68640918
:102F000023F01F03054943EA440343F00103C1F8DA
:102F10009800C1F89C20C1F8A03010BD00ED00E081
:102F200010B50A4BD3F89030C3F30723013B984206
:102F300008D901210346064A064804F0D0FE6FF086
:102F4000150010BDFFF7D2FFFBE700BF00ED00E06A
:102F5000F6AC0000E89A00002DE9F04F89461446CF
:102F600006464FF00008514D85B0C84527DAD6F81F
:102F700004A0BAF1000F44D0BAF11F0F17D91AF00C
:102F80001F0F14D1D6F800B01BF01F0F0FD15846F9
:102F900004F071FF07460AEB0B00013804F06BFFE9
:102FA000874210D06FF01507414A3B4601E0434687
:102FB000404A0121404804F092FE6FF0150420467B
:102FC00005B0BDE8F08F17F1160FEDD0BC42EBDD78
:102FD000C5F89870D5F89C10C5F89870D5F8A03051
:102FE00021F01F0143F01F0BD6E900321A44994229
:102FF00002F1FF3A1DD1D34507D13146F8B204F0B2
:1030000043FF08F101080C36AFE73146C5F8987068
:10301000D5F89C3022F01F0203F01F031343C5F8BC
:103020009C30E0B204F030FF10F1160FC5D0441C04
:10303000E7E7C5F89870D5F8A020013B23F01F03FF
:1030400002F01F021343D3453146E0B2C5F8A03069
:10305000E8D004F019FF10F1160FAED0C5F8987043
:10306000D5F89C209DF808300BF1FF3B62F3040378
:103070008DF80830D5F8A0309DF808205B0863F380
:1030800047128DF80820D6E900321344009323F04C
:103090001F035B44A3EB0A03013023F01F036946BF
:1030A000C0B20393FFF73CFFBEE700BF00ED00E0B6
:1030B0003FAD00001CAD0000E89A00000522044B63
:1030C000C3F89420BFF34F8FBFF36F8F704700BFDB
:1030D00000ED00E0BFF35F8F0022024BC3F89420A5
:1030E000704700BF00ED00E010B5034C2278FFF7F9
:1030F00033FF207010BD00BF684E00202DE9F74F50
:10310000294D8A4606464FF00008AB46274FD0456A
:103110001BDAD6F80490B9F1000F3FD031680846A9
:10312000019104F0A8FE0199044609EB0100013861
:1031300004F0A1FE84424FF014021D4B08D002FBA4
:1031400008F36FF015024BF8032003B0BDE8F08FD1
:1031500014F1160F2C60F8D01978A142F5DD02FBAE
:1031600008B0C7F89840C7F89840D7F89C4000F1DD
:103170000801007B64F304000871D7F8A0000C7903
:10318000400860F347140C71D7F89C1021F01F0120
:103190006960D7F8A01021F01F01296108F101082A
:1031A00014350C36B3E700BF1047002000ED00E0F7
:1031B000684E0020F0B54149414CD1F89030256867
:1031C000C3F307239D4287B075D80020FFF782FF25
:1031D0003C4BC1F8C030854216D13B4C01A825704C
:1031E000FFF7DCF900250646384FAE4213D1002028
:1031F00023783249D1F89020C2F30722934254DB5E
:10320000FFF75CFF00202FE0616801EB0011FFF782
:103210006DFE0130DFE70199280101EB0513DA6843
:103220003A40B2F5001F21D0B2F5800F2BD0B2F595
:10323000801F38D15A689B680958013B22F01F0053
:1032400003440120844623F01F0340EA4C10CDE9DB
:1032500002218DF8100002A920780593FFF760FE87
:1032600000281DDA6FF0150007B0F0BD5A689B68A2
:103270000958013B22F01F0003444FF0020C0120CB
:1032800023F01F03E1E75A689B680958013B22F0CD
:103290001F0003444FF0000C062023F01F03D4E767
:1032A00023780133237001359FE7C1F89830C1F8C6
:1032B000A00001339EE74FF0FF30D5E700ED00E0BE
:1032C000FC9B0000AAFF4400684E00200000F0FFB5
:1032D000F0B587B007460E46144600211022684616
:1032E0001D4605F07AFE02238DF80230054B2A4672
:1032F00021466846CDE90476019303F025FD07B029
:10330000F0BD00BFBB7E000008B5024B1B689847AC
:10331000002008BD24470020034B044A186093781E
:1033200043F0020393707047244700209821002047
:1033300008B50649064821F00701C1F1005202F51F
:103340003C3204F022F8002008BD00BFB76A00201C
:103350002847002008B5234A234B1A6000F05EF886
:103360004FF47A612148D0F82436C3F30802C3F33E
:1033700009434B4382F480721D49883201FB0233BA
:103380004FF4FA215B00B3FBF1F201FB1233194950
:10339000B3F57A3F28BF0132C1F80429D0F82036AE
:1033A0004FF47A60C3F30802C3F30943434342F284
:1033B0001C5082F4807202F2172200FB02334FF499
:1033C0007A701B0AB3FBF0F200FB1233B3F5FA7FFD
:1033D0004FF0010328BF0132C1F81C27C1F80036A5
:1033E000002008BD0020A107A422002000C0FF008B
:1033F000F82A00800000125048B1054B054A1B68AE
:10340000B3FBF2F35843044B43F0010318477047F2
:10341000A422002040420F00409B00000122024BEA
:10342000C3F80424704700BF002008E0084B70B5C3
:10343000C31A0D4607499B100446594340220648CB
:1034400004F04FFD2B4601462046BDE8704018476A
:1034500048470020B76DDBB63C910000402373B5B0
:103460000B4C0093041B0B460D460A49A410614304
:103470000646094A094804F05FFD011E05DA304698
:103480002B4602B0BDE87040184702B070BD00BFC7
:1034900048470020B76DDBB6A17F00003C910000DB
:1034A000F8B500220121054640F20510FFF766FC41
:1034B0000F4800F0A3FD0446B8B900F0BFFD2F6926
:1034C0000C49384604F0D9FA031E09DB01263E6494
:1034D0002D69084905F11C0004F0CFFA031E02DA39
:1034E0001C462046F8BDEE64FBE76FF00404F8E7E5
:1034F000C17F0000249C00001FB500220123CDE9FC
:1035000002236B46084ACDF800D0CDF804D004F071
:1035100040FD002805DB43F609520023684601F010
:1035200071FE05B05DF804FBB37F000010B5EFF34A
:103530001184202383F31288BFF36F8F074A136827
:1035400023F00201DB07116002D4012004F08AFE9F
:1035500084F31188BFF36F8F10BD00BF9847002020
:103560000C22104B014602FB0033002030B4D3E99B
:103570000E529863EFF31180202484F31288BFF376
:103580006F8F1C6C04F0C00444F002041C6480F3D0
:103590001188BFF36F8F1DB12B4630BC024818470E
:1035A00030BC7047484700203C91000010B4EFF356
:1035B0001182202383F31288BFF36F8F16480168AE
:1035C00041F002040460C80707D482F31188BFF3F6
:1035D0006F8F012010BC04F03DBE1049D1F80C14CF
:1035E000C903F2D5EFF3118083F31288BFF36F8F15
:1035F0000B490B6C03F0C00343F002030B6480F330
:103600001188BFF36F8F82F31188BFF36F8F002093
:1036100010BCFFF7A5BF00BF9847002000E0105086
:10362000484700202DE9F041012207463449D1E8FE
:10363000EF3FC1E8E02F0028F9D133B931493248D2
:103640004B60CB608A6004F02BFA7B1E012B28D8DC
:10365000012F06D12D4BD3F8503403F00303012B77
:103660001FD005F0F8F80546E8B9294B1B78D3B10F
:1036700004220646254BC3F80823244CDFF8948027
:10368000D4F84C24D4F84C34D20315D503F00303FA
:10369000012B01D0012F0FD165B386F31188BFF341
:1036A0006F8FBDE8F081EFF31186202383F312883A
:1036B000BFF36F8F0125E0E7BDB1304604F0CCFBCE
:1036C000D4F8403413F0FF03DAD1D4F80821002AEB
:1036D000D6D0C4F80831D4F8083120220123C4F828
:1036E0004034C8F8A0212361CAE70021202002F05D
:1036F0008DF8E5E70422054BC3F80423D1E700BFAA
:1037000044470020344700206447002000E0105068
:103710006C4E002000E100E010B5044C2046FEF79E
:1037200033F82046FFF7F8FD002010BD31370000C8
:1037300073B5044603250F4E8DF8070001220020C3
:103740000DF1070101F090FA20B1012333702046FA
:1037500002B070BD3378002BF9D0013D08D005F0E0
:103760007AF80028EAD100213F2002F04FF8E5E77F
:103770003570ECE7694E00202DE9F04340F2063544
:103780004768D00648BF4FF0030C3B7C02EA0505B2
:1037900058BFC2F3401C87B001F01F06B5F5837F08
:1037A000144646EA43168DF803C046D00DD8062DC0
:1037B00045D005D8A5B1022D12D06FF0150039E023
:1037C000B5F5807FF9D101250AE040F20222954249
:1037D00037D0B5F5407F36D0B5F5007FEDD1042563
:1037E0000123220303FA01F12FD57B685960B868E1
:1037F00080BB5F2E06F01F034FEA561173D83C4A78
:1038000052F8212084F4803102EB8302D2F8803018
:10381000C1F30041C4F3404423F4706344EA41041B
:1038200023F00F031C4344EA8C0444EA0524C2F845
:103830008040002007B0BDE8F0830925D0E70825C7
:10384000CEE70625CCE70525CAE7630344BF7B68BE
:103850009960CCE731460DF1020204F0DDFE14F46C
:10386000403F80460CD13146B86804F0EEFEB8F116
:10387000000FDED19DF80210B86800F071FED8E7A5
:103880004FF0000901ABCDE90199CDE90439CDF83C
:103890000C903146B86803AA04F002FE4845C8DB24
:1038A00014F4003314D09DF8033084F48034C4F34E
:1038B00000448DF80E308DF80C508DF80D404B46BD
:1038C0003146B86803AA00F099FD0028CFDAB0E7C6
:1038D000CDE904330DF1030303933146B86803AA1D
:1038E00004F0DEFDF1E7203350F82330FFDE00BFA7
:1038F000489C00004209022A034670B503D0012A01
:1039000018D0CAB170BD0E4E326951680029F9D085
:10391000012503F01F030C689D400029F2D08A683E
:103920002A4002D030464B6898473CB12368214674
:103930001C46F2E7034EE7E7034EE5E72346F6E7CA
:103940009C9100007C9100005C91000038B54568B6
:10395000A868C0B104F073FE0146A0B9A86800F0E1
:10396000C7FD044688B902460949A86804F051FE1B
:1039700022460121DB20FFF701FA2246012140F215
:103980000D10FFF7FBF9002038BD6FF00400FBE7D6
:10399000F5380000F0B545681646A8682A7C01F0A5
:1039A0001F0487B044EA4214002868D0B6F5001F0F
:1039B00004D1214604F09DFE002051E00020B6F520
:1039C000800F01AA0190506039D1B3F1007F14BF7C
:1039D000052304238DF804300023CDE90423039349
:1039E000EB680DF1030723FA01F111F0010139D160
:1039F000B6F1A07F36D104F01F035F2C4FEA5410BC
:103A000003F120033ED8214A52F8202052F82330F7
:103A1000DB0727D43A462146A86804F0FDFD16309E
:103A200018D002972146A86803AA04F039FD00289F
:103A300016DB01222146A86804F009FEBCE7B3F1B9
:103A4000C06F05D0B3F1007F14BF01230223C1E78B
:103A50000323BFE73946A86800F08CFD0028E0DAB0
:103A600007B0F0BD3A462146A86804F0D5FD00280D
:103A7000D8D19DF80310A86800F072FDD2E76FF06E
:103A80008500EDE751F82330FFDE00BF489C0000C1
:103A9000036803F01F025F2B02604FEA53129ABFC4
:103AA000024B53F822000020704700BF909C00009A
:103AB0002DE9F04F1546074640F2FF19DFF868A1DF
:103AC000DFF868B185B000EB8101B94203D1002075
:103AD00005B0BDE8F08F3A68C2F3C323082BC2F3E8
:103AE000080400F29E804C4508BF4FF0FF34B2F14D
:103AF000D05F1AF803804FEA126310D2192B12D844
:103B0000DFE803F014226461292F611111111111F2
:103B10001111111111111111111167717477382BD5
:103B20006AD04E2B52D06FF08500D1E7C5F804461D
:103B3000601C14D0012603A80394FFF7A9FF039B80
:103B400006FA03F3436004E0C5F80C46621C06D095
:103B50000026324613E0631CC5F800465FD10437E7
:103B6000B3E7661CC5F80446F9D0012603A8039400
:103B7000FFF78EFF0122039B02FA03F383603B6889
:103B8000039403F40040002818BF002203A818BFC4
:103B9000012601930092FFF77BFF039C019B00EB42
:103BA0008400D0F88040C3F3412C009A4FEA0823E8
:103BB00043EA8C03134304EA0B04234343EA46031A
:103BC000C0F88030CBE7C5F80846BFE7C5F8104617
:103BD000AEE7C5F86045621C3B68C0D0C3F3004344
:103BE000002BC2D0A6E7C5F86445F4E7C5F86845E0
:103BF000F1E7C5F86C45EEE703A80394FFF748FF2B
:103C0000039B00EB8300D0F8803023F0E04343F0C7
:103C10008043C0F88030631CA1D0012699E70026BC
:103C2000A4E76FF0150053E7C9AD0000F0F0FCFF0A
:103C30002DE9F04104460D46476804F00CFEA0B99A
:103C4000274B1B788BB14FF02008642663681B68F4
:103C5000D3F830318BBB012004F0C5FA013EF5D119
:103C60000021202001F0D2FDEFE72021EFF31183A6
:103C70001A4681F31288BFF36F8F60680068D0F82E
:103C8000300120B983F31188BFF36F8FEEE77B6AB1
:103C900000201D706368796A1B68C3F83C17012116
:103CA000C3F84017C3F83001D3F83001196582F327
:103CB0001188BFF36F8FBDE8F081EFF311831A46CF
:103CC00088F31288BFF36F8F61680968D1F83011EB
:103CD0000029DCD183F31188BFF36F8FC0E700BFE9
:103CE0006C4E002070B40D4CD4E90065901B63EB62
:103CF0000501400940EAC1604101891945EBD065E1
:103D0000C4E90015002400250549C1E90023054B3D
:103D1000C3E9004570BC01F0B5BF00BFA844002056
:103D200090440020A044002008B500220121E42096
:103D3000FFF724F8164A0020D2F8183723F440334E
:103D4000C2F8183700F048FD002820DB0120114997
:103D500000F0CEFD00281ADB00F018FD0E4B20F01D
:103D60001F00C3E900010D4B0022C3E900014FF021
:103D7000FF304FF0FF310A4BC3E90001094B0A49FC
:103D8000187A00F013FD67220020084B1A6008BD66
:103D900000200E50A0220020A844002088440020CB
:103DA0009044002098220020E53C0000C8470020F5
:103DB00008B500F0EBFC064AD2E90032C01A054B08
:103DC00061EB0201C3E90001400940EAC16008BD9E
:103DD000A8440020A0440020F7B5224B0146224F02
:103DE000187A224BD7E90056D3E900239E4208BF38
:103DF000954211D1B1F1806F0ED24901012938BF2E
:103E0000012101224D1946F10006C7E9005603B011
:103E1000BDE8F04000F004BE154BDFF858C0D3E910
:103E20000043DCE9002CA41843EB0C0C4FF0200EEF
:103E300022466346C1FB0E23954276EB0301C7E998
:103E400000230DD2291B66EB0C04C82974F1000471
:103E5000B4BF01210021009100F0AAFD03B0F0BD24
:103E60000021F8E798220020984400209044002088
:103E7000A8440020A0440020064BD3F840231C2A6D
:103E800005D1D3F84403431E5842584170470020DF
:103E9000704700BF00C0FF0003689A070CD5036895
:103EA000DB070DD50922074BC3F80C250F22C3F8F9
:103EB000042501221A60FEE7034B0360EF3B036019
:103EC000704700BF00801050F000FA5008B5012381
:103ED0003C4A3D48C2F800383C4AD2F840231C2AEC
:103EE00004BF3B4AC2F80C34FFF7D6FF0830FFF797
:103EF000D3FF0830FFF7D0FF0830FFF7CDFF00F504
:103F0000F470FFF7C9FF334AD2F88C3043F44063B2
:103F1000C2F88C300022D30003F57F0303F5404341
:103F2000D3F8001401310AD0D3F8001439B1D3F812
:103F300000140132D3F80434402A0B60EBD1214B3A
:103F4000D3F84024002A38D0FFF796FF48B11F4B22
:103F5000D3F83423204B9A429EBF1A4B1F4AC3F812
:103F60004026FFF789FF18B11D4B1E4AC3F8AC2746
:103F7000FFF782FF48B13422124BC3F82426D3F84E
:103F80003C2622F40022C3F83C26174B1149D3F8F3
:103F90000026D20744BF6FF00102C3F800260323B6
:103FA000124AC2F81835D1F88C3043F44063C1F896
:103FB0008C300023C2F8A03508BDC822C3F84024C5
:103FC000C2E700BF0000125000C50D5000C0FF0046
:103FD0000030055000ED00E0001D0A1840E0A91E69
:103FE00000A0085078000A0400E0105000B004500F
:103FF000014B1B68184700BFCC47002010B50C4C84
:10400000237993B9012323710A4B0028206018BF3C
:10401000184600F0F3F850B923680748002B08BF92
:104020001846BDE8104000F035B86FF0770010BDBD
:10403000CC470020F13F00005182000008B5074B3B
:104040001B6853B140F20510FEF78AFE28B9BDE89F
:10405000084040F20510FEF761BE08BDCC470020C5
:1040600038B504230A4C42F21075C4F80833012312
:1040700063610023C4F80831D4F80831D4F84C3413
:10408000DB0304D5012004F0AEF8013DF6D138BDC4
:1040900000E01050064A13793BB9012110601171FC
:1040A000044A1846C2F8403470476FF077007047F2
:1040B000D447002000E0105010B51D4B1D4CD3F824
:1040C0004C14D3F84C2411F4803F18D002F00302B2
:1040D000012A03D00AB1FFF7C3FF0022144BC3F833
:1040E00040240022C3F80821D3F8082101221A61D4
:1040F000226872B9D3F80821002AFBD011E0D3F866
:104100004824D107E9D5D3F850249207E3D4226894
:104110001AB10422C3F8042310BDD3F80821002AE1
:10412000FBD00022C3F80821D3F80831F4E700BF20
:1041300000E01050D4470020F8B50125184C194E66
:10414000D4F80C3303F00C0303B9F8BDB3FA83F3CE
:104150000027C3F11F039A0002F5807292B202F1A8
:10416000A04202F58712176005FA03F1022B1268CC
:10417000D8B2C4F8081310D1D4F84C34D4F84C3465
:104180009B070AD10423C4F84054C4F804332561C2
:10419000D4F80C3303F00C03D6E733689847F7E7FD
:1041A00000E01050D4470020712238B5104B002198
:1041B000C3F80823012242F210745A60C3F80011B8
:1041C000D3F800110B490A4DD1F840131C2908BF40
:1041D000DA60D5F80C3413F4803305D0012004F0F4
:1041E00002F8013CF5D138BD034A5371FBE700BF2B
:1041F00000E0105000C0FF00DC470020054B0246E5
:10420000187918B91A6001221A7170476FF0770097
:10421000704700BFDC4700200022164BC3F8102176
:10422000D3F81011C3F81821D3F81811C3F81421CA
:10423000D3F814111049D1F840131C2904BF0121EF
:104240009960C3F80021D3F8002101221A600B4ABB
:10425000126852B9074BD3F80021002AFBD0002284
:10426000C3F80021D3F8003170477122C3F804234A
:10427000704700BF00E0105000C0FF00DC47002086
:10428000F8B50126194C1A4DD4F80C3303F071031C
:1042900003B9F8BDB3FA83F30021C3F11F039A00F9
:1042A00002F5807292B202F1A04202F5871211600B
:1042B00006FA03F7042B1268D8B2C4F8087308D0C2
:1042C000062B10D02B689847D4F80C3303F07103F9
:1042D000DEE702236B71C4F81411D4F814312023E3
:1042E000C4F80433EEE76971ECE700BF00E010505A
:1042F000DC470020036803F01F025F2B02604FEAD7
:1043000053129ABF024B53F822000020704700BF9F
:10431000049D0000034A4309D35C00F01F001844C9
:10432000C0B27047EDAD0000F0B50646002487B07E
:10433000114F019117F8012B06AB03EBD20313F8D1
:10434000143C02F00702D34013F0010306D10134FC
:10435000032CEFD10023184607B0F0BD074A03AD88
:1043600007CA85E8070055F824100A6A46F8242091
:104370000A62002AEBD0EEE7FDAD0000209B0000B2
:10438000F7B504460846FFF7C5FF06B204EB46063C
:10439000B38A0D46DB072BD5204604F05EF829468C
:1043A000204603F0CAFF58B1204603F0DCFF00228C
:1043B000276800B207EB8003C3F81025C3F8102567
:1043C0002946204603F0F8FF002101A8B18201959B
:1043D000FFF790FF019B00EB8300D0F88020064B95
:1043E000134043F00203C0F88030084603B0F0BD2C
:1043F0006FF01500FAE700BFF0F0FCFF2DE9F04385
:10440000044685B0084616461D46FFF783FF0F4653
:10441000804636B3204603F09BFF18B9204603F0D0
:104420008CFF28BB0FFA88F904EB4909B9F814305E
:1044300013F01C0F02D07378012B19D001238DF8D3
:104440000F3000233846CDE90063721CB31C0DF118
:104450000F0103F01AFFB9F8143043F00303A9F871
:104460001430002D40D03946204603F071FF20B9AA
:104470006FF0150005B0BDE8F083002229782368AD
:104480004FEA810C03EB8103C3F81025C3F8102514
:104490000FFA88F204EB4202938A23F4604323F07C
:1044A000200393826E78FEB12468A8786444D4F81F
:1044B00010550E4B36042B40C4F8103541F6F073FE
:1044C00006F4403603EA07130005D4F810553343C9
:1044D00000F4801003432B43C4F81035938A43EA59
:1044E000413343F0200393820020C3E70FE0ECFF49
:1044F00070B590F87440054690F8756044BB46224C
:104500002146143004F069FD2146134A2B6852F805
:1045100036608E4212D1002440F20D10C3F844419F
:10452000D3F844210D4A934208BFDB20FEF7F6FB87
:104530000123204685F874302B6670BDCAB2920004
:1045400002F58070442A04BF1C501A580131E0E77C
:104550006FF07700F1E700BF109D000000A00D5044
:1045600090F87500024B03EB800003F058BE00BFCB
:10457000A822002010B5064B90F875000C4603EBFE
:10458000800003F032FE0028A4BF2070002010BD80
:10459000A82200202DE9F04F814659F8043B8BB04A
:1045A000D3F8141390F8754000936C4BC9B241F4E2
:1045B0000031804653F83420009803F027FF810330
:1045C00005463AD50023CDE907330993634B07A885
:1045D00003EBC4035B6819460193FFF7A5FE0423B0
:1045E00003EBC40303934FF0000B5D4B0DF11C0A6A
:1045F0000293029A594912F8013B0292039A02EB84
:10460000D3028A5C03F0070322FA03F3DA071AD411
:104610000BF1010BBBF1030F0AF1040AE9D14FF4CE
:1046200000310022009803F0F1FE019907A8FFF77E
:104630007BFE0028D7D125F400350124002D75D14B
:104640000BB0BDE8F08F474B5B440493DAF80010E1
:104650000029DDD091FAA1F1B1FA81F1049B1C7817
:1046600041EA44142046FFF755FE08EB4000878AD4
:10467000C808BB08059301231AF8002001F00701C0
:1046800003FA01F122EA01020AF8002006A80694C2
:10469000FFF730FE069A059B203250F82220C7F320
:1046A00082065B073746C2F3014223D54846D6B29D
:1046B00021463A4603F061FE06A80694FFF71AFE6B
:1046C000069B203350F82330C3F301439E4207D1A9
:1046D0000021204603F022FE3146204603F01EFE54
:1046E00006A80694FFF706FE0122069B02FA03F3D2
:1046F0000362ABE7022A0DD10321204603F00EFE30
:1047000006F00503012BEBD13A462146484603F05B
:1047100034FEE5E702212046059203F0FFFD032E5B
:10472000F2D0059A032ADBD1022EECE795FAA5F325
:10473000B3FA83F3009904FA03F225EA020503F5BC
:10474000A27251F8222008EB43034846B3F86410E4
:10475000C2F3014203F011FE70E700BF109D00009C
:10476000FDAD0000FDAD0000074B027AD3F8101537
:1047700021F001010A43C3F810250268C3F8A426FA
:104780004268C3F8AC26704700200E504FF0FF324D
:104790006FF0404330B5044CD4E90001824273EB22
:1047A0000105F9D330BD00BF40270E5030B50C25B0
:1047B000074B1C1894F8544005FB0433C3E903125B
:1047C00018750123034A8340C2F8243330BD00BF6B
:1047D0000021002000200E50F0B53D4D85B02C7812
:1047E000002C6FD13B4A01AB07CA83E807003A4966
:1047F0001846D1F8102522F00202C1F81025FFF763
:10480000B3FF0723672202F001012144013BCCB230
:104810004FEA5202F7D1052C57D119464FF0010C3F
:104820002B4E00246720CFB204E00CFA02F220EAFB
:104830000200013490FAA0F25FFA84FEBE45B2FA9B
:1048400082F2F2D30131327505292A4482F854707C
:1048500006F10C06E5D10121002420489A0801FA4E
:1048600002F212F0670F18BF1C500433302BF5D141
:10487000E420FEF753FA184B1949D3F8102503F535
:10488000C07322F00202C3F8902340F6FF72C3F80F
:10489000A82100221A60A3F5807004338B420260C5
:1048A000F8D101240C4B0F4A1C660F4B5D201B688E
:1048B000B3FBF2F358430D4B2343984700202C7071
:1048C00005B0F0BD6FF07700FAE76FF08B00F7E707
:1048D000002100202C9B000000200E5000210E50D3
:1048E000B0210E5040420F00A4220020509B000037
:1048F00073B52B4C0546636801A803F001030E460F
:10490000019303F072FC00283FDB00232075337015
:10491000636823F001036360A36843F00103A360AD
:10492000204BD3F81025900733D4D3F8102542F04C
:104930000202C3F81025C5B1D3F8482712F00102CE
:1049400002BFD3F8481741F00101C3F84817154BCF
:10495000D3F84017D3F844174900F9D42AB9D3F84B
:10496000482722F00102C3F848270F4B0F4A1B6863
:10497000B3FBF2F30B4A03EB43136BB1D2F84017CE
:10498000D2F8440710F0804001D102B070BD013B65
:10499000F3E76FF07700F8E76FF07300F5E700BF1B
:1049A0000021002000200E50A422002040420F00D1
:1049B00070B51D461446184A9DF81060131893F8F8
:1049C000543000B20C3302EBC30142F833404D6067
:1049D000C5F31301AEB10201104E02F1A04202F57F
:1049E00062228000C2F820450644C2F824153368CC
:1049F00033B1FFF7CBFEA042A94101D200233360BF
:104A000070BD030103F1A04303F56223C3F8204501
:104A1000C3F82415F4E700BF0021002000210E5048
:104A2000F0B50E4D2B1893F8543000010C3355F8A7
:104A3000334005EBC3077E68641800F1A04021F005
:104A4000004146F1000641EAC27100F5622045F8D6
:104A500033407E60C0F82815F0BD00BF0021002063
:104A6000F7B5284B284CD3F82C6304F188070EB90E
:104A700003B0F0BD96FAA6F00123B0FA80F08340AF
:104A8000DA43224926EA0306231893F85450830098
:104A900019440C2303FB0543DB6873B3D7E8EF3FEE
:104AA00003EA020CC7E8EECFBEF1000FF6D1C34017
:104AB000DB0719D5020102F1A04202F56222D2F809
:104AC0002435D2F82025D1F800C0BCF1000FCED09B
:104AD0004FF0000CC1F800C00C2101FB054529690D
:104AE0000091E9688847C2E705F10C0304EBC30CA9
:104AF00054F83320DCF80430E5E70A68002AB6D021
:104B00000B60B4E700200E500021002000210E5061
:104B1000044B40EA0120C3F80005D3F80024D20773
:104B2000FBD5704700B0045008B5124BA8220021F5
:104B3000184604F052FA03220F49026142610F4AFB
:104B40008161C2614FF400520262002282624262BD
:104B5000C26201660A49034641661021816609491D
:104B60000267C266426711F8010D98540132102A9B
:104B7000F9D108BD5020002000AE000050000020F8
:104B80004000002019AE00002DE9F84F1826DFF88C
:104B90007C80074606FB008E00FB0666DEF824409C
:104BA000DEF828C046447368A4458946154603EBE1
:104BB000040022D8DEF820B0ABEB040A0AF1FF3380
:104BC0009A4203D804F0FCF92C440FE063449A4263
:104BD00019D852462C4404F0F3F9B4EB0B0405D079
:104BE0002246706809EB0A0104F0EAF91823012053
:104BF00003FB07835C62BDE8F88F0CF1FF3CACEB74
:104C0000040C9445DED20020F5E700BF50200020C0
:104C1000F8B5182700FB0775124B0E461D4407FB1D
:104C20000033DB6A1446012B0AD0022B14D023B9BF
:104C3000284603F063FD844208D900242046F8BDCD
:104C4000284603F05BFD844228BF044622463146D5
:104C5000284603F05CFDF1E72846BDE8F84003F084
:104C600071BD00BF50200020F8B50B4B04461B78E7
:104C70000E46532B174601D0FFF756FF03F090FD69
:104C80003A46054631462046FFF7C2FF044628460D
:104C900003F08EFD2046F8BD502000201822034B63
:104CA00002FB00339A6A586A801A7047502000202D
:104CB000002310B4074A0849C85C12F8014D844229
:104CC00004D10133102BF7D110BC704710BCFFF793
:104CD0002BBF00BF19AE00005020002010B50446C5
:104CE000FDF74AF803480121034A02F0EFFF20468E
:104CF00003F08AFDF09A00001AAE00002DE9F84397
:104D000004460D4600AFEFF31188202383F3128889
:104D1000BFF36F8F0428294A98BF294BE9468AB010
:104D20009668117C98BF53F820306A4688BF254B9F
:104D3000C2E9073140F2013323489384234BC2E98F
:104D4000050442F8103F00234FF431512048FDF78D
:104D5000E3F8CD4645B1EB69C3F3080323B1012164
:104D60001C4A1B4802F0B2FF2EB1304603F07CFD16
:104D700008B1037803B91848E9468AB06A46174B68
:104D8000D061C2E9053640F201331384144B42F876
:104D9000103F00234FF411510D48FDF7BDF829468F
:104DA000CD462046FFF79AFF88F31188BFF36F8F37
:104DB0003046FDF757FFBD46BDE8F883E4470020C5
:104DC000209D000029AE00003FAE0000050000015C
:104DD000F09A000067AE000037AE000088AE000019
:104DE0000400000138B50A4B53F82040013053F855
:104DF0002050A54200D838BD606830B1037FDB0782
:104E000001D403F0DEFC0834F3E723689847FAE79F
:104E1000349D0000012270B5294B032086B01A7022
:104E2000FFF7E0FFFDF7C0FB0420FFF7DBFF254C99
:104E3000254D2646AE4204F1300410D300F016FC96
:104E4000204C224EAC4226D300F024FCFBF740FD60
:104E50001F4A137B23F00103137306B070BD54F88F
:104E60000C3C059354F8103C049354F8143C039301
:104E700054F8183C029354F81C3C019354F8203C1D
:104E8000009354E90A2354E90C0100F0E1F954F8C5
:104E9000303C5E65CDE7D4E90A23B3F1FF3F08BF9C
:104EA000B2F1FF3F05D052EA0301206803D100F0C0
:104EB000DBFC3034C6E73146183000F053FEF8E72B
:104EC0006C4E0020549A0000549A0000678900003C
:104ED00040450020902370B5134E012203FB00666D
:104EE000002386B0CDE904230F220193CDE90232DD
:104EF00014234FF4A0720D4D0D4903FB00550446D9
:104F000002FB00110B4B3046009500F0A1F9737BBA
:104F10002C7423F004037373074B013403EBC42395
:104F2000EE606B6006B070BDB0440020E447002026
:104F3000705900201988000070510020BFB5002072
:104F4000FFF750FF294B03F5006282F3088883F3D3
:104F50000A880024E023264D264F85F82230EC777E
:104F60002C766C76AC7685F820406B6A43F4E023AF
:104F70006B6285F82340FDF7F3FDFDF773FF4FF0FB
:104F8000FF33AB62EB62FEF715F9FDF793FFFCF719
:104F900051FE194800F0C8F90120FFF723FF022055
:104FA000164DFFF71FFF00F0A9FB154B15495D617A
:104FB000154B4FF48052059301232846CDE9034356
:104FC000CDE901443B46009400F042F906466A7B75
:104FD000284622F004026A7303F082FC2046FFF7A1
:104FE00079FF3A4631462846FDF71CFF70510020F4
:104FF00000ED00E0154E0000D045002040450020A7
:10500000E4470020B05A0020EAAE00002DE9F34149
:10501000044617461E46EFF31188202383F31288B7
:10502000BFF36F8FC368334A7BB180689168884251
:1050300019D057EA060318D188F31188BFF36F8F90
:105040006FF00F0002B0BDE8F081916891F90E1089
:105050000133E36093682161A36088F31188BFF393
:105060006F8F0020EEE72169F2E791F90E1090F9B9
:105070000E306FF07E029942A8BF19469142B8BF28
:1050800011468B422DDD03F0D2FB054622464146F8
:10509000CDE90076184800F02FFA0028E1D0EFF3B0
:1050A0001186202383F31288BFF36F8FA068D0B1DD
:1050B000236821699C420AD04BB193F90E30994282
:1050C000A8BF19466FF07E039942B8BF194603F096
:1050D000AEFB40B13146084800F0A2FA6FF00A007A
:1050E000B0E70025D2E7002DF4D186F31188BFF395
:1050F0006F8FF3E7E44700206D4E0020F8B583681A
:105100000546002B40D0234A926893423FD1C368A2
:10511000012B03D9013BC3600020F8BDEFF31187D9
:10512000202383F31288BFF36F8F0169806803F037
:105130007EFB2C68AC4207D10023C5E9023387F31C
:105140001188BFF36F8FE7E7002CF5D0D4E9003268
:10515000002613605A60637BC4E9006623F00203F3
:105160006373A66004F1180003F05DFCAC6094F971
:105170000E3020462B61C4F8886003F0B1FB39463D
:10518000054800F04DFAC7E76FF01500C5E74FF08E
:10519000FF30C2E7E44700206D4E002070B5EFF30A
:1051A0001186202383F31288BFF36F8F0468A04217
:1051B0001BD0D4B1D4E90032002513605A60637B60
:1051C000C4E9005523F002036373A56004F11800DD
:1051D00003F029FC2046C4F8885003F081FB3146D7
:1051E000BDE87040064800F01BBAD0E902329A428E
:1051F00018BF0133836086F31188BFF36F8F70BDD2
:105200006D4E002013B5EFF31181202484F3128832
:10521000BFF36F8F846844B1013C846081F31188CF
:10522000BFF36F8F002002B010BD52EA030406D115
:1052300081F31188BFF36F8F6FF00F00F3E7CDE9B3
:1052400000230246014800F057F9ECE76D4E0020BC
:105250002DE9F043984685B000F15803C0E91633B4
:10526000109B002503730423073222F007064373C3
:105270000F9B01EB06090F4683734946C0E90655AB
:105280008560C5730446FDF725FA0E9B073020F0B4
:105290000700A067C4E91C7602930D9BA9EB0009E7
:1052A00001930C9B4A460093394643462046FDF73E
:1052B0009DFD064B65659B6884F86C5003B1DB6F00
:1052C0004846E36705B0BDE8F08300BFE44700202F
:1052D000F0B5002587B00595109DDDE9127604959F
:1052E0000F9D044603950E9D02950D9D01950C9D05
:1052F0000095FFF7ADFFB6F1FF3F08BFB7F1FF3FE5
:1053000005D056EA070305D1204600F0ADFA204645
:1053100007B0F0BD3A46334604F11800014900F0E9
:1053200021FCF4E76789000040F201138381002328
:10533000C0E91C33C367014B98607047E447002005
:105340006FF00A01094A9368C3F888100849C3F846
:1053500084004B6843F080534B60002383F3118833
:10536000BFF36F8F9368D3F888007047E44700203D
:1053700000ED00E070B590F90D20437B002A36DB8C
:10538000D90634D11B4C63F07F032246437352F895
:10539000183FE169934207D1C0E900210860E0614C
:1053A00011E09942F8D01B68002BF5D090F90E500F
:1053B00093F90E60B542F4D0AE42F2DD5968C0E90F
:1053C000003108605860A569954200D005B9E568CC
:1053D000A3685A7BD20604D1DA897F2A01D9AA6947
:1053E00032B1AB4202D0284600F036FB656170BD99
:1053F0006361FCE7E447002038B590F90D200146D1
:10540000002A437B04DA03F07F03437303F02EFA90
:105410000D4D2A4652F8184FAB68944200D004B99B
:10542000EC688B4207D05A7BD20604D1DA897F2AF6
:1054300001D9A2692AB1A34202D0204600F00CFB98
:1054400023466B6138BD00BFE4470020B3F1FF3F46
:1054500008BFB2F1FF3F03D00249183000F082BB11
:10546000704700BF6789000070B590F90D200146B4
:10547000002A437B04DA03F07F03437303F0F6F959
:105480001C4C4B7B224663F07F034B7352F8183F52
:10549000E069934207D1C1E900200160E16111E0B8
:1054A0009842F8D01B68002BF5D091F90E5093F973
:1054B0000E60B542F4D0AE42F2DD5868C1E900306A
:1054C00001605960A569A368954200D005B9E568F7
:1054D0008B4207D05A7BD20604D1DA897F2A01D9C0
:1054E000AA692AB1AB4202D0284600F0B5FA2B4691
:1054F000636170BDE4470020F8B5DDE906670D4B38
:105500000C46986811460C4A1060EFF31182202275
:1055100082F31288BFF36F8F9D68284603F0B8F9B5
:10552000284632463B46FFF791FF2046BDE8F8404B
:10553000FFF706BFE447002004480020F8B5044602
:10554000EFF31187202383F31288BFF36F8F437B20
:1055500049B203F01F02002A0CBF0126002639D1F0
:1055600003F07F032D4D437303F080F92A46437BFC
:10557000817363F07F03437352F8183F934227D13E
:10558000E869C4E900200460EC610FE09842F8D0BB
:105590001B68002BF5D093F90EC06145F6D08C4501
:1055A000F4DD5968C4E900310C605C60AC69944278
:1055B00000D004B9EC68AB689C4202D0204600F0F1
:1055C0004BFA6C6187F31188BFF36F8F3046F8BDDB
:1055D000E869DEE79B071ED5856803F047F981730C
:1055E0002B689D4209D16B68C4E900531C606C6054
:1055F000E8E76A689342F6D01B68002BF3D093F972
:105600000E209142F5D08A42F3DD5A68C4E9003297
:1056100014605C60D6E78173D4E700BFE4470020E4
:1056200049B9EFF3058030B9054B5A699B689A4236
:1056300001D0FFF785BE81F31188BFF36F8F7047EC
:10564000E4470020034648B9EFF3058232B9064A21
:1056500051699268914201D0FFF772BE83F31188BD
:10566000BFF36F8F704700BFE4470020EFF3118155
:10567000202383F31288BFF36F8F054B9A68D37B87
:10568000013BD37381F31188BFF36F8F704700BF65
:10569000E447002070B5EFF31186202383F31288CE
:1056A000BFF36F8F144DAB68DA7B0132DA732A4691
:1056B00052F8184F944200D004B9EC685A7BD206D5
:1056C00004D1DA897F2A01D9A2692AB1A34202D082
:1056D000204600F0C1F923466B6186F31188BFF3C1
:1056E0006F8FEFF31180202383F31288BFF36F8F46
:1056F000BDE87040FFF7A6BFE4470020024B03F16E
:105700001802C3E906227047E447002070B5EFF3A2
:105710001186202383F31288BFF36F8F1B4CA1687F
:10572000E0690B68814214BF1A46002249680B6089
:105730005960A368E1692AB9154AC3E900210B60E1
:10574000E3610CE093F90E0092F90E50A84218D0D4
:10575000854216DD5168C3E900210B605360A569DD
:105760000B4B9D4200D005B9E568A3689D4202D06D
:10577000284600F071F965613046BDE87040FFF7DA
:10578000DFBD8A42D8D01268D5E700BFE4470020C9
:10579000FC470020F8B550EA010306460C4603D149
:1057A000FFF7B4FF0020F8BDEFF31187202383F348
:1057B0001288BFF36F8F124D124BA8681860FFF765
:1057C0001BFEA868234632460F49183000F0CAF97C
:1057D000AA680446537B384643F004035373FFF72B
:1057E000AFFDAB68D3E90A23B3F1004F08BF002A2D
:1057F000D8D103F040F9201A20EAE070D3E700BFC7
:10580000E4470020044800206789000038B50446BA
:105810000D46FFF7BFFFB5F1FF3F08BFB4F1FF3FF3
:105820000246204618D000234FF47A7447F6112020
:105830001946C2FB040147F61222904271F10002A0
:105840000BD3084B834243F608538B4107D347F6EB
:1058500012220023FAF712FE38BD1846FCE76FF05B
:105860000040F9E7ED85FFFF38B50446EFF31185F9
:10587000202383F31288BFF36F8F437B5B070FD521
:10588000183003F0D0F8637B204623F004036373E1
:10589000FFF770FD2946BDE838400448FFF7C0BE59
:1058A00085F31188BFF36F8F38BD00BF6D4E0020A8
:1058B000014B9868704700BFE44700202DE9F8438A
:1058C0000446077BEFF31185202383F31288BFF38F
:1058D0006F8F437B190705D585F31188BFF36F8F51
:1058E000BDE8F883D90943F008025DD14273A3688B
:1058F00013B1204602F0C2FF04F1180003F093F840
:10590000A66D04F15808B04511D04FF0000976B1EA
:10591000304602F0B3FF06F1180003F084F8304679
:10592000C6F88890FFF726FDA66DB045EFD1DFF8E9
:10593000C080D8F808309C423ED1EFF30589B9F118
:10594000000918BF4FF00109D8F81860294A96429B
:1059500000D00EB9D8F80C60B34202D0304600F047
:105960007BF82046C8F8146002F05FFAB9F1000F26
:1059700002D02148FFF7D8FCD8F808309C4231D13A
:10598000EFF3058373BB227BD20718D42846FFF7B9
:10599000D7FCFB07A4D5002383F31188BFF36F8FD7
:1059A0000423184602DF9BE703F07F0343F008035C
:1059B000437302F05BFF9AE74FF00009C4E785F3F9
:1059C0001188BFF36F8F83F31188BFF36F8F0423A8
:1059D000184602DFEFF31180202383F31288BFF310
:1059E0006F8FD4E785F31188BFF36F8FD1E700BFC6
:1059F000E4470020FC470020D04500200122044B52
:105A0000C01A044BC0105843034B1A54704700BFD0
:105A100060460020ABAAAAAA6D4E0020C3897F2B46
:105A200012D80A4B1B6863B1094B90F90E201B6812
:105A30009A4209DB437BDB0606D1064BC31A18BF2B
:105A4000012303F0010070470023FAE7B022002091
:105A500008480020B044002070B50E4B0E4C1E7C50
:105A6000054606EB460304EBC304204602F0DBFFC9
:105A700000220A4B28469A55FFF7D0FF48B1084B41
:105A80002046BDE870401A680649013AD31700F075
:105A900069B870BDE4470020604600206D4E0020CC
:105AA000B0220020FD59000038B5EFF31185202306
:105AB00083F31288BFF36F8F104B114A9C681068F4
:105AC000A04206D1FFF7C8FF85F31188BFF36F8F9F
:105AD00038BD00211B7C11600A4AD35C002BF3D037
:105AE0002046FFF79BFF0028EED0637BDB0602D148
:105AF0002046FFF7B9FC2046E4E700BFE44700205A
:105B0000044800206D4E0020024B1868984208BFE0
:105B100000207047B4220020034B1B680BB9FEF72E
:105B200047B90020704700BF0C48002030B570B165
:105B30000B4B5B6898420AD0036843B1D3E9042158
:105B4000D0E90445121941EB0501C3E90421D0E96C
:105B5000003213605A600023C0E9003330BD00BF3B
:105B6000B4220020B3F1FF3F08BFB2F1FF3F2DE99F
:105B7000F84F0446994615461F467AD08160EFF3E8
:105B80001188202383F31288BFF36F8FB9F1000FC0
:105B9000DFF8E4A020DBFFF7BFFFDAE900270135DB
:105BA00049F100092D1849EBE07306464FF0010951
:105BB000C4E90453AD1843EB0707FFF7A5FF0346FD
:105BC000DFF8B8E0DEF804A0EBB9C4E900EACAF8EF
:105BD0000040CEF8044028E06FF00103DAE900123B
:105BE0005B1A4FF0FF3161EB02025B1B62EB0902B3
:105BF000012B72F10001BCBF012300224FF000090C
:105C0000C0E90432D9E7D3E9041CD4E904208A426C
:105C100070EB0C0B24DA891A5A686CEB0000C3E9AC
:105C20000410C4E9003214605C60FFF76DFF844229
:105C30000ED1134B1B685BB9B9F1000F02D1FFF70E
:105C40006BFF0646304602F0D7FE0021FEF7C4F88F
:105C500088F31188BFF36F8F28463946BDE8F88F67
:105C6000521A60EB0C009A45C4E90420ADD01B68C1
:105C7000AAE700252F46EFE778460020B42200204F
:105C80000C4800202DE9F047EFF31185202383F322
:105C90001288BFF36F8FDFF8A0900026C9F80000CC
:105CA0000027FFF731FFDFF89480D9F80030D8E9FA
:105CB00000ECD91750B1D0E90442A34271EB020ABB
:105CC0001BDAE41A62EB0102C0E90442002413EB80
:105CD0000E034CEB01012046C8E90031C9F8004031
:105CE00002F08AFE2146FEF777F885F31188BFF3AC
:105CF0006F8FBDE8F047FFF7D7BE14EB0E024CEBF9
:105D0000E473C0E90467C8E90023FFF70FFF85F3D8
:105D10001188BFF36F8F83689847EFF311852023B5
:105D200083F31288BFF36F8FD9F800301B1BC9F8BB
:105D30000030FFF7E9FEB8E70C4800207846002065
:105D400010B5EFF31184202383F31288BFF36F8F14
:105D5000FFF7E2FE0346054AD2E90001181841EBBD
:105D6000E37184F31188BFF36F8F10BD7846002074
:105D7000F8B50546EFF31187202383F31288BFF3AC
:105D80006F8F036823B187F31188BFF36F8FF8BD5E
:105D9000D0E90A46611C46F10002022972F10002B4
:105DA00036D3012C76F10002BCBF01241E46013C13
:105DB00046F1FF3602F063FE013041F100010019A7
:105DC00046EB0101012871F1000130DB02F057FEC2
:105DD0006FF00203013041F10001001946EB0101AF
:105DE00083426FF000438B4126DB02F048FE013016
:105DF00041F100016FF00102001946EB01034FF081
:105E0000FF31121A61EB030328461C49FFF7AAFE73
:105E10002B6B01332B632B6A93B93C462B4653F80B
:105E2000185F9D4200D0D5B984F31188ADE76FF0BB
:105E300001024FF0FF33E7E700224FF00043E3E7B2
:105E400087F31188BFF36F8F28462B6A9847EFF3CB
:105E50001184202383F31288BFF36F8FDEE7284677
:105E600002F04DFD0023C5F8883084F31188BFF39C
:105E70006F8F2846BDE8F84002F032BD715D00002A
:105E80002DE9F04105461C4690461F46EFF311866A
:105E9000202383F31288BFF36F8FB4F1FF3F08BF55
:105EA000B2F1FF3F05D186F31188BFF36F8FBDE8D4
:105EB000F081002C09DB012A74F10003BCBF012230
:105EC000002412F1FF3844F1FF37284602F0ABFD01
:105ED000DDE906010023C5E90A012B6342463B4682
:105EE00028460249FFF73EFEDDE700BF715D000076
:105EF000F8B50D4E0D4C0E4D33680E489847677837
:105F00002B680C48984733680B489847022F08D1F4
:105F10002478E31F5C425C412B6807489847204681
:105F2000F8BD0024F8E700BFE02200201048002060
:105F3000DC2200207C2300206823002070B51D4E49
:105F40001D4C33681D4898472378590744BF23F0F8
:105F50000403237023789A0705D500F0C1F823784D
:105F600023F002032370164D14482B6898473368BA
:105F700014489847637813B1134802F0D7FD002303
:105F800004211148637000F0CBF82B680D48984746
:105F900033680A4898472378DB0705D502F0C3FD2C
:105FA000237823F0010323702B680448BDE8704078
:105FB000184700BFE022002010480020682300207E
:105FC000DC2200207C230020144800202DE9F04131
:105FD000FFF78EFF18B100242046BDE8F081364F50
:105FE00036483B689847044620B16FF08F04FFF7AE
:105FF000A5FFF1E7324D2B78D80706D402F091FDCA
:1060000004462B7843F001032B702E4E2B48336847
:10601000984710B1002CE8D0E9E7002CE7D13B68A5
:106020002648984704460028DFD12B78990706D4E4
:1060300000F04EF804462B7843F002032B703368CF
:106040001E4898470028E5D1002CD0D13B681B485A
:1060500098470028C9D13368184895F800809847B8
:106060000028C2D13B681848984704460028BCD194
:106070006B7843B918F0010F05D0144802F054FDB5
:10608000022304466B7033680F4898470028C1D13B
:10609000002CACD13B68094898470028A5D12B7843
:1060A00006485A075CBF43F004032B7033689847D7
:1060B000002890D099E700BFE0220020682300204C
:1060C00010480020DC2200207C23002014480020FF
:1060D0000122024B002083F88025704718480020D9
:1060E0002DE9F0410A4C002526464FF00108032710
:1060F0002046C4F820802777013502F0F5FC202DDA
:1061000004F12C04F4D1002386F88035BDE8F08139
:1061100018480020014B1B68184700BFBC22002014
:1061200010B50A46044619B1024B00211B68984776
:1061300010BD00BFC022002010B50C4C206802F03A
:10614000B1FE0B4A1368591C11604BB9094A48202B
:10615000D2F8003443F00703C2F80034FCF7DEFD48
:106160002068BDE8104002F0A3BE00BFC822002096
:106170009C4D00200080045038B5164D286802F070
:1061800091FE154B1C68013C1C60ECB94820FCF7E3
:10619000D3FD0722114BC3F80823D3F8002422F0C3
:1061A0000702C3F80024C3F80041D3F80021C3F864
:1061B0000441D3F804214FF48072C3F80841D3F8A6
:1061C0000831074BC3F888212868BDE8384002F041
:1061D0006FBE00BFC82200209C4D002000800450EC
:1061E00000E100E070B5104D104E2B68B3420DD0A9
:1061F000FFF7A2FF00F0E6FC00F022FD40B102F044
:10620000A2FC0446FFF7B8FF44B92E60002405E065
:1062100000F0E0FA044618B1FFF7AEFF204670BD6B
:1062200002F0A1FDEDE700BFC4220020117365005C
:106230004FF480732DE9F04796B0804603A803938E
:10624000002402F00CFD4FF010091E4E0DF12F0539
:1062500025F01F0506F1200A012210211A4802F03C
:10626000DDFC2B1900935246102320211548CDF850
:10627000049000F0EDFA0746F8B9D6E90C32103474
:10628000013342F10002302CC6E90C32E4D1B8F1FE
:10629000000F04D022464146284602F0B2FC2E46AA
:1062A000084C0FCE0FC496E80F00203584E80F008D
:1062B00095E80F00103484E80F00384616B0BDE8AA
:1062C000F08700BF80460020A0460020F0B5194DA1
:1062D000194FAB6B8DB0BB4229D0184E306802F01D
:1062E000E1FD402300221946284602F0A1FC30219E
:1062F000684602F0C1FC044678B96846FFF798FF8B
:10630000044690B9302302461946684602F090FCD4
:1063100001220023C5E90C23AF63306802F0C8FDF9
:10632000204602F010FC0DB0F0BD0E24F5E7002071
:10633000F9E700BF80460020B4A5B4A5CC22002018
:106340002DE9F04F99B00DF1570802F10F0982467F
:106350000E46144628F01F084FEA191922B10029E9
:106360006DD0B2F5803F6AD8364F374D386802F0AD
:1063700099FDD5E90C3213430BD15046FFF7A6FF28
:10638000834630B1386802F093FD584619B0BDE835
:10639000F08FD5E90C2319EB020243F10003B3F5AA
:1063A000803F14D3302102A802F066FCE8B902A8AD
:1063B000FFF73EFF83460028E4D13023024619460A
:1063C00002A802F035FC00220023C5E90C234FF49B
:1063D000807302A8029302F042FCDFF870A03CB97F
:1063E0002046FFF725FF8346CCE76FF0920BC9E705
:1063F000102C4FF001024FF010015046A14628BF6B
:106400004FF0100902F00AFC102352462021CDE97A
:1064100000830D4800F01CFA83460028B2D14A469A
:106420003046414602F0CCFDD5E90C32013342F151
:106430000002C5E90C32A4EB09044E44CFE76FF02B
:10644000860BA2E7CC22002080460020A046002038
:106450000022074BC3F81021C3F80C21C3F8002118
:10646000C3F80421C3F80821C3F81421704700BF02
:106470000050045008B5FFF7EBFF01230360104BF9
:106480000A6832B9D3F80C211AB9D3F80821002AC6
:10649000F6D00B687BB90B4B99420ED0A3F58473F1
:1064A000D3F80831002B0CBF4FF0FF306FF0020023
:1064B000FFF7CEFF08BD0020FAE74FF0FF30F7E707
:1064C000005004500851045038B505460C4691B1AF
:1064D0000021012002F00FF908480949C0F80055D1
:1064E000C0F80445FFF7C6FF00210446084602F045
:1064F00002F9204638BD6FF00104FAE7005004505D
:1065000000510450034B0449C3F800050348FFF74A
:10651000B1BF00BF00500450045104500450045057
:1065200010B504460021012002F0E5F8064B0749AA
:10653000C3F800450648FFF79DFF002104460846C2
:1065400002F0D9F8204610BD005004500851045004
:106550000850045038B50C4659B1074D0749C5F8E5
:1065600000050748FFF786FF10B9D5F80835236006
:1065700038BD6FF00100FBE700500450105104508B
:106580000C5004502DE9F04F89B006460F46904656
:106590001D4602F0C5FB044678B973690090C3F349
:1065A000013262F305148DF8004014F0300408D174
:1065B000B168890710D06FF08604204609B0BDE8A5
:1065C000F08F102C08D1BDF8023023F4F87343F497
:1065D000A873ADF802304EE0DBB2F82B02D06FF0BA
:1065E0008504EAE700234FF0010B9E461946184642
:1065F000D6F808C0DFF8CC9159F804AB1CEA0A0FB2
:1066000008D00BFA00F343EA0E0303F07F0E0123D8
:1066100041EA0A0101300728EED12BB19DF8033081
:106620006EF347038DF803303CEA0101D7D173883C
:10663000FF2B35D005D8802B34D0C02BCFD10223EF
:1066400003E0B3F5807FCAD104239DF8021063F301
:1066500006118DF8021014B91CF0030FABD1337979
:10666000022B2BD020D8012BA5D1BDF8021063F34B
:10667000C811ADF80210012A6FD0032A23D0002AD6
:1066800099D13388B3F5105FA9D1182D6DD0202D85
:1066900070D0102D8FD1DFF830A101251F261AE010
:1066A0000323D2E70123D0E7032B01D0FF2B82D1B4
:1066B0000221BDF8023061F3C8138AE7BDF8023049
:1066C00043F4C07385E7412D3DD104254F26DFF803
:1066D000FCA008F101080024381902F0F5FA00289E
:1066E0006CD00134AC42F7D11F2E07D02946384672
:1066F00002F0FEFA044600287FF45FAF009B4FF0E3
:10670000FF39079300239B46CDF818A0BDF802205F
:106710004344C2F3C112059201AC03F1100C2246AE
:1067200018685968083303C263451446F7D101A9B4
:1067300007EB0B00FFF7C8FE044630B302F0F0FA97
:106740006FF0920439E7182D19D0202D1AD0102D92
:106750007FF431AFDFF874A09FE7302D7FF42BAFCB
:1067600003253F26DFF868A0B5E7DFF85CA0022527
:106770002726B0E7DFF850A002252F26ABE7DFF889
:106780004CA0F4E7DFF844A0F6E71C2101A80BF1C8
:10679000010B02F058FAAB4506D00AEB0B12CDE91B
:1067A00006294FEA0B13B1E71F2E3FF406AFBA20BC
:1067B000FFF7B6FE00283FF400AFC1E76FF08A0490
:1067C000FBE600BF4C9D000040008151000000200E
:1067D0001084045010B590B01C22002101A802F0D2
:1067E000FCFBF82002F070FA08B3202200200DEB29
:1067F0000201FFF7A5FD0446F8B901A84FF4807126
:1068000002F06CFA0E4B0F4904930F4BCDE90113C4
:106810000E4BF821069320230DEB0302FFF7B2FE87
:10682000202104460DEB010002F00DFA05E0F920ED
:1068300002F04AFA0028D8D10446204610B010BD14
:106840000010C00400240001014B4E80F800FF7FBF
:106850002DE9F3411D464FF48073284C80460020FB
:1068600017460E46019300F037F901AB2360112360
:10687000234A0121C4E9022304F11003636040F6B6
:106880001103E36104F1200363612123089AE362A9
:106890001C4B46F000561A60099A45F0005542F02C
:1068A0000052C3E901122022C4F81080A6612762B9
:1068B000A5626162DA60BFF35F8F4FF0A34214609C
:1068C000BFF35F8FBFF35F8F1361BFF35F8FBFF3C2
:1068D0005F8F03235363BFF35F8FBFF35F8F9363B8
:1068E000BFF35F8F02F07BFA431C0446FAD000200E
:1068F00000F01CF9204602B0BDE8F081B04D002048
:1069000004000020A04D0020BFF35F8F094A1368E8
:10691000BFF35F8F43F48071BFF35F8F1160BFF3EC
:106920005F8F23F48073BFF35F8F1360BFF35F8FBC
:10693000704700BF0010805108B5FFF7E5FFBFF3B7
:106940005F8F064A1368BFF35F8F43F00103BFF305
:106950005F8F1360BFF35F8F08BD00BF00108051D1
:1069600070B50026C0E9006605460C46FFF7E4FB5B
:1069700001232B70FFF7C8FFBFF35F8F204BDB684D
:10698000BFF35F8F9B08013BACB3226842B19A42D0
:1069900005D9FFF7F1FB6FF03F002E7070BD134675
:1069A000D4E90115E068002908BF4FF40071002800
:1069B00008BFF1202469BFF35F8F114A9360BFF3D2
:1069C0005F8FBFF35F8F1564BFF35F8FBFF35F8F80
:1069D0005064BFF35F8FBFF35F8F5163BFF35F8F6F
:1069E00044F4802444F00104BFF35F8F1460BFF3CC
:1069F0005F8F0020D2E74FF40071F1202546DAE7DF
:106A00000010805170B503780D461446002B53D00A
:106A1000BFF35F8F2D4A136BBFF35F8F5908C3F32A
:106A20004203052B4BD011F0060F02D14FF0FF307F
:106A300070BD4368D3B9BFF35F8F5368BFF35F8FF7
:106A4000032BF3D9224B2349BFF35F8FD2F8806029
:106A5000BFF35F8FBFF35F8F43F8046BBFF35F8FAC
:106A60008B42F1D1FFF768FF01234360BFF35F8FD3
:106A7000164B9A68BFF35F8F0132B4EB021F21D827
:106A8000BFF35F8F5A68BFF35F8FB4EB820FCDD82F
:106A900084B1BFF35F8FD3F88020BFF35F8F291DD0
:106AA00005F8012B8D424FEA122204F1FF34EFD09A
:106AB000002CF5D10020BBE76FF02000B8E76FF0A5
:106AC0005100B5E76FF03F00B2E700BF0010805102
:106AD000101080512010805110B50446FFF72CFB98
:106AE000104B186802F0DEF90CB101232370BFF3DC
:106AF0005F8F4FF0A3430022DA61BFF35F8FBFF3D4
:106B00005F8F4FF0FF321A63BFF35F8FBFF35F8F6A
:106B10003422DA61BFF35F8F0122034BC3F80423F1
:106B200010BD00BFD02200200080045010B50446E4
:106B300038B9FFF721FBBDE81040074B186802F099
:106B4000B7B903783BB1FFF717FB034B186802F0A6
:106B5000AFF90023237010BDD022002038B5164CA9
:106B6000D4F80051C5B1BFF35F8F4FF0A343996ACA
:106B7000BFF35F8FBFF35F8F4FF0FF321A63BFF336
:106B80005F8F0023C4F80031D4F800310B4B186834
:106B9000BDE8384002F09FB9D4F8083153B100F095
:106BA0006DF802F04DF9C4F80851D4F8083101210C
:106BB000034BECE738BD00BF00800450D822002012
:106BC000D422002008B5074B186802F073F9064B71
:106BD000186802F06FF9BDE808400022482011460D
:106BE000FCF7CCB8D8220020D422002038B5094BBD
:106BF0001C7864B1084B4FF0FF311D68284602F045
:106C00005BF94FF0FF310446284602F062F9204656
:106C100038BD00BF6C4E0020D822002010B5064CB5
:106C2000236D3BB9214651F8503B986902F00CF9AD
:106C300001232365014810BDE04D0020304E0020A7
:106C400038B500240B4D0C4BEC662B6003F5C043AC
:106C50006B60FFF7E3FF50B16B6D2046B3F5007F2B
:106C6000CCBF4FF480634FF40073AB6038BD0E208F
:106C7000FCE700BFE04D0020002080510048704735
:106C8000E04D00202DE9F0434FF0000985B00546A6
:106C9000CDF8049000F10C07EFF31188202383F363
:106CA0001288BFF36F8F8368594003EA02060A40D7
:106CB00053400E4901AACDE9023901F07BFE019C47
:106CC0003CB12046C4F888900021246E01F028FED3
:106CD000F6E7DDE9023223EA020338464146AB60BB
:106CE000FEF79EFC304605B0BDE8F083658F0000DE
:106CF0000CB430B589B005460C461C22002101A811
:106D000002F06BF9022305958DF806300D4B0293C6
:106D100023462CB1B4F1004F28BF4FF00043013B94
:106D20001D440DAA0C9901A80695009200F00CF8DC
:106D300014B1059B00221A7009B0BDE8304002B0C2
:106D4000704700BFAF9000002DE9F04F43688DB051
:106D500015468046029383789A0740F10D810024FE
:106D60000E78002E00F00A81252E0BD04B1C0393C9
:106D7000013441463046029B98470028C0F2F68015
:106D80000399EDE74E788B1C252E0393F0D0002756
:106D9000B946BB46BBF11F0F38D8A6F12003102B14
:106DA0000AD8DFE803F02A0909300909092109098D
:106DB0000928092D09091F00A6F13003092B33D931
:106DC0002A2E37D11BF0400F55F8043B40F082804B
:106DD000002BA7BF4BF0200B9946C3F100094BF0E5
:106DE000280B01E04BF0010B039B13F8016B03939D
:106DF000002ECFD130E04BF0020B4BF0040BF3E749
:106E00004BF0080BF0E74BF0100BEDE7BBF17F0FF9
:106E100019D8A6F13003092BD2D81BF0400F03D0AC
:106E20000A2101FB0737DFE70A214BF0200B01FBAA
:106E30000939D9E72E2E06D11BF0400F40F09E8075
:106E40004BF0400BD0E76C2E31D02BD8682E36D0CB
:106E50006A2E3CD04C2E3AD0002F46F02003B8BF0B
:106E60002BF04002A3F16501BCBF00271FFA82FB93
:106E7000022901D9612B2FD107350727DFF8ACA2F2
:106E800025F0070508351BF0080F66D00AEB070B45
:106E900056465E4563D1A4EB0A0AA9EB070906EB47
:106EA0000A026FE1742E9FD07A2E9DD0D4E71BF09A
:106EB000800F18BF4BF4007B4BF0800B94E71BF462
:106EC000807F18BF4BF4007B4BF4807B8CE74BF446
:106ED000207B89E71F4687E7A6F16301122900F2AC
:106EE000F080DFE811F013004F00EE00EE00EE003E
:106EF000EE004F00EE00EE00EE00EE00EE00FE00B1
:106F0000E900EE00EE001B00EE00AF0055F8043B78
:106F100001270DF1180A8DF81830B4E755F804ABC5
:106F2000834BBAF1000F08BF9A461BF0400F504642
:106F300014BF39464FF0FF3102F057F80746A2E779
:106F400041462020029B984700280FDB013EB742B4
:106F5000F6D34C44B146A41B98E74E46F7E74146AA
:106F600016F8010B029B9847002892DA98F8023035
:106F700043F0040388F802304FF0FF3420460DB090
:106F8000BDE8F08F1BF0800F34D01BF4007F2CD0B5
:106F9000073525F00705AA4669685AF8080B2BF053
:106FA00010050029ADB237DA404245F4806561EB47
:106FB00041010DF1180B0A235A4602F022F8A0EB0A
:106FC0000B0301936B0662D5019B25F001019F42E3
:106FD00089B240F3A180002E00F0998015F01002D4
:106FE00040F09C80BB460D4623E0AA465AF8040BAD
:106FF000C117D4E7AA461BF4807F5AF8041B01D1BD
:107000000846F5E71BF4007F19BF48B241F3C011F1
:1070100008B241F3C031C2E750EA0103C9D11BF005
:10702000400FC6D0002FC4D12BF01102BB460197F0
:1070300095B240F2064115EA01021CBF0BF1010BAB
:1070400000222CE02BF010020A231FFA82FB1BF017
:10705000800C49D01BF4007115BF0735AA4625F0F6
:1070600007055AF8040B1EBFAA4669685AF8080BB0
:1070700050EA010545D12BF016051BF0400FADB2CB
:1070800042D0002F40D12BF01702019795B215F096
:10709000100248D0019B002E42D103F1010B2907B9
:1070A0005AD4EB0706D5D9456FDDA9EB0B0301993F
:1070B000CB465F185B4649E04BF0100B1023782657
:1070C000C5E7782B04D1C6F1780343F01003BEE77F
:1070D00041462520029B98470028FFF647AF02341F
:1070E00047E608230026B2E7AA461BF480715AF847
:1070F000040BBDD01BF400711ABFC0B2614680B250
:10710000B6E72BF0060295B20DF1180B54E725F007
:107110001105BB46ADB28CE70D46B8E73B460D46C0
:1071200003F1020BBBE7DDF804B082E700AF00001B
:10713000F9AE0000CDE9043241462020029B984779
:107140000028FFF613AF049B059A01339945F1DC43
:10715000A4EB0B019B46CC180AB341463020029B9E
:1071600098470028FFF602AF8EB901342744391B37
:10717000019B994224DC1D4655BB019AA9EB0B09E2
:10718000554622441446914433E0019F92E702346D
:1071900041463046029B98470028E7DAE6E640F28F
:1071A00006410D42E2D015F0020F04F10104414600
:1071B00014BF2B20202015F4806F18BF2D20E9E785
:1071C00041463020029B013498470028CFDACDE6B3
:1071D00006AB013D4146585D029B98470028CBDA3B
:1071E000C4E641462020029B013498470028FFF660
:1071F000BDAEA9EB0403002BF3DCC1E5704700F042
:1072000065BD034670B41979DB88006843F48032A9
:107210000124056913F0010F2B6804FA01F4866854
:1072200014BF2343A3432B60336870BC1847034645
:1072300030B419790068DB8882689469C4B101228E
:1072400005698A402D6803F040032A420CBF43F0D1
:10725000B86383F0707323F0794323F47F0323F43E
:107260007F43A44630BC4FF0A07223F0BF036047B9
:107270006FF0570030BC7047836800EBC101B3F575
:10728000004F2CBF51F8220031F81200704700EB7C
:10729000C1018068B0F5004F2CBF41F8223021F8C1
:1072A00012307047012208B5FFF7E6FFD04008BD55
:1072B000836800EBC101B3F5004F08D34B681AB1E6
:1072C00043F001034B60704723F00103FAE74B885A
:1072D0001AB143F001034B80704723F00103FAE732
:1072E00053000122FFF7D3BF8368481CB3F5004F5A
:1072F00034BF042308230833A0EBD300B0FA80F096
:10730000C0F11F0070472DE9F0410D468668044624
:10731000FFF7C8FFB6F5004F014601D3012832D070
:107320002046FFF7E1FF04EB80010E6996B90122C8
:10733000E36882401343E36002220D612B46294635
:107340002046FFF7A4FF032229462046BDE8F0416E
:10735000FFF79DBF022231462046FFF78DFF07460B
:10736000034629462046FFF792FF0322334629466B
:107370002046FFF78CFF39462B462046FFF787FF54
:1073800002223146E1E7BDE8F081B2F5802F2CBF43
:10739000082304232DE9F0410026D21A8C18CD1DB4
:1073A00025F0070524F00704641BE4080560214666
:1073B0002846AC60EE60FFF797FF421D9200013057
:1073C00002F107074FEAD7073146A2F1100205F193
:1073D0001000B8BF324601F000FE3A46314628465A
:1073E000FFF77EFF3346324631462846FFF74FFF10
:1073F000A4EB0708284631460122FFF759FF424611
:107400003946FFF76DFF3B46324639462846FFF7BF
:107410003EFF21462846FFF763FF4346324621469A
:107420002846FFF734FF214628460122FFF740FF98
:107430003946BDE8F041FFF766BF2DE9F047064643
:107440000D46174698462BB34FF0000A98F80040B7
:1074500093F80190DB78A40004EB430498F8023021
:107460001C444444CA4509D339463046AC46D8F892
:10747000042008F10803BDE8F047604714F8013B19
:107480000AF1010A204648F82340F9F711F80130C3
:107490000444E7E76FF01500BDE8F08770B50025FC
:1074A00002462846144614F8013B0BB9184609E079
:1074B00098B18D4207D1702B04D0A3F140023A2A33
:1074C0000BD8002070BDA3F140063A2E05D85378A2
:1074D0000135941C002BE9D00020252B224608BF43
:1074E00080F00100DEE7002070470FB407B504A963
:1074F00051F8040B019100F066FB03B05DF804EB5A
:1075000004B0704710B50369024613F0080009D1B2
:107510001368D4689C429BBF0120126AE31AD31AF5
:107520000B6010BD00231846FAE713B501A9044605
:10753000FFF7E8FF20B1019BE268013B1344019390
:10754000206A019BC01A013802B010BD10B5044674
:1075500050182269236AD20702D5013B184010BD9A
:10756000984228BFC01AFAE710B504460A46C16817
:10757000FFF7ECFF2369E06023F00803236110BDEF
:1075800038B50D46C2698B00016843F0020304461A
:1075900042F8213001682A46FFF7D8FFE3686168A6
:1075A000984208BF2369206008BF43F008032A46B9
:1075B000204608BF2361FFF7C9FF606038BD2DE991
:1075C000F74FC768C6699B4606EB8703009316F81A
:1075D0002730044603F00303022B884691464FF000
:1075E00000030BD01360CBF8003023699B0713D442
:1075F0004FF0000A504603B0BDE8F08F56F8271050
:1076000013608908CBF80030EFD0FFF7ADFFE368D7
:10761000A3604FF0010AEDE7A36906EB87009847E6
:1076200016F82720054612F0010AE1D012F00202F6
:107630001FD0B8F1000F03D041462046FFF7A0FF4E
:1076400061682A462046FFF781FFD4E90221914272
:10765000606006D12A462046FFF778FF4FF0000A07
:10766000A060A2682260E260226942F00802226102
:10767000C0E7014620460192FFF776FFE368A3606A
:10768000B8F1000F04D02168E369019A43F8212082
:1076900005EB0802CBF8002021682046FFF756FFD3
:1076A0002369206043F00803236116F827306FF345
:1076B000000306F82730009BC9F80030A9E770B531
:1076C00004461546FFF742FF2368834205D123692C
:1076D000216023F00803236170BDE269AB0043F031
:1076E000020342F8213061682A462046FFF72EFF48
:1076F0006060F1E738B5036904465B0706D5456A63
:10770000FFF713FF85422CBF6562606238BD38B554
:107710000D4604461C22002101F05FFC0022EB68AC
:10772000A361AB6863612B68E3616B68626223628B
:107730002A6923B1591E194208BF42F00102226191
:10774000012204F128000021BDE8384001F077B89B
:107750002DE9F04F002587B00093036A04468B4261
:107760000E469246A9460395059539D3EFF3118B42
:10777000202383F31288BFF36F8F059AD8462AB16E
:1077800029462046FFF79BFF0023059304A92046C6
:10779000FFF7B8FE04990746B1422AD32268E3698D
:1077A000204613F8221003EB820921F0030103F8AD
:1077B000221021683246FFF7C9FEE3682060984234
:1077C00012D0002788F31188BFF36F8F039929B176
:1077D00062690AB12046904700230393002FC5D168
:1077E000484607B0BDE8F08F236943F008032361E2
:1077F000E7E718B12046FFF7C3FEE3E7009B5AEA2C
:1078000003021CD0019101F026F80199B8B9BBF12F
:10781000000F14D187F31188BFF36F8F5246009B7E
:1078200004F12800FDF7EEFCEFF31188202383F329
:107830001288BFF36F8FB0FA80F77F09C2E7204646
:1078400005AB03AA2568FFF7BAFE0746BAE770B58D
:107850000446836908460D4698470246EFF31186B1
:10786000202383F31288BFF36F8F2B78204643F0D9
:1078700001032B706168FFF769FE60602046FFF727
:1078800039FF86F31188BFF36F8F70BD2DE9F0418A
:1078900004462027EFF3118687F31288BFF36F8F1A
:1078A000236913F0080FA36802D16268934200D9DC
:1078B000226AD21AE16932B986F31188BFF36F8F59
:1078C0004FF0000833E011F8232001EB830812F099
:1078D0000300F1D0022803D151F82350AD0805D19F
:1078E000D00712D44046A36998470546A1682A46A6
:1078F0002046FFF72BFE2946A0602046FFF734FE06
:1079000086F31188BFF36F8FC4E742F0020201F8DB
:107910002320A3694046A568984729460246204689
:10792000FFF714FEA06086F31188BFF36F8F404607
:10793000BDE8F081F8B50446836908460D469847CE
:107940000646EFF31187202383F31288BFF36F8F6E
:107950002B786FF300032B7023699B0705D5E26832
:10796000E36903EB82039D421AD12B786FF3410345
:107970002B70D4E90231994204D132462046FFF7F8
:10798000E5FDA06031462046FFF7EEFD87F3118844
:10799000BFF36F8F04F12800BDE8F840FDF7FEBB90
:1079A0002B6860F39F032B60F0E7EFF31181202336
:1079B00083F31288BFF36F8F036913F0080F836896
:1079C00002D14268934200D9026AD31A81F3118826
:1079D000BFF36F8F181E18BF01207047038B13F081
:1079E000070305D10368002B0CBF0020032070475C
:1079F000022B05D1408BB0FA80F04009800070471F
:107A0000012B05D10368002B0CBF00200520704717
:107A10000020704710B50C4600B111B96FF0150089
:107A200010BD081D00F093F80028F9D1A368032BBE
:107A3000F6D9F3E72DE9F0410D4607461946281D12
:107A400090461E4600F094F8044638B1334642464C
:107A500029463846A446BDE8F0416047BDE8F081BC
:107A600010B4EFF31182202484F31288BFF36F8FD8
:107A7000416110BC0121F9F7A7BE38B50C46054697
:107A800058B151B10B6843B14B6833B11C2200218E
:107A900001F0A3FA00202C6138BD6FF01500FBE760
:107AA00070B505460E46FFF7B5FF041E14DBEFF375
:107AB0001182202383F31288BFF36F8F4FF6FF717B
:107AC0006B8B2C8B8B4204F0070407D182F3118857
:107AD000BFF36F8F6FF00A04204670BD022C0CD1EB
:107AE00001336B8382F31188BFF36F8F002322462B
:107AF00031462846FFF79EFFEEE7062C14D8DFE854
:107B000004F004131313041A0400002333606B6899
:107B10003BB9C5E90066ACB902212846F9F754FE25
:107B2000DAE71E606E60F6E782F31188BFF36F8FAD
:107B30006FF00404D0E782F31188BFF36F8F6FF00A
:107B40008504C9E782F31188BFF36F8FC4E703464A
:107B500058B1426802F00302012A03D0032A04D17B
:107B6000026812B10020986070476FF015007047EE
:107B70004268034602F00302032A4FF000028160CC
:107B800014BF104600685A607047704703785B075F
:107B90005FBF03684288C3F34A2303EB12105DBF43
:107BA000173020F007008008002070470020704741
:107BB00000F003BB0346D3E8EF0F421CC3E8E12FFC
:107BC0000029F8D170471FB50023CDE902011A46FC
:107BD00019461846CDE90033FAF722FA05B05DF8E8
:107BE00004FB0120F9F7D4BF002070474368DA7125
:107BF00001224368196043685A71F9F7BBBF70B539
:107C000015460C4669B1D2E901369B1B99420AD848
:107C100013680A460146981901F0D2F9AB6823446B
:107C2000AB60204670BD6FF01B00FBE770B50E46E1
:107C300015461946044618B9BDE87040F9F7A8BFC3
:107C400033B1C2F34A231030120D184401F0B8F9D1
:107C5000C4E900562046BDE87040FAF73DB92DE969
:107C6000F3415F1C4FEA8708064608F1170020F031
:107C7000070080080C461546FAF706F800238DF831
:107C80000470ADF805308DF8073068B10346019AED
:107C9000A8F1040143F8102F2A46294452F8045B46
:107CA0008A4243F8045FF9D100233146A20102F46D
:107CB000E07242EA482222F07F4222F4700222F06F
:107CC0003F0202B0BDE8F041FFF7B0BF07B50123A6
:107CD000019201AAFFF7C3FF03B05DF804FB07B5EB
:107CE000CDE9002302236A46FFF7B9FF03B05DF830
:107CF00004FB1FB5CDE90123069B01AA03930323CF
:107D0000FFF7ADFF05B05DF804FBF8B506460D467C
:107D100014461F4604B9F8BD214628463A46B047E6
:107D2000241A0544F6E710B542680446D2E9002358
:107D300081680068FFF7E9FF002263681A6010BDE0
:107D400038B54B6805461A68CB680C469A4202D192
:107D50000846FFF7E8FF6368D3E8EF2F511CC3E83C
:107D6000E01F0028F8D1A36800209D5438BD0A28E0
:107D700038B504460D4602D10D20FFF7E1FF294634
:107D80002046FFF7DDFF002038BD2DE9F043054612
:107D900087B008460E8891F800900C46D1F808800C
:107DA0001746FAF78DF9011EC6F38216C9F3C20908
:107DB0001EDB4846FAF7A2F80346214651F8102B7D
:107DC0006088C2F34A22002A01EB020408BF0021A6
:107DD0000022C0F30B10CDE90407CDE902142846B8
:107DE000414601960092FAF797F907B0BDE8F08393
:107DF0000023E2E701F0F1B801F0E2B801460068C3
:107E0000FAF708BC08B5FAF761FCBDE80840FAF7D4
:107E100081BC0A460121FFF759BF00210120FAF772
:107E2000F9BB036F83F30B8870476FF085007047D1
:107E300061B662B680F31188BFF36F8F704772B678
:107E4000002383F31188BFF36F8FBFF34F8F30BFD1
:107E500062B6BFF36F8F704772B6002383F3118849
:107E6000BFF36F8FBFF34F8F20BF80F31188BFF335
:107E70006F8F62B6704740E800F313F4803FD8B2CA
:107E800008BF6FF01500704730B50C684B6885B0BF
:107E90000A894D890094013B24F01F04234402F019
:107EA0001F0242EA451223F01F0369468DF808209D
:107EB0000393FBF735F805B030BD08B5D1E90431BF
:107EC0009847002008BD08B5FBF71EFA002008BD42
:107ED0000C220369C9B201FB0233186C00F00700E1
:107EE000704770B5C9B20369EFF31185202484F39C
:107EF0001288BFF36F8F0C2606FB0134246C14F03C
:107F0000C00408D0A24206D085F31188BFF36F8F5A
:107F10004FF0FF3070BD012271430B441A6485F3AA
:107F20001188BFF36F8F43680B445B68984700204C
:107F3000F0E78022FFF7D5BFF8B5069F0469C9B204
:107F4000EFF31186202585F31288BFF36F8F0C2580
:107F500069430C44256C05F0070CBCF1010F0BD1F3
:107F6000276486F31188BFF36F8FC4E90E2343683B
:107F70005B5898470020F8BD05F0C005AF4286F376
:107F80001188BFF36F8F0CBF6FF077004FF0FF3099
:107F9000F1E713B580240094FFF7CEFF02B010BDC7
:107FA00010B41C240069CBB203FB0400002110BCF8
:107FB00010471046FDF7F2B800F063B9FCF77CB843
:107FC000022804D0042804D10020FBF7C9BA0120FC
:107FD000FBE77047436800205B68DB680B60704715
:107FE000436802EA01005B6821EA02015860002050
:107FF00099607047436800205B6859607047436828
:1080000000205B689960704743685A68136821EAEA
:1080100003000B40506000209360704710B5036967
:108020005868F8B1884219D19C680868A142586024
:1080300000D19860002008602AB15A680A609A68E6
:10804000596002B99960002010E0814206D10868A9
:10805000206098688142EDD19C60EBE7044600689F
:108060000028F2D1002AE8D16FF0150010BDFCF70E
:1080700091BA30B543681360057A446804EBC504CF
:10808000A34202D36FF0010030BD5C798C4201D075
:108090000833F0E70020F7E743681B68D3F8303176
:1080A000704743681B68D3F88004C3F880047047A6
:1080B00042681368D3F84C0150B10020926A1278DC
:1080C0000A70C3F84C01D3F84C2101229A62704720
:1080D0004FF0FF30704713B501AA0446FFF7C9FF00
:1080E000002805DB019B226819791868FBF7E0FC82
:1080F00002B010BD6FF08500704738B5054600220C
:108100000121C620FAF73AFEC620FAF707FE6C688E
:108110000121E068FFF7DFFF6B6819686369C1F848
:108120002435E28BA38BA07E1343228C1343628CF5
:108130001343627E9BB20243207E02431343C1F885
:108140006C3569680B68D3F8002242F48022C3F8CA
:1081500000220822C3F800254A6A0121C3F83C27FF
:108160000022C3F840271965D3F830110029FBD04D
:10817000C3F800256B680021D868FFF7ACFF6D6875
:108180000021E8682C68FFF7A6FF0823C4F8003533
:108190002A7A52B9AB6AC4F804370123C4F8083705
:1081A000C4F84C21D4F84C21A362002038BD08B596
:1081B0000220FBF737FA002008BD08B5FCF7E6FA05
:1081C00008BD08B5FDF702FF48B1002383F311880D
:1081D000BFF36F8F0423184602DF6FF0040008BD61
:1081E00003460020184700F0E8BA024610B51168AF
:1081F00091B1B1FA81F3C3F11F000123834021EA59
:108200000303D2E8EF4F8C4204D1C2E8EC3FBCF14B
:10821000000FF6D1EBD110BD6FF00B00FBE710B5EE
:108220000368CB40DB0710D401238B40026843EA8C
:108230000201D0E8EF4F944204D1C0E8EC1FBCF13A
:10824000000FF6D1F2D1002010BD6FF01500FBE752
:10825000FBF7CEBE10B1012802D07047FBF72CBF50
:10826000FBF7DABF18B1012803D100F00CB800F019
:1082700008B8704708B5FCF703F8BDE80840FBF7FD
:108280005BBFFBF7EDBEFBF78FBFF7B51646DDE929
:108290000847019001A81D46FCF72CF8019BB6F198
:1082A000000C18BF4FF0010C00EB83000B1E18BF31
:1082B0000123002D43EA4C0314BF4FF00C0C4FF088
:1082C000000C002C43EA0C0314BF4FF4706C4FF009
:1082D000000C002F43EA0C0314BF4FF4403C4FF056
:1082E000000CD0F8802043EA0C0322EA030301B11A
:1082F00009780EB13678760019430DB12D78AD00AE
:1083000031430CB12478240229430FB13F783F0454
:108310000C433C43C0F8804003B0F0BD1FB50DF1E5
:108320000F03019300238DF80F101A46194600938E
:10833000FFF7ABFF05B05DF804FB10B50446084637
:10834000FBF7E8FF04EB4004A08AC0F3401010BD27
:1083500010B504460846FBF7DDFF04EB4004A08A95
:10836000C0F3400010BD10B504460846FBF7D2FF2D
:1083700004EB4004A08A400B10BD70B504460846CB
:108380001646FBF7C7FF083034F810300D46DA0503
:1083900009D5C3F3432304EBC3023146284654F8FE
:1083A000333052689847A3682BB131462846E268BB
:1083B000BDE87040184770BD10B504460846FBF78D
:1083C000A9FF00B204EB4000838ADA051DD5C3F390
:1083D000432123F4F853838204F1120204F158007C
:1083E00032F8023F13F4807F03D0C3F34323994252
:1083F0000BD08242F4D1002204EBC1035A6004F195
:108400006000BDE81040FFF70ABF10BDF0B504469C
:10841000002001270546844695420AD1D4F844310C
:1084200033B10023C4F84431D4F8443140F400306F
:10843000F0BDEBB29B0003F580769B0807FA03F3CF
:10844000194208D054F806E0BEF1000F03D044F8FA
:1084500006C0A65918430135DEE738B504460D4677
:10846000FFF76BFFB0B12046FFF772FF90B92046CF
:10847000FFF779FF012322688340C2F8183323688D
:1084800000B203EB8003D3F8102522F00302C3F8F7
:10849000102538BD2846BDE838400021FFF73EBF13
:1084A0002DE9F0431746044685B00846FBF732FF36
:1084B000D7F800800E460546B8F1000F1FD02046C1
:1084C000FFF746FF18B12046FFF737FF30BB002308
:1084D0000DF10F02CDE900338DF80E308DF80F301D
:1084E000304643460DF10E01FFF7CFFE2AB204EBF2
:1084F0004202938A23F0020343F0010393827B68D4
:10850000002B34D03146204693F80080D3F80490F5
:10851000FFF71EFF28B1B9F1000F1FD06FF0150053
:1085200028E028B204EB4000838A23F4604323F060
:1085300020038382B9F1000F10D0B8F1030FEDD8FA
:108540007B6821685B6893F800C001EB8C01B8F18F
:10855000000F12D1C1F81085C1F810852AB204EBC2
:108560004202938A23F01C0343EA88039382BB6888
:1085700053BB002005B0BDE8F083D1F8102522F0F0
:108580000302C1F81025226802EB8C03D3F81025F2
:1085900022F4473222F47C72C3F8102541F6F072BF
:1085A000D3F8101502EA061242EA08420A43C3F859
:1085B000102504EB4C03A3F86460838A43EA4C3330
:1085C00043F020038382C9E73146D3E9007820468F
:1085D000FFF7F2FE002FCCD063689F4206D004F173
:1085E0006000FFF702FE002804DAC3E7A36898459D
:1085F000F5D1002004EBC003C3E901782DB204EBF0
:108600004505AB8AC0B243EA402343F48073AB8292
:10861000AFE7C0E90312704770B504461546FFF78F
:108620008CFE48B10846FBF775FE04EB40040020C1
:10863000A38A5B0B2B7070BD6FF01500FBE790F801
:108640007400003818BF01207047FBF799BE2DE970
:10865000F34104461746FFF770FE0D46266800B347
:108660002046FFF775FE8046D8B92046FFF77BFE0F
:1086700005B2AD0005F5807246F802802168B25857
:108680002944D1F8102542F00102C1F810252FB17C
:108690000122216802FA00F3C1F8143302B0BDE8E8
:1086A000F081D6F8143328469B035CBF4FF40033A7
:1086B000C6F81433FBF72EFE04EB4004A38AC3F381
:1086C0008203042B11D0052B11D001A80195FBF7D3
:1086D00011FE019BC168D94001F001010231284619
:1086E00002B0BDE8F041FFF719BE0321F7E7022110
:1086F000F5E7FFF7B2BEC9B2FCF70ABA0369C26870
:1087000093429CBF81685B18013B981A70472DE922
:10871000F0410546D0E902844068A8EB0406964281
:1087200020440F46144404D900F04AFCEC60BDE834
:10873000F0813246A4EB080400F042FC224668684F
:10874000B919F1E72DE9F8430646894617464FF077
:108750000008C5683369B4689D4228BF1B19641BB3
:10876000BC4228BF3C46013B5B1B9C4228BF1C46C9
:10877000706849462844224600F022FCB36825442C
:10878000AB4208BF00253F1BA044A144F560E1D1E6
:108790004046BDE8F88308B5FCF78AFA002008BD1A
:1087A000EFF31180202383F31288BFF36F8F70479C
:1087B00080F31188BFF36F8F704708B1FAF71CBEC2
:1087C000704710B5436904463BB90020E268404257
:1087D000537843F00103537010BD98470028F4D03C
:1087E0000028B8BF4042FF28A8BFFF20E3681870E8
:1087F000ECE740B1C368587810F001001EBF18784C
:10880000B0FA80F040097047EFF31183202383F31F
:108810001288BFF36F8FFEE7202408B5EFF31183B2
:1088200084F31288BFF36F8FFFF709FBF6E790F927
:108830000E308B4201D0FCF781BE002070473AB168
:108840008A4205D3C0E90212C0E900000020704747
:108850006FF015007047EFF30580003818BF012056
:1088600070476FF05700704700207047D0E9003222
:1088700013605A600023C0E90033704708B5FFF762
:10888000F5FF437B23F0020343730023836008BD9D
:1088900038B504460D46FCF7AFFD637B43F0020399
:1088A0006373E5B1A5602B689D4209D16B68C4E98B
:1088B00000531C606C6012E06A689A42F6D01B6834
:1088C000002BF3D094F90E2093F90E108A42F3D0C6
:1088D0009142F1DD5A68C4E9003214605C6038BD31
:1088E00010B5EFF31184202383F31288BFF36F8F49
:1088F000FCF740FD84F31188BFF36F8F10BD08B5FE
:10890000EFF31181202282F31288BFF36F8F836807
:108910000BB1FFF7B3FF81F31188BFF36F8F08BD71
:1089200038B5EFF31184202383F31288BFF36F8FE0
:10893000002390F86C50427B80F86C302DB121B14F
:1089400084F31188BFF36F8F38BD12F0280FF7D171
:1089500083680BB1FFF792FF437B23F0040343735B
:10896000FCF708FDECE701211838FFF7D9BF08B57F
:108970000346EFF31181202282F31288BFF36F8F39
:108980000068834207D008B1FFF778FF81F31188B0
:10899000BFF36F8F08BD0020F8E708B5C3171F307D
:1089A00043F10003400940EAC360C117FCF7F2FE3F
:1089B000400108BD2DE9F04105460E461746EFF38C
:1089C0001188202383F31288BFF36F8F0468A042BD
:1089D0000FD1002088F31188BFF36F8FBDE8F081BD
:1089E00039462046B0470028F4D16B68A342F0D046
:1089F0002468002CF4D1ECE708B50246FDF784F8B2
:108A000070B1D0E904319B1A61EBE272B3F1004F0F
:108A100072F1000104DA002AACBF1846002008BD3C
:108A20006FF00040FBE7024638B5EFF311852023D5
:108A300083F31288BFF36F8F0368CBB1FDF764F83F
:108A400004461046FDF772F800224FF000438442BE
:108A5000C0E9042306D1FDF75FF8FFF7CDFF002141
:108A6000FBF7BAF9002085F31188BFF36F8F38BD8B
:108A70006FF01500F7E708B5FDF762F908BDFDF7DF
:108A80005FB90023C0E9081200F11802C0E906220C
:108A9000C0E9003303634363704710B50446FFF732
:108AA000C2FFA8B9636A0BB12046984704F11800C9
:108AB000FFF75DFF60B1FFF713FFEFF31180202395
:108AC00083F31288BFF36F8FBDE81040FCF7BABD87
:108AD00010BD10B50446406A10B1A16A00F029F833
:108AE0000020C4E9090010BD38B50546FFF7F1FFC5
:108AF0002B7F0446012B0ED0023B012B0ED82B6A94
:108B0000012B18BF6FF096042C220021284600F09C
:108B100064FA204638BD2B6A002BF2E76FF096040A
:108B2000F2E7FDF75FBB70470020704700207047F9
:108B3000704710B5044608B1FDF7F2FA2046BDE8CB
:108B40001040FDF7E7BA0A2840DCC31C22DA10F116
:108B5000400F47D010F13F0F2BDA10F1410F44D0F6
:108B600010F1550F44D010F1490F08BF6FF0840089
:108B700018BF6FF08600704709282AD8DFE800F098
:108B80000529290816293829292F6FF098007047E0
:108B900000207047C31C0D2B1BD8DFE803F0072F04
:108BA0001A1C1A1A1A1A1A1A1D1A1A1D6FF08500A1
:108BB000704710F1210F1ED00BDB10F1200F1DD0DC
:108BC00010F1100F08BF6FF09400D1E76438092846
:108BD000D2D96FF0860070476FF0940070476FF045
:108BE0008C0070476FF0840070476FF08900704709
:108BF0006FF0930070476FF0880070476FF092003D
:108C0000704710B501380A44914200D110BD10F8E8
:108C1000013F11F8014B63400370F5E701448142C5
:108C200000D1704711F8013D1A440A70120AF6E7A4
:108C300010B58B4294BFC4184418A04200D110BD97
:108C400000F8012BF9E700231A4682B001908B420D
:108C500001D102B070470198C2540133F7E70368AD
:108C6000D90444BF43F48063036003689A0444BF9B
:108C700043F4006303607047F7B506460D46202DA8
:108C80002F46A8BF202700216846FDF769FE04464D
:108C900070B93A4631466846FDF7B4FE10F1520FFE
:108CA000044608D0431CF4D0684600F0BFF834B145
:108CB000204603B0F0BD684600F0B8F8E3E7EC1BCF
:108CC0003E44F5D02546DAE707B501A9FDF742FC99
:108CD000003818BF012003B05DF804FBCA0448BF88
:108CE00041F480618B0448BF41F4006181607047AA
:108CF00030B589B0054618220C4601A8002100F0C5
:108D00006CF9012344EA052401A9BA2007940593CC
:108D1000FDF7DAFB002818BF6FF0920009B030BDF4
:108D2000F7B5BA2001A9FDF715FC044610B10020E3
:108D300003B0F0BD019D2F0AEDB2AC4205D1BA20BF
:108D4000FDF7EEFB0028F2D008E0E6193046FDF70B
:108D5000E7FB30B13046FFF7B7FF10B96FF0920074
:108D6000E6E70134E9E708B5F820FFF7ADFF18B9E9
:108D7000F920FFF7A9FF10B16FF0920008BDF820AD
:108D8000FDF7C0FB0028F7D1F920FDF7BBFB002859
:108D9000F4D0F1E738B5BFF35F8F4FF0A344E56936
:108DA000BFF35F8FBFF35F8F10236363BFF35F8FEA
:108DB000012000F092F8BFF35F8F00236363BFF3DD
:108DC0005F8FBFF35F8FE36BBFF35F8F5B06F8D4FA
:108DD00025B1BFF35F8FE561BFF35F8F38BD08B585
:108DE000FDF704FF30B9BFF35F8F4FF0A343986ADC
:108DF000BFF35F8FBFF35F8F4FF0A342D36BBFF31F
:108E00005F8F10F0240F03F0230304D0FFF7C2FF9D
:108E10006FF01F0008BD4FF0FF30002BFAD1BFF3F9
:108E20005F8F1063BFF35F8F1846F3E710B50378C9
:108E300004461BB1FDF7A0F900232370002010BDEC
:108E4000022203689A607047C0F30B03482B4B6003
:108E500028BF482310F4003F8B6008BF0023CB607D
:108E600010F4803308BFC1E9013300F47003B3F597
:108E7000700F14BF00238B6800284FF0010C4FF0D7
:108E800008028B60B8BF0023C1E905C2B8BFC1E9C1
:108E900005337047FCF732B94FF0FF324FF0FF3324
:108EA000FCF7B4B84FF0FF324FF0FF33FCF7AEB829
:108EB000FCF724B900F074B807B54FF0FF334FF05A
:108EC000FF32CDE90023002200F077F803B05DF80F
:108ED00004FB00F06EB800F068B8FFF75EBD2DE946
:108EE000F3470446DDE90A9815460E4659B302F0E9
:108EF000010AFCF7DDFC0746EFF31181202383F321
:108F00001288BFF36F8FA80744BF0023A360A36834
:108F100003EA0600BAF1000F0CD086420CD16A07B2
:108F200044BF8343A36081F31188BFF36F8F02B006
:108F3000BDE8F0870028F2D159EA080305D181F392
:108F40001188BFF36F8F0020F1E7C7E9196522464A
:108F5000CDE9009804F10C00FCF7CEFA0028F2D11C
:108F6000786EE4E710B54B68D0E9194212F0010FB2
:108F700003EA040301D09C4210D17BB1436652073F
:108F800044BF8A681A430B6848BF8A60036601239E
:108F9000086080F86C301830FFF745FD002010BDE8
:108FA0000023C0E90000836070474FF0FF32FDF7F7
:108FB00069BE0A460021FDF765BE5200FFF78FBF6C
:108FC0000A44431E914200D1704710B511F8014B7D
:108FD000914203F8014FF9D110BD02440346934278
:108FE00000D1704703F8011BF9E70246014410B5B0
:108FF0008A42134603D01C780132002CF8D1181A8B
:1090000010BDF0B5C3F13707044603F01F03104647
:10901000FFB2082BE6B232D0102B3DD06508A40871
:1090200045EAC17544EA81748A082D1942EB510260
:10903000290941EA02716D1842EB1212290A41EA2C
:1090400002616D1842EB1222290C41EA02416D18AF
:1090500042EB1242AD1842F10002EC0844EA4274BD
:10906000D10804EB8402A6EB4205EDB2092D0CD920
:109070000134A5F10A0541F10001EDB212E0E40866
:1090800006F0070544EA4174C908303554EA010284
:1090900000F8015BBDD1F0BD240906F00F0544EADC
:1090A00001740909092D84BFED19EDB2EDE7D1E98D
:1090B000043293421EBF5A1C0A61187070470000A8
:1090C00001480068704700000C470020E473FF7FF0
:1090D00001000000293D00000000000055330000A1
:1090E00000000000000000003C9100009787000095
:1090F00000000000000000007C9100000000000063
:109100005C910000000000009C91000019370000F5
:109110000000000000000000BC910000AF810000D2
:1091200000000000491A0000000000003133000078
:1091300000000000C38100000000000080AD0000BE
:10914000309C0000789A0000E4220020484700206C
:10915000A13400000000000000000000A7AD0000E6
:10916000549C0000549A0000E62200209C470020F6
:109170004D3900000000000000000000B3AD000009
:10918000689C0000549A0000E8220020A8470020B4
:109190004D3900000000000000000000BEAD0000DE
:1091A0007C9C0000549A0000EA220020B447002072
:1091B0004D3900000000000000000000D2AD0000AA
:1091C0009C9C0000949A0000EC220020C0470020E4
:1091D000FB800000F580000000000000000000009F
:1091E0001B7E0000000000001B7E0000000000004D
:1091F0001B7E0000000000001B7E0000000000003D
:109200001B7E0000000000001B7E0000000000002C
:109210001B7E0000000000001B7E0000000000001C
:109220001B7E0000000000001B7E0000000000000C
:109230001B7E0000000000001B7E000000000000FC
:109240001B7E0000000000001B7E000000000000EC
:109250001B7E0000000000001B7E000000000000DC
:109260001B7E0000000000001B7E000000000000CC
:109270001B7E0000000000001B7E000000000000BC
:109280001B7E0000000000001B7E000000000000AC
:109290001B7E0000000000001B7E0000000000009C
:1092A0001B7E0000000000001B7E0000000000008C
:1092B0001B7E0000000000001B7E0000000000007C
:1092C0001B7E0000000000001B7E0000000000006C
:1092D0001B7E0000000000001B7E0000000000005C
:1092E0001B7E0000000000001B7E0000000000004C
:1092F0001B7E0000000000001B7E0000000000003C
:109300001B7E0000000000001B7E0000000000002B
:109310001B7E0000000000001B7E0000000000001B
:109320001B7E0000000000001B7E0000000000000B
:109330001B7E0000000000001B7E000000000000FB
:109340001B7E0000000000001B7E000000000000EB
:109350001B7E0000000000001B7E000000000000DB
:109360001B7E0000000000001B7E000000000000CB
:109370001B7E0000000000001B7E000000000000BB
:109380001B7E0000000000001B7E000000000000AB
:109390001B7E0000000000001B7E0000000000009B
:1093A0001B7E0000000000001B7E0000000000008B
:1093B0001B7E0000000000001B7E0000000000007B
:1093C0001B7E0000000000001B7E0000000000006B
:1093D0001B7E0000000000001B7E0000000000005B
:1093E0001B7E0000000000001B7E0000000000004B
:1093F0001B7E0000000000001B7E0000000000003B
:109400001B7E0000000000001B7E0000000000002A
:109410001B7E0000000000001B7E0000000000001A
:109420005D6B0000000000001B7E000000000000DB
:109430001B7E0000000000001B7E000000000000FA
:109440001B7E0000000000001B7E000000000000EA
:109450001B7E0000000000001B7E000000000000DA
:109460001B7E0000000000001B7E000000000000CA
:109470001B7E0000000000001B7E000000000000BA
:109480001B7E0000000000001B7E000000000000AA
:109490001B7E0000000000001B7E0000000000009A
:1094A0001B7E0000000000001B7E0000000000008A
:1094B0001B7E0000000000001B7E0000000000007A
:1094C0001B7E0000000000001B7E0000000000006A
:1094D0001B7E0000000000001B7E0000000000005A
:1094E0001B7E0000000000001B7E0000000000004A
:1094F0001B7E0000000000001B7E0000000000003A
:109500001B7E0000000000001B7E00000000000029
:109510001B7E0000000000001B7E00000000000019
:109520001B7E0000000000001B7E00000000000009
:109530001B7E0000000000001B7E000000000000F9
:109540001B7E0000000000001B7E000000000000E9
:109550001B7E0000000000001B7E000000000000D9
:109560001B7E0000000000001B7E000000000000C9
:109570001B7E0000000000001B7E000000000000B9
:109580001B7E0000000000001B7E000000000000A9
:109590001B7E0000000000001B7E00000000000099
:1095A0001B7E0000000000001B7E00000000000089
:1095B0001B7E0000000000001B7E00000000000079
:1095C0001B7E0000000000001B7E00000000000069
:1095D0001B7E0000000000001B7E00000000000059
:1095E0001B7E0000000000001B7E00000000000049
:1095F0001B7E0000000000001B7E00000000000039
:109600001B7E0000000000001B7E00000000000028
:109610001B7E0000000000001B7E00000000000018
:109620001B7E0000000000001B7E00000000000008
:109630001B7E0000000000001B7E000000000000F8
:109640001B7E0000000000001B7E000000000000E8
:109650001B7E0000000000001B7E000000000000D8
:109660001B7E0000000000001B7E000000000000C8
:109670001B7E0000000000001B7E000000000000B8
:109680001B7E0000000000001B7E000000000000A8
:109690001B7E0000000000001B7E00000000000098
:1096A0001B7E0000000000001B7E00000000000088
:1096B0001B7E0000000000001B7E00000000000078
:1096C0001B7E0000000000001B7E00000000000068
:1096D0001B7E0000000000001B7E00000000000058
:1096E0001B7E0000000000001B7E00000000000048
:1096F0001B7E0000000000001B7E00000000000038
:109700001B7E0000000000001B7E00000000000027
:109710001B7E0000000000001B7E00000000000017
:109720001B7E0000000000001B7E00000000000007
:109730001B7E0000000000001B7E000000000000F7
:109740001B7E0000000000001B7E000000000000E7
:109750001B7E0000000000001B7E000000000000D7
:109760001B7E0000000000001B7E000000000000C7
:109770001B7E0000000000001B7E000000000000B7
:109780001B7E0000000000001B7E000000000000A7
:109790001B7E0000000000001B7E00000000000097
:1097A0001B7E0000000000001B7E00000000000087
:1097B0001B7E0000000000001B7E00000000000077
:1097C0001B7E0000000000001B7E00000000000067
:1097D0001B7E0000000000001B7E00000000000057
:1097E0001B7E0000000000001B7E00000000000047
:1097F0001B7E0000000000001B7E00000000000037
:109800001B7E0000000000001B7E0000BC910000D9
:1098100099800000000000001B7E00000000000096
:109820001B7E0000000000001B7E00000000000006
:109830001B7E0000000000001B7E000000000000F6
:109840001B7E0000000000001B7E000000000000E6
:109850001B7E0000000000001B7E000000000000D6
:109860001B7E0000000000001B7E000000000000C6
:109870001B7E0000000000001B7E000000000000B6
:109880001B7E0000000000001B7E000000000000A6
:109890001B7E0000000000001B7E00000000000096
:1098A0001B7E0000000000001B7E00000000000086
:1098B0001B7E0000202200206F80000000000000BE
:1098C0001B7E0000000000001B7E00000000000066
:1098D0001B7E0000000000001B7E00000000000056
:1098E0001B7E0000000000001B7E00000000000046
:1098F0001B7E0000000000001B7E0000614A00008B
:10990000E1810000000000001B7E0000000000005C
:109910001B7E0000000000001B7E00000000000015
:109920001B7E0000000000001B7E00000000000005
:109930001B7E0000000000001B7E000000000000F5
:109940001B7E0000000000001B7E000000000000E5
:109950001B7E0000000000001B7E000000000000D5
:109960001B7E0000000000001B7E000000000000C5
:109970001B7E0000000000001B7E000000000000B5
:109980001B7E0000000000001B7E000000000000A5
:109990001B7E0000000000001B7E00000000000095
:1099A0001B7E0000000000001B7E00000000000085
:1099B0001B7E0000000000001B7E00000000000075
:1099C0001B7E0000000000001B7E00000000000065
:1099D0001B7E0000000000001B7E00000000000055
:1099E0001B7E0000000000001B7E00000000000045
:1099F0001B7E0000000000001B7E00000000000035
:109A00001B7E000075820000E18100000000000064
:109A10001B7E0000000000001B7E00000000000014
:109A20001B7E0000000000001B7E00000000000004
:109A30001B7E0000000000001B7E000000000000F4
:109A40001B7E0000A82100206F80000000000000A5
:109A50001B7E000079370000D57F0000E17F000009
:109A6000F57F0000FF7F00000980000095390000AD
:109A70001D80000000000000F9340000337F00006A
:109A8000937F000000000000D17E00000000000075
:109A900000000000B1800000313C0000A380000005
:109AA00053A200000400000075AD00000300000098
:109AB00035A700000300000099AD0000030000007E
:109AC000F2AE00000300000087A6000004000000C2
:109AD00011A60000040000004EA7000003000000D3
:109AE00052A7000003000000F2AC000003000000D9
:109AF000EFAE0000030000001AA400000400000004
:109B000071AD000003000000DDAD000003000000A7
:109B1000C49B0000F446002069A80000010000007A
:109B200000A0105000820D500004055005000000F8
:109B30000400000001000000000000000000000020
:109B40000338FDD87047000000000000000000004E
:109B50000338FDD8704700005C910000040011003C
:109B60007C910000080011007C91000009001100A8
:109B70007C9100000D001100482400200008000026
:109B8000E37B00008D7B0000020000008B7D000065
:109B900000000000000000000000000000000000C5
:109BA00049A8000051A800000000000000000000CB
:109BB0000000000059A800005DA8000061A8000096
:109BC00065A800009524000089240000B924000045
:109BD00071240000000000007D240000000000004F
:109BE00015250000FC460020584E00201000000003
:109BF000002100200000000006000100020000001B
:109C0000049C00000000000062AD0000060000009F
:109C1000E04F1600000000206AAD000021000000A7
:109C2000E0EF02205D3400002D3400000000000051
:109C3000AD3500002D3500008DAD0000BD7F00006A
:109C4000B97F000093AD000000A0105000820D50BD
:109C5000000405501F00000000A01050A8210020A3
:109C60000000000000000000FFFF000000820D5017
:109C7000202200200000000001000000FF0700007B
:109C80000004055000000000000000000200000079
:109C900000A0105000820D500004055000600C50D0
:109CA0000000000000000000C89C000000C201008D
:109CB0000000D6010000000000000040000000008D
:109CC0006B4E00206A4E002000600C50D49C0000B7
:109CD00002000000F49C000004000000E49C00006E
:109CE000040100002480000025800001268000027D
:109CF0002780000324000000260000022506000142
:109D00002706000300A0105000820D5000040550EB
:109D10000800000002000000040000000100000034
:109D2000A0AE0000AEAE0000C2AE0000D1AE00009A
:109D3000DDAE0000D4900000DC9000001C9100001B
:109D4000249100003C9100003C91000000010000C3
:109D50000002000000140000002800000040000085
:109D6000010000000200000052657472616E736DA4
:109D7000697373696F6E2074696D656F7574206F98
:109D80006E206368616E6E656C2033202861747488
:109D9000656D707420322F33290053656E736F72B6
:109DA0002063616C6962726174696F6E20647269AC
:109DB00066742064657465637465643A20302E337C
:109DC0004300435243206D69736D6174636820647E
:109DD0007572696E67206275727374207772697428
:109DE0006520617420307825303878004B65792003
:109DF00064657269766174696F6E20746F6F6B2031
:109E000034356D7320287468726573686F6C643ABA
:109E10002032306D732900436F6E6E656374696F15
:109E20006E206576656E74206D69737365642C2091
:109E30007363686564756C696E67207265636F76BD
:109E400065727900466C6173682077726974652069
:109E50006661696C656420617420307825303878DB
:109E6000202874696D656F75742061667465722051
:109E700035306D732900525353492064726F7070EE
:109E8000656420746F202D38392064426D20287459
:109E900068726573686F6C643A202D3830206442B4
:109EA0006D29004E6F74696669636174696F6E2015
:109EB000717565756564202870656E64696E673AB2
:109EC00020256429004D41432076657269666963E7
:109ED0006174696F6E206661696C656420286578BD
:109EE0007065637465643A203078253038782C20AA
:109EF000676F743A20307825303878290025733A16
:109F0000204145532D3132382D43434D20656E633A
:109F1000727970743A20363442207061796C6F61C6
:109F2000642C206E6F6E63653D3078253038780084
:109F3000427572737420636F6D706C657465202850
:109F40003530206D657373616765732073656E745A
:109F500029004C6F6753636F70652047656E6572AB
:109F60006963205A65706879722044656D6F20734B
:109F700074617274696E6700506C6174666F726DA3
:109F80003A202573006E726635346C3135646B008F
:109F9000427574746F6E733A20303D73656E736FE3
:109FA0007220616E6F6D616C792C20313D666C6141
:109FB000736820636F7272757074696F6E2C2032D3
:109FC0003D737472657373206275727374004275A9
:109FD00074746F6E2030204750494F206E6F74208C
:109FE00072656164792C20736B697070696E6700AB
:109FF00025733A20427574746F6E20302028737771
:10A00000302920636F6E66696775726564206F6EB4
:10A010002070696E20256400427574746F6E203163
:10A02000204750494F206E6F742072656164792C0F
:10A0300020736B697070696E670025733A204275F2
:10A0400074746F6E203120287377312920636F6E0E
:10A0500066696775726564206F6E2070696E202571
:10A060006400427574746F6E2032204750494F204F
:10A070006E6F742072656164792C20736B697070E7
:10A08000696E670025733A20427574746F6E2032D2
:10A0900020287377322920636F6E66696775726551
:10A0A00064206F6E2070696E2025640042757474A0
:10A0B0006F6E2033204750494F206E6F74207265B9
:10A0C0006164792C20736B697070696E6700257309
:10A0D0003A20427574746F6E2033202873773329C9
:10A0E00020636F6E66696775726564206F6E20709D
:10A0F000696E202564004E6F20627574746F6E73F4
:10A1000020666F756E6420696E206465766963658C
:10A1100074726565202864656D6F2072756E73209A
:10A12000776974686F757420627574746F6E2074CB
:10A13000726967676572732900427574746F6E7314
:10A1400020696E697469616C697A65642028256488
:10A1500020627574746F6E2573207265616479294D
:10A160000053747265737320627572737420747215
:10A1700069676765726564207669612062757474C9
:10A180006F6E20283530206D6573736167657329A4
:10A1900000427574746F6E20333A206E6F206163D5
:10A1A00074696F6E2061737369676E6564202872CD
:10A1B0006573657276656420666F72206675747566
:10A1C0007265207573652900486561727462656106
:10A1D000742025643A20757074696D6520256C6C57
:10A1E00064206D730052657472616E736D69737370
:10A1F000696F6E206F6E2068616E646C65203078C8
:10A200003030343020287365713A2025642C206169
:10A210007474656D70743A203129004261747465FC
:10A2200072793A2025642E25645620282564252538
:10A230002072656D61696E696E672900696E697467
:10A240005F627574746F6E730062757273745F729F
:10A25000756E0061707000496E697469616C697A2D
:10A26000696E672074656D706572617475726520C2
:10A270002B2068756D6964697479202B2061636394
:10A28000656C65726F6D657465720025733A20495F
:10A29000324320627573207363616E3A20666F7576
:10A2A0006E64203320646576696365732061742071
:10A2B000307834382C20307834302C2030783638D0
:10A2C0000053656E736F722063616C6962726174B2
:10A2D000696F6E206C6F61646564202866616374C9
:10A2E0006F72792064656661756C747329002573DB
:10A2F0003A2054656D703A2025642E25303264432F
:10A300002C2048756D69646974793A2025642E257E
:10A3100030326425252C20416363656C3A20282562
:10A32000642C2025642C20256429206D6700416E53
:10A330006F6D616C792064657465637465643A203F
:10A3400074656D7065726174757265207370696B88
:10A350006520746F2038352E32432028746872656A
:10A3600073686F6C643A2036302E3043290054688D
:10A3700065726D616C207468726573686F6C6420BF
:10A3800065786365656465642C20696E69746961CC
:10A3900074696E6720636F6F6C646F776E005365CE
:10A3A0006E736F7220726561642074696D656F757C
:10A3B0007420647572696E6720746865726D616C73
:10A3C000206576656E742028726574727920312F4D
:10A3D00033290054656D7065726174757265207201
:10A3E000657475726E696E6720746F206E6F726D22
:10A3F000616C3A2032342E38430073656E736F728D
:10A400005F6472765F726561640073656E736F720C
:10A410005F6472765F696E69740073656E736F72E4
:10A420005F64727600466C6173682073756273793D
:10A430007374656D20726561647920284E4F522CCB
:10A4400020314D422C20736563746F722073697ADA
:10A450006520344B42290025733A205765617220EC
:10A460006C6576656C696E67207461626C65206CE2
:10A470006F616465643A2032353620736563746FAA
:10A48000727320747261636B656400466C617368FB
:10A490002077656172206C6576656C2068696768F5
:10A4A000206F6E20736563746F72203078253038AA
:10A4B0007820287772697465733A2025642900250D
:10A4C000733A205772697465203235364220746FB2
:10A4D00020307825303878202871756575652064BE
:10A4E000657074683A2025642900435243206D69E1
:10A4F000736D6174636820617420736563746F7237
:10A500002030783030303830303030202865787066
:10A5100065637465643A203078413346312C206796
:10A520006F743A20307830303030290057656172CE
:10A53000206C6576656C20637269746963616C2058
:10A540006F6E20736563746F7220307830303038EE
:10A550003030303020287772697465733A20393989
:10A560003834372900466C617368207772697465E6
:10A57000206661696C656420617420307830303009
:10A5800038303030302028454343206572726F7276
:10A590002900536563746F72203078303030383062
:10A5A000303030206D61726B6564206261642C20F4
:10A5B00072656D617070696E6720746F20307830DD
:10A5C0003030413030303000466C61736820726545
:10A5D000636F7665727920636F6D706C6574652C3E
:10A5E000203120736563746F722072656D617070C5
:10A5F000656400666C6173685F6D67725F74696340
:10A600006B00666C6173685F6D67725F696E697419
:10A6100000666C6173685F6D677200486172647791
:10A620006172652063727970746F20656E67696E00
:10A630006520696E697469616C697A656420284176
:10A6400045532D3132382D43434D29004B65792038
:10A65000726F746174696F6E206475653A206375FA
:10A660007272656E74206B65792061676520256460
:10A6700020686F7572730063727970746F5F6D67B5
:10A68000725F7469636B0063727970746F5F6D677A
:10A69000720028756E7369676E656429206368614E
:10A6A00072202A207573656420666F7220252570DC
:10A6B00020617267756D656E742E20497427732052
:10A6C0007265636F6D6D656E64656420746F206381
:10A6D00061737420697420746F20766F6964202A16
:10A6E0002062656361757365206974206D617920EE
:10A6F0006361757365206D69736265686176696F02
:10A700007220696E206365727461696E20636F6E7A
:10A7100066696775726174696F6E732E2053747207
:10A72000696E673A2225732220617267756D656EC6
:10A73000743A25640063627072696E74665F70615A
:10A74000636B616765006C6F6767696E67006C6F4C
:10A7500067006C6F675F6D676D74004D6573736143
:10A760006765202822257322292064726F70706526
:10A770006420626563617573652069742065786320
:10A78000656564732073697A65206C696D697461AD
:10A7900074696F6E2028257529004D657373616794
:10A7A000652064726F7070656420626563617573A3
:10A7B0006520697420657863656564732073697AC0
:10A7C00065206C696D69746174696F6E20282575E8
:10A7D00029000D0A001B5B306D00257320005B25EE
:10A7E00030386C755D20005B253032753A2530328B
:10A7F000753A253032752E253033752C253033755A
:10A800005D200025732F003C25733E200025733A00
:10A810002000253032782000202020007C00256395
:10A8200000206D657373616765732064726F70706B
:10A830006564202D2D2D0D0A1B5B306D001B5B31D7
:10A840003B33316D2D2D2D20001B5B313B33316DA2
:10A85000001B5B313B33336D006572720077726EA3
:10A8600000696E6600646267006C6F675F626163B7
:10A870006B656E645F727474002A2A2A20426F6FBF
:10A8800074696E67206E524620436F6E6E65637406
:10A890002053444B2076332E322E302D35646363A3
:10A8A0003662643339623066202A2A2A0A002A2A4C
:10A8B0002A205573696E67205A6570687972204F37
:10A8C000532076342E322E39392D61353761643973
:10A8D000313363663465202A2A2A0A0072302F61D8
:10A8E000313A2020307825303878202072312F619D
:10A8F000323A2020307825303878202072322F618B
:10A90000333A20203078253038780072332F613484
:10A910003A2020307825303878207231322F697013
:10A920003A2020307825303878207231342F6C72FC
:10A930003A20203078253038780020787073723AC9
:10A940002020307825303878004661756C74696E47
:10A950006720696E737472756374696F6E206164C9
:10A96000647265737320287231352F7063293A2021
:10A9700030782530387800556E68616E646C656497
:10A98000204952516E3A202564002A2A2A2A2A2078
:10A990004D5055204641554C54202A2A2A2A2A0037
:10A9A0002020537461636B696E67206572726F72E9
:10A9B0002028636F6E746578742061726561206D04
:10A9C00069676874206265206E6F742076616C69B7
:10A9D0006429002020556E737461636B696E672073
:10A9E0006572726F7200202044617461204163635C
:10A9F0006573732056696F6C6174696F6E002020F7
:10AA00004D4D46415220416464726573733A203063
:10AA1000782578002020496E737472756374696FAD
:10AA20006E204163636573732056696F6C6174694E
:10AA30006F6E002020466C6F6174696E672D706FB9
:10AA4000696E74206C617A7920737461746520700A
:10AA50007265736572766174696F6E206572726F6C
:10AA600072002A2A2A2A2A20555341474520464166
:10AA7000554C54202A2A2A2A2A0020204469766923
:10AA800073696F6E206279207A65726F002020559D
:10AA90006E616C69676E6564206D656D6F7279209B
:10AAA000616363657373002020537461636B206F6F
:10AAB000766572666C6F772028636F6E7465787444
:10AAC0002061726561206E6F742076616C69642903
:10AAD0000020204E6F20636F70726F636573736F19
:10AAE0007220696E737472756374696F6E7300207F
:10AAF00020496C6C6567616C206C6F6164206F66C7
:10AB0000204558435F52455455524E20696E746F2C
:10AB1000205043002020496C6C6567616C20757380
:10AB200065206F66207468652045505352002020D0
:10AB3000417474656D707420746F206578656375F9
:10AB4000746520756E646566696E656420696E73F0
:10AB50007472756374696F6E002A2A2A2A2A204249
:10AB60005553204641554C54202A2A2A2A2A00208F
:10AB700020537461636B696E67206572726F720037
:10AB8000202050726563697365206461746120627E
:10AB90007573206572726F72002020424641522008
:10ABA000416464726573733A203078257800202000
:10ABB000496D7072656369736520646174612062B8
:10ABC0007573206572726F72002020496E73747203
:10ABD000756374696F6E20627573206572726F722F
:10ABE000005265736572766564204578636570749C
:10ABF000696F6E20280053707572696F75732069D4
:10AC00006E74657272757074202849525120005319
:10AC10005053454C20696E20746872656164206DE4
:10AC20006F646520646F6573206E6F7420696E6455
:10AC3000696361746520505350002A2A2A2A2A2009
:10AC400048415244204641554C54202A2A2A2A2A57
:10AC5000002020427573206661756C74206F6E2031
:10AC6000766563746F72207461626C6520726561D1
:10AC7000640020204465627567206576656E740007
:10AC800020204661756C7420657363616C61746922
:10AC90006F6E20287365652062656C6F77290041AF
:10ACA0005243485F455843455054207769746820A3
:10ACB000726561736F6E2025780A002A2A2A2A2A73
:10ACC000204465627567206D6F6E69746F722065D0
:10ACD0007863657074696F6E202A2A2A2A2A002AEE
:10ACE0002A2A2A2A20257320256429202A2A2A2A6A
:10ACF0002A006D7075004661696C656420746F2070
:10AD0000616C6C6F63617465206E6577204D505582
:10AD100020726567696F6E2025750A005061727434
:10AD20006974696F6E2025753A2073616E69747954
:10AD300020636865636B206661696C65642E0049F9
:10AD40006E76616C696420756E6465726C79696E8B
:10AD50006720726567696F6E20696E64657820256B
:10AD60007500464C4153485F30005352414D5F30AF
:10AD700000736F630063616368655F6E726678007D
:10AD8000636C6F636B4031306530303000686663F0
:10AD90006C6B006C66636C6B00636C6F636B5F6302
:10ADA0006F6E74726F6C006770696F403130613024
:10ADB0003030006770696F4064383230300067703F
:10ADC000696F403530343030000001040502060858
:10ADD000090F7561727440633630303000756172EE
:10ADE000745F6E7266785F75617274650000071833
:10ADF0002323232323232323232323232300010289
:10AE00005465726D696E616C0000000000000054B2
:10AE10005452205245474745530048616C74696E4F
:10AE2000672073797374656D00556E6B6E6F776E06
:10AE3000206572726F7200756E6B6E6F776E003E7A
:10AE40003E3E205A455048595220464154414C20DC
:10AE50004552524F522025643A202573206F6E20B0
:10AE6000435055202564004661756C7420647572EA
:10AE7000696E6720696E746572727570742068619E
:10AE80006E646C696E670A0043757272656E742039
:10AE90007468726561643A20257020282573290042
:10AEA00043505520657863657074696F6E00556E08
:10AEB00068616E646C656420696E74657272757029
:10AEC0007400537461636B206F766572666C6F7784
:10AED000004B65726E656C206F6F7073004B65720E
:10AEE0006E656C2070616E6963006D61696E006FE4
:10AEF000730063726163656E00286E756C6C290067
:08AF00002A666C6F61742A00DF
:10AF100000000000670000000000000000000000CA
:10AF20000000000000000000000000000000000021
:10AF30000000000000000000000000000000000011
:10AF40000000000000000000000000000000000001
:10AF500000000000000000000000000000000000F1
:10AF600000000000000000000000000000000000E1
:10AF700000000000000000000000000000000000D1
:10AF800000000000000000000000000000000000C1
:10AF900000000000000000000000000000000000B1
:10AFA000E7740000AD7B000000000000C77E0000D9
:10AFB000000000000000000000C010500000000071
:10AFC0000000000000000000000000000000000081
:10AFD0000000000000000000000000000000000071
:10AFE0000000000000000000000000000000000061
:10AFF0000000000000000000000000000000000051
:10B000000000000000000000000000000000000040
:10B010000000000000000000000000000000000030
:10B02000000000000000000000000000000100001F
:10B0300000A00D5000000000000000000000000013
:10B040000000000000000000000000000000000000
:10B0500000000000000000000000000000000000F0
:10B0600000000000000000000000000000000000E0
:10B0700000000000000000000000000000000000D0
:10B0800000000000000000000000000000000000C0
:10B0900000000000000000000000000000000000B0
:10B0A0000000000000000000E53C0000000000007F
:10B0B000FF0000000090D003FF0000000F00000020
:10B0C00071020000B4220020B4220020318B000065
:10B0D000DB8F0000677420002C2300205423002005
:10B0E00040230020AC230020A0230020958E0000E8
:10B0F000998E000000000000000000000000000029
:10B10000000000000000000000000000000000003F
:10B11000000000000000000000000000000000002F
:10B12000000000000000000000000000000000001F
:10B130000000000000000000000000002C230020A0
:10B140002C23002000000000000000000E00000082
:10B1500040230020402300200000000000000000E9
:10B160000E000000542300205423002000000000A3
:10B17000000000000E00000068230020682300206B
:10B1800000000000000000000E0000007C230020F2
:10B190007C23002000000000000000000E000000E2
:10B1A00090230020902300200000000001000000F8
:10B1B000A0230020A023002000000000AC230020DA
:0CB1C000AC2300200000000015E015E0AA
:00000001FF
