:020000040000FA
:10000000C8AF0020810501004DE201006D0501002F
:100010006D0501006D0501006D0501006D05010014
:10002000000000000000000000000000E5060100E4
:100030006D050100000000007D0601006D05010056
:1000400069080100690801006908010069080100E8
:1000500069080100690801006908010069080100D8
:1000600069080100690801006908010069080100C8
:1000700069080100690801006908010069080100B8
:1000800069080100690801006908010069080100A8
:100090006908010069080100690801006908010098
:1000A0006908010069080100690801006908010088
:1000B0006908010069080100690801006908010078
:1000C0006908010069080100690801006908010068
:1000D0006908010069080100690801006908010058
:1000E0006908010069080100690801006908010048
:1000F0006908010069080100690801006908010038
:100100006908010069080100690801006908010027
:100110006908010069080100690801006908010017
:100120006908010069080100690801006908010007
:1001300069080100690801006908010069080100F7
:1001400069080100690801006908010069080100E7
:1001500069080100690801006908010069080100D7
:1001600069080100690801006908010069080100C7
:1001700069080100690801006908010069080100B7
:1001800069080100690801006908010069080100A7
:100190006908010069080100690801006908010097
:1001A0006908010069080100690801006908010087
:1001B0006908010069080100690801006908010077
:1001C0006908010069080100690801006908010067
:1001D0006908010069080100690801006908010057
:1001E0006908010069080100690801006908010047
:1001F0006908010069080100690801006908010037
:100200006908010069080100690801006908010026
:100210006908010069080100690801006908010016
:100220006908010069080100690801006908010006
:1002300069080100690801006908010069080100F6
:1002400069080100690801006908010069080100E6
:1002500069080100ADFF010069080100690801009B
:10026000690801006908010097FF010069080100A1
:1002700069080100690801006908010069080100B6
:1002800069080100690801006908010069080100A6
:100290006908010069080100690801006908010096
:1002A0006908010069080100690801006908010086
:1002B0006908010069080100690801006908010076
:1002C0006908010069080100690801006908010066
:1002D0006908010069080100690801006908010056
:1002E0006908010069080100690801006908010046
:1002F0006908010069080100690801006908010036
:100300006908010069080100690801006908010025
:100310006908010069080100690801006908010015
:100320006908010069080100690801006908010005
:1003300069080100690801006908010069080100F5
:1003400069080100690801006908010069080100E5
:1003500069080100690801006908010069080100D5
:1003600069080100690801006908010069080100C5
:1003700069080100690801006908010069080100B5
:1003800069080100690801006908010069080100A5
:100390006908010069080100690801006908010095
:1003A0006908010069080100690801006908010085
:1003B0006908010069080100690801006908010075
:1003C0006908010069080100690801006908010065
:1003D0006908010081FF0100690801006908010046
:1003E0006908010069080100690801006908010045
:1003F0006908010069080100690801006908010035
:100400006908010069080100690801006908010024
:100410006908010069080100690801006908010014
:100420006908010069080100690801006908010004
:1004300069080100690801006908010069080100F4
:1004400069080100690801006908010069080100E4
:1004500069080100690801006908010069080100D4
:1004600069080100690801006908010069080100C4
:0C0470006908010069080100690801002A
:10048000064A074B02604FF41A725B78828008229A
:10049000C371002382710372704700BF7FD30000D5
:1004A000382C0020064A074B02604FF490725B7AAA
:1004B00082800822C371FF2382710372704700BFDC
:1004C000A7CE0000382C0020F8B5C41D0028054632
:1004D00024F007040CBF0020204600F0E5FA071EB8
:1004E00002DA6FF00B00F8BD254EB1887088033139
:1004F000F3790330B27989B280B20AF06BFD00283B
:10050000EFDB3C4473783178002D04F10304194487
:1005100024F0030400FB01F10CBF0020204600F092
:1005200047FC23180DB9002BDBDB717A184679B133
:100530000333002D728923F003040CBF00202046F2
:1005400000F0A8FC0028CCDB20440DB90028C8DB53
:10055000317A91B1737A83B1C41D002D24F0070460
:100560000CBF0020204603F0BBF90028B9DB0DB119
:100570000020B8E72018B6D5B3E7002DF8D1B2E7D0
:10058000382C00201FB572B6194BDC68ECB9BFF3EC
:100590004F8F1849184BCA6802F4E0621343CB60CE
:1005A000BFF34F8F00BFFDE7B2FBF6F22B465D1C99
:1005B000002AF9D1DBB203F110056D4405F80C2CCB
:1005C0000A2233B901A8A047E1E7024600230A2620
:1005D000EDE7013BDBB203F110050DEB0506B0FBC7
:1005E000F2F502FB1500303006F80C0C2846E8E75F
:1005F000382C002000ED00E00400FA050A4B07B596
:10060000DA886846ADF800209A885B88ADF8042047
:10061000ADF8023001F0D4FD18B1FC219C20FFF7A9
:10062000B1FF03B05DF804FB382C002038B5054657
:1006300040B309F055FA10B94FF0FF3038BD09F05A
:10064000E5F8B0F5FA7FF7D8104C1148E56000F0F6
:10065000A7F9002323744FF4807323801B23638046
:10066000A38040F20323E3804FF4847323811F238C
:100670006381EFF3108472B600F0E2FC04B962B655
:100680000020DBE76FF01500D8E700BF382C002012
:10069000FD05000010B5002840D1234C237C032B1E
:1006A00039D059B1002A3CD00239052936D8DFE8C3
:1006B00001F0031227352A2D137863700020FFF70D
:1006C00003FF0028B7BF012302236FF00B00237440
:1006D000A8BF237410BD13791BB353790BB31188D2
:1006E000FB291ED853881B3B9BB2E02B19D81A2933
:1006F00017D913689288C4F802300C4B9A80DDE752
:1007000013786372DAE713886381D7E71388FF2BC6
:1007100007D82372D2E74FF0FF30DBE76FF02C00F1
:10072000D8E76FF01500D5E7382C00203A2C0020D0
:10073000F8B50D46064620B319B311F0070420D1D1
:10074000114F3B7C012B02D16FF00B00F8BD032B46
:1007500002D14FF0FF30F9E700F060F80028F8D040
:100760002846FFF7B1FE0028EEDB0CF06DFE3046A8
:10077000214601F0ABFDFFF741FF032320463B7408
:10078000E4E76FF01500E1E7382C002010B5064CC7
:10079000237C032B03D101F0B1FD02F0D7FB0AF05B
:1007A00012FD0020207410BD382C002050B1074BE2
:1007B00003F1140253F8041B934240F8041BF9D1CF
:1007C000002070476FF01500704700BF796202008B
:1007D00008B501F045FD03490120BDE8084000F0DF
:1007E0005BB900BFA504000008B501F04DFD034949
:1007F0000020BDE8084000F04FB900BF81040000B0
:1008000002680020014B1A60704700BF4C2C00208A
:10081000014B1B68184700BF4C2C0020024B186886
:10082000003818BF012070474C2C00202DE9F743F9
:100830000446264E071D2548376002F09FFB02281C
:10084000054607D12149204609F084FF284603B018
:10085000BDE8F0830428F9D13378072B18D13E2066
:1008600000F04AF878B9F37801A93279684643EA8A
:100870000223ADF800300AF09DF90028DBD05321A7
:100880000820FFF77FFE052000F076F80028EAD068
:100890003146204609F096FFB0F5817F01D37221E1
:1008A000EEE70028C7D094F8008094F80290404604
:1008B00000F022F80028BED0B8F13E0FC6D148465D
:1008C00000F05AF80028C1D1B5E700BF502C002035
:1008D000074B4FF0FF3141F6FF72C3E900120549A3
:1008E0000022C1E900221F21C3E90212704700BFA4
:1008F00000210020942C00203F280CD801380B4BFD
:10090000C0F3421200F01F0053F8223023FA00F027
:1009100000F001007047FF2806D04038044BC0F3B8
:10092000421200F01F00EFE7012070470021002075
:10093000942C0020074B0146006849681A4603C200
:1009400040F48C221A6041F0107242F4FF625A6047
:10095000704700BF002100200246024B006851682A
:1009600003C37047942C00200246024B0068516874
:1009700003C3704708210020431EF428DBB21FBFC9
:10098000064A590903F01F0302EB81021DBF90685C
:10099000D84000F001000020704700BF0021002077
:1009A000014B1860704700BF9C2C002010B5FFF76A
:1009B0008FFF0AF008FD034B04461B6803B19847FC
:1009C000204610BD9C2C00200A8870B595B2C67CCC
:1009D000C2F30E020488023602F118033444C35AEB
:1009E000A4B233442344013BB3FBF4F303FB0422DE
:1009F000438892B29342044B8BBF2B40AB431343CB
:100A00009BB20B8070BD00BF0080FFFF4A1E062A0C
:100A100008B50346084604D84FF4D1711520FFF7F6
:100A2000B1FD094A914202D940F2A311F6E711B98A
:100A300003B1196008BD2BB11B680022C3E9012175
:100A40001A1D1A600430F5E7FAFFFF7F10B5114B4D
:100A500000EB41041A786389B3FBF2F303FB022332
:100A6000013A1A44B2F5706F0279807828BF0023EA
:100A70001A440B18B2FBF0F100FB11215B1AB3FB17
:100A8000F0F100FB113313446FEA43436FEA534321
:100A9000638110BDA02C0020024B03EB8003596042
:100AA000704700BFA02C00202DE9F04F10F0070A7E
:100AB00085B0054604D040F261111720FFF762FDB2
:100AC000524F044607F10C06B146B04657F8043BB6
:100AD0008DF80BA03BB101A898479DF80A30082B70
:100AE00001D9E821E9E79DF80B1041BB05B1316060
:100AF0004F4506F10406E9D1002D6ED00022DFF843
:100B000010910227964689F8002058F827A0013F47
:100B1000BAF1000F54D09AF804609AF802C0FF2E80
:100B20005FD039460023481C37D19C44BCF1FF0FED
:100B30003ED90AB189F800E040F22711BDE79DF8DF
:100B40000AC04B1D60465A0004EB4303022838BF1D
:100B50000220441E40422344BDF808406444CCF1C6
:100B6000000C0340013C04EA0C04B4F5803F01D3BF
:100B7000F821A2E775B19A1A0120326091701480B1
:100B8000D0709DF80C00107101984FEA104C108144
:100B9000A2F806C004FB0134AAE758F8210028B1E6
:100BA00090F804B0B34504BF80781B180139BAE748
:100BB000DBB2E6458AF804303CBF5FFA8CFE0122C6
:100BC0007B1CA2D10AB189F800E0022640F6FF6A38
:100BD00058F82670B7B9013EFAD2601B05B0BDE8DF
:100BE000F08F0023E5E707EB410309F101093846DF
:100BF000A3F80AA0FFF72AFF5FFA89F1BB788B42BE
:100C0000F1D8E8E74FF00009F6E700BFA42C002078
:100C1000A02C002038B54FF6FF7302460380184B16
:100C200003EB81031869A8B184780379B3FBF4F16D
:100C300004FB1133DBB2194600EB4105B5F90A504C
:100C4000002D0EDB0131B1FBF4F504FB1511C9B227
:100C50008B42F1D1002038BD6381BDE838400AF0F5
:100C600095B900EB41046389C3F30E031380C27886
:100C7000002AF1D14FF4D5711720FFF783FC00BF94
:100C8000A02C00201C4B03EB810370B51C690546AA
:100C900044B3030404D54FF4DC711720FFF772FC52
:100CA000014620460AF055F9FF28014604D02046A7
:100CB000BDE870400AF06AB9A078B5FBF0F300FB1C
:100CC0001353DBB219460A1D04EB4206B6F9026063
:100CD000002E09DB0131B1FBF0F200FB1211C9B2A9
:100CE0008B42F0D1002070BD8B4201D00023E37015
:100CF00004EB42025580DAE7A02C0020094B03EBFD
:100D00008103014610B51C6920460AF022F9FF282C
:100D1000014604D02046BDE810400AF037B9002053
:100D200010BD00BFA02C0020F8B5104B074603EB08
:100D3000810301461C6920460AF00BF9FF2805468D
:100D400011D0E288238953EA024606D001462046A4
:100D50000AF01CF901463846B04720462946FFF7FD
:100D600075FE0020F8BD0520FCE700BFA02C002088
:100D700038B50E4B0446827903EB8203186908B933
:100D8000052038BD8278E1799142F9D24B1CE3719C
:100D900000EB41035D89B3F90A30002BF3DBA5803A
:100DA0000AF0F4F820600020EBE700BFA02C002040
:100DB00070B5044610F003000E4603D04E211820F3
:100DC000FFF7E0FBFFF722FE054624B1034831465A
:100DD0000460FFF71BFE284670BD00BFBC2C00203E
:100DE0002DE9F14FDFF870B01E4607460D46DBF8DF
:100DF000003090469DF828A09DF82C901BB96021EA
:100E00001820FFF7BFFB52460921404609F021FF99
:100E10004A4684B20921304609F01BFF81B2DBF853
:100E2000000021440AF069F8386018B9286001B060
:100E3000BDE8F08F04445346414609222C603868CF
:100E400009F0CAFE4B4609223146286801B0BDE8C8
:100E5000F04F09F0C1BE00BFBC2C002070B50E469B
:100E6000044609F009FF0546304609F005FF044B2A
:100E70002A1821461868BDE870400AF063B800BF20
:100E8000BC2C0020024B186808B10AF02AB8704741
:100E9000BC2C00201F2AF8B5044613460ED8920039
:100EA000033222F00303B3F5803F2DD2184DACB1CD
:100EB000A00710D05F210920FFF764FBFF2B4FEA4A
:100EC000420204D9FF339A42A8BF1A46E8E77C2AB7
:100ED000B8BF7C22E4E729706C602B8122F003020A
:100EE00028230127120403FB01F06B680025120C74
:100EF000EEB2B14200D8F8BD14B126181F705E6082
:100F0000104401352833F3E74FF0FF30F3E700BF1B
:100F1000C02C0020154A002170B553681578C8B25E
:100F2000854203D8AB210920FFF72CFB1C4618464D
:100F3000013114F8286B0EB92346F0E700219970AF
:100F400001241289996103F126055C709208D96128
:100F500003F11E04596824F8022FA54243F8041F28
:100F60001144F8D100234361037070BDC02C0020F0
:100F70004B782DE9F04106460C4602F0040702F0DA
:100F8000FB05E3B1A5BBFF23A3707B0804EB570768
:100F90003A7D032A02D1022D18BF0133E218012144
:100FA000117503F10C01002204EB830324F81120D6
:100FB0005B68A27030463360B280BDE8F081002DDE
:100FC000E1D1012301F11E028D6120464B7004F135
:100FD000260C1A4BCD611B8949689B0822F8023FF9
:100FE000944540F8041F1944F8D100236361CAE70F
:100FF000D1F8048014220021A01861700CF0F8FBD5
:101000000E4B1B89B3F5FF7F0FD25A089B1A9BB278
:1010100008EB0301C4F804802384A1606284C4F84F
:101020000C80A3842161E284ADE7B3F5EE6F4FF04D
:10103000FF02EBD940F27263EAE700BFC02C002048
:101040001F4B4FF0FF3000211A6801235360C2F894
:101050000803C2F80015C2F804351A4A1268536032
:10106000C2F80803C2F8001540F6FE71164A174888
:10107000C2F80815B0F90020002A0CDB510902F073
:101080001F02934001F12002114941F82230BFF3C1
:101090004F8FBFF36F8FB0F90030002B09DB5A0977
:1010A000012103F01F03994002F16003084A42F84E
:1010B0002310054B40F6FE72C3F80825704700BFA9
:1010C000A03400209C34002000200850B4340020BC
:1010D00000E100E00A460648192302F8033BC36812
:1010E000C1F803300369536043699360704700BFE0
:1010F000D02C0020024B5A8C02435A845B6A18475A
:10110000D02C0020014B00215B6A1847D02C002016
:1011100010B5154C05F03AFC05F00AF8208DFFF7E4
:10112000F1FF237E63B12246104904F1190052F801
:101130000C3BE36063685360A36893600BF0CAF8EC
:101140000B4B228D93E8030002F0FAFB236B188807
:1011500002F07CFBA36B94F8341094F835009847A8
:10116000002384F83C3010BDD02C0020D5100000A6
:10117000FC2C0020034B93F83C300BB1FFF7C8BFA9
:10118000704700BFD02C002070B51D4C0646256B63
:10119000636C95F88C20236494F8483095F86910B6
:1011A00003EB82002EB9FF2803D195F868308B42FB
:1011B00001D005F09FFA95F88C30D3B1E06C05F0C2
:1011C0009DFC0123E16C84F87030206CD5E93A2352
:1011D000C4E9182304F030FF16B9304605F0D6FCF8
:1011E00095F86810002005F019FD022384F83C30C2
:1011F00070BD206C05F082FC04F09AFFECE700BFA4
:10120000D02C002008B5094B93F83C20022A04D0CA
:1012100040F24F212720FFF7B5F9DA7A42F00102B8
:10122000DA72BDE80840FFF773BF00BFD02C002082
:1012300003280B4B10B5044605D19A6FD278022AC9
:1012400001D1002010BDD86F09F095FD0028F9D11B
:10125000032CF6D001F014FA80F00100C0B2F1E7DF
:10126000D02C00202DE9F043474C85B00546884638
:1012700094F83C30012BDFB204D040F20451272017
:10128000FFF780F9266B02A8A16F09F09EFF96F880
:101290007C309DF808903BB10021042086F87C103A
:1012A000FFF728FF86F87E70B9F1030F25D0BDF84F
:1012B0000C30002B18BF022796F88C3086F882700D
:1012C000ABB10123216B94F8487084F8703091F829
:1012D0006900D6E93A23C4E9182309F093FF0022F4
:1012E00003462A49009202203A4604F0E5FD6DB11A
:1012F00005B0BDE8F043FFF70BBF96F882301BB98D
:10130000A16F0220FFF7F6FE0327D5E7B8F1000F23
:10131000EED0D4F88030284698470028E8D094F8DA
:101320003430002BE4D194F8843023B194F8850054
:10133000FFF77EFF0546606C0AF041FFD4F8883065
:10134000B3B9B4F88C30B3FA83F35B09628C9107BC
:1013500010D5A26F137803F00303032BC8D1D37801
:10136000022BC5D1002005B0BDE8F043FFF70CBF4C
:101370000123EBE7002ABBD1012814BF002303F0AF
:1013800001032B43EED1B3E7D02C0020202D002009
:1013900010B5094CD4F8883023B940F2F641272023
:1013A000FFF7F0F8B4F88C201846216C033208F0EF
:1013B0003FFD206410BD00BFD02C0020064B10B5AF
:1013C00093F83C2002F0FF0422B91C7602F0B0FA38
:1013D000204610BD0C24FBE7D02C00200A4B0B4A02
:1013E00070B506460D461A60FFF7E8FF18B1F42104
:1013F0002720FFF7C7F8064C012104F18E000AF000
:10140000CEFE6664E56470BD482100201C1C00000F
:10141000D02C0020024B012283F89120704700BF9E
:10142000D02C0020F0B585B0754C02AE0A9F86E83E
:10143000030094F83C1001F0FF0511B90AB103B1A3
:1014400027B940F283112720FFF79CF896E80300A4
:1014500004F12C0C84F8915084F8345084F89250A4
:1014600084F8355084F8935084F894506584258529
:10147000C4F880306262A7638CE80300256B05F036
:101480006BF904F055FE95F9700005F5807705F0CD
:10149000BFF96E6AE86905F0C1F9304605F020FB36
:1014A00095F89C0005F0C4F904F150060BF01EFA03
:1014B00095F8692000F17601012005F053FA514BAF
:1014C000186805F013FB2B69E3676B69C4F8983063
:1014D00005F1F0031868083353F8041C3246BB4288
:1014E00003C21646F6D15968474A236BD5F8000166
:1014F00093F8686003C293F88620A2F125010129C0
:1015000003D993F8871025295DD193F83E322BB18A
:10151000012E03D0012B0CBF0126022605F1300756
:10152000314638460AF013FF31460AF08CFCAB8F87
:1015300095F86910834228BF0346384684F89C30EA
:101540000AF0F5FE95F8691095F88C700429B5F845
:10155000446008BF03210AF076FC0FB9043080B262
:10156000864295F88C3028BF0646F6B284F89D6016
:1015700084F8486093B10123D5E93A0184F87030CA
:10158000C4E9180195F8690009F03CFE0022034601
:101590001E4900920220324604F08EFC0120FFF723
:1015A000F3FD002323606360A360B5F8803063809F
:1015B0002B88238095F89C302371EB6E0BB10122B0
:1015C0001A6005B0F0BD203A012A0DD823290DD0AC
:1015D00093F8263113F0010202D19B079ED5022217
:1015E000012E18BF164699E7232905D193F8262125
:1015F00093F861301340EDE7032E08BF04268DE712
:10160000D02C002048210020382D0020202D002043
:1016100008B50C4B93F83C201AB9BDE80840FFF719
:1016200077BD93F83C20022A04D040F231212720D4
:10163000FEF7A8FF1B6BD3F8B001BDE8084005F02A
:1016400079BA00BFD02C0020014B1876704700BF3C
:10165000D02C0020014B93F893007047D02C002031
:10166000024B93F82900C0F3C0007047D02C002033
:10167000014B93F892007047D02C00202DE9F043E5
:10168000314D85B004460F4602A8296C2E6B09F037
:101690009CFD14F00109BDF80C8004F0020428D070
:1016A000002385F89E3094B1FFF772FE0DF102021F
:1016B00001A9D5F8980009F00AFC019809F0EDFBA2
:1016C000012238604146D5F8980009F095FBB9F140
:1016D000000F0BD0D6E93A32013342F10002C6E9DD
:1016E0003A3296F88430013386F8843005B0BDE88C
:1016F000F08395F89E30032B20D801A252F823F0F6
:10170000A7160000111700002B1700002B17000070
:10171000002CEBD0FFF73CFE00224146D5F89800A4
:1017200005B0BDE8F04309F067BB002CDED0D5F86A
:10173000980005B0BDE8F04309F0C5BB40F2A241F6
:101740002720FEF71FFF00BFD02C00202DE9F04F0F
:101750000023A94C89B080468946276BCDE9043324
:1017600094F83C30022B04D040F28B512720FEF736
:1017700009FF216C06A809F028FD97F88C30B8F114
:10178000000F00F027819DF819B0BDF81C60002BF8
:1017900039D004F0DBFCB0BB6EB197F8843003F0B5
:1017A00001035B450BD1012384F83530FFF7B0FC12
:1017B00009B0BDE8F08FA4F88C60002006E0A4F822
:1017C0008C603146D4F8980009F0F6FA238D9DF824
:1017D0001A2043F40073C4F88800238597F88330F7
:1017E00003F001039A4263D0256B95F88230002BF9
:1017F0003DD0022B13D104A9E06F09F086FA38B965
:1018000040F23B41B2E7A4F88C60002ED5D0D8E777
:10181000D5E93832013342F10002C5E938320021FE
:1018200095F87E3085F8821023B1102085F87E105F
:10183000FFF760FC95F87D30A3B14FF0000A85F802
:101840007DA000F007FF10B940F252418EE75146EB
:101850000820FFF74FFCD5E93832013342F100028E
:10186000C5E9383295F88330013385F88330238D0C
:101870004FF0000A43F40063238597F8843003F0A7
:1018800001035B4544D19DF81830256B022B11D81C
:10189000EBB995F88430013385F88430002E37D0C9
:1018A000D5E93A32013342F10002C5E93A322FE07C
:1018B000C246E2E7032BECD1238D0120216C43F4D7
:1018C000805385F87C002385FFF714FCE1E7002EA8
:1018D000DFD0238D95F88C5043F48053238504F09A
:1018E000BBFE042894F89D3006D1002D0CBF1F22AA
:1018F0001B22934228BF1346B34261D3D4F88830E9
:1019000033B194F89130002B73D02020FFF7FAFB0D
:10191000002697F88B308BB1002597F86800D7E93F
:10192000382384F87050C4E9182309F06BFCFB22BB
:10193000034632490420009504F0BEFAB9F1000FC5
:101940005ED1638C94F89210180708D5A26F1378B3
:1019500003F00303032B02D1D378022B50D00129CB
:101960004ED8D4F8803001209847002848D094F809
:101970003430002B44D11EB105A90120FFF77EFEB3
:10198000256B002395F88C208DF80D3094F84830A5
:1019900095F8681003EB8203FF2B03D195F86930AB
:1019A0008B4202D0FF2004F0A5FE95F88230032B75
:1019B00000F21B81DFE813F07B00A600000111019B
:1019C00094F83430012043F0100384F8343006F0EA
:1019D00043FF9DE70BB104F0CDFB94F89230002655
:1019E0000133B24684F89230238D43F4806323851B
:1019F0008FE746468DE700BFD02C0020202D002029
:101A000005F018F9002E4DD14FF00109238D5A062B
:101A100006D44020FFF776FB238D43F04003238557
:101A2000BAF1000F0DD0B4F80720B4F80530134315
:101A3000B7F8802013431EBFB4F809300133A4F86F
:101A40000930B8F1000F00F0DC80B4F80530013344
:101A5000A4F80530002384F892306D4801F0E4FECC
:101A6000049830B109F019FA216B0022027201F0DA
:101A7000C9FA059B33B1216B00221A720C2205981A
:101A800001F08EFAB9F1000F7FF490AE238D1B06A2
:101A90003FF58EAE8020FFF735FB238D43F08003AA
:101AA000238585E605A90320FFF7E8FDACE794F858
:101AB0009C305848ADF80E30A5F8583000F0BAFD0B
:101AC00028B1012385F87D3084F894301CE00DF1B5
:101AD0000D020DF10E01E06F09F0F5F8A06788B175
:101AE00095F8C73073B99DF80D302BB903800121EB
:101AF0008370A06F0AF053FBA36FBDF80E205A70DD
:101B00000123E1E7444BA367D4F878B095F883202C
:101B10009BF80000D20000F0F30300F0030002F095
:101B20000802134395F88420920002F00402134344
:101B30008BF80030FFF77CFB9BF8003023F010039C
:101B400043EA00138BF8003095F88B30A06F002B20
:101B50004ED04378002B4BD0E06C04F0CFFF002236
:101B6000D5E9380184F87020C4E91801E16CA06F50
:101B700005F09EF918B9A16FE06C04F0F1F995F841
:101B800069100120012505F049F8A06F84F89350F1
:101B90000AF015FBA36F84F884001B7884F83C508E
:101BA00003F0030384F88530002E3FF42FAF05A91E
:101BB0000220FFF763FD29E7B5F858300DF10D025B
:101BC0000DF10E01E06FADF80E3009F07CF8A06762
:101BD000002895D140F2F121C8E50E4800F02AFD19
:101BE00000288DD140F2FB21C0E540F20931BDE56E
:101BF00004F084FF04F09CFA0021A06F0BF04BFC72
:101C0000BDE7B4F807300133A4F8073025E700BF7B
:101C1000FC2C0020482D00205E2D00200512000025
:101C20004D170000651200007511000010B501216C
:101C30000020FFF763F8044670B90121FFF722F88E
:101C4000044620B940F293313920FEF79BFC034B48
:101C500093F906100BF0F9F8204610BD702D002006
:101C600008B50AF027F800F051FE00F075FB0AF005
:101C700009FB01F047FE00F083FF0022084B1B2107
:101C80004FF4A4701A60074B98801A805980064858
:101C9000064B186099805A745A829A829A7508BDC8
:101CA0004C210020702D002003021B009C310020DD
:101CB000044B41F64C52C3E902221B221A74FFF76F
:101CC000CFBF00BF9C31002073B5234D0446AB68E5
:101CD0000363224B83610AF073FF064600F02CFB7E
:101CE0008306297C53BF1B236B88AA881A46A4F855
:101CF0005A301B4BA4F85C201B6884F838106687A8
:101D00001BB194F9701020889847164E2046314632
:101D10000AF0BAF801236A8804F110006978E385B3
:101D20000332AB88019192B216F8121C0333009172
:101D30009BB204F11401FFF753F8236923B940F271
:101D4000CC613920FEF71EFC636913B940F2CD6106
:101D5000F7E7002002B070BD9C31002000093D0073
:101D600050210020AE310020F7B504460D460BF09F
:101D70009FF800286DD020460BF076F938B1B5F801
:101D80000130013B7F2B02D9122003B0F0BD204669
:101D90000BF06EF908B90C20F7E720460BF006F8B7
:101DA0000028F8D120460BF041F806460028F2D171
:101DB000204602F0C7FE0028E6D042F21073B5F8C4
:101DC0000170E97820465F430BF03AF920460BF0AA
:101DD00043F9014648B93A46204602F0C1F8B0B38B
:101DE00041F6A5413920FEF7CDFB31460DF1060045
:101DF000FEF710FF054608B90D20C6E7314609F089
:101E0000A6FFBDF80630204629462B800BF03AF994
:101E100020460BF033F988B9216A20460BF030F9DF
:101E200001462846FFF750FF3A462946204602F071
:101E300097F8024620B141F6C841D3E70121F0E707
:101E4000054B9B681BB105F58D712846984700200E
:101E50009BE7422099E700BF702D0020024B1B68D2
:101E600003B118470C2070474C210020034B5A88BF
:101E700002801B7883700020704700BF9C310020D7
:101E800037B5837805461A2B08D8042B04D9144A91
:101E900022FA03F3DB0705D412241AE0292B01D020
:101EA0003B2BF9D12888B0F5706FF5D2694609F05F
:101EB00041FF88B9019B93F8182102F0FF046AB929
:101EC000AA7883F81921FF2283F8182168460AF0BE
:101ED000B4F9204603B030BD0224FAE70C24F8E739
:101EE0002000380438B50278447802F0010302F08B
:101EF000020254EA030101D1112038BDBAB9857834
:101F0000002DF9D0002B18BF002400E01D4620460C
:101F100009F088F90028EFD0284609F083F9002855
:101F2000EAD0054B00209C74DD749882E5E7002B15
:101F3000ECD000242546EAE79C31002013B5008848
:101F4000694609F0F7FE18B10224204602B010BD20
:101F5000019A92F8DC31DBB292F8A820002AF3D182
:101F600013F0FB0FF0D0019890F82A310BB13A240E
:101F7000EBE790F8D23003F0FF04002BF7D190F894
:101F8000C9309B0706D1FF2380F82A3168460AF042
:101F900054F9DAE70249CA300AF09CF9D5E700BFE4
:101FA0005FC80000F7B5077805460C46EF2F0FD83D
:101FB00090F901204378002A0ADB8278900707D144
:101FC00013F010001DD1990603F0030202D51AB1D7
:101FD000122442E0032AFBD01E07F9D42979EA78BB
:101FE000EE7942EA0122697942EA0142A97941EA9D
:101FF00006212E7A41EA06418A42E9D81F2A0FD8E3
:10200000E6E713F0600FE3D103F00702052A05D0DD
:1020100003F00F010D22CA40D107D9D51A07DDD52B
:102020006A7A013A062AD3D8AA7A032AD0D813F0BA
:10203000040102D1023A012A03D8EA7A012AC7D858
:1020400011B9AA7C032AC3D82A7D48B1012ABFD17D
:102050002A7E012ABCD830B91124204603B0F0BD35
:10206000022AF5D1B4E7DB0712D46B782A7D03F09E
:102070001803082B11D1022AEED101213846FEF7B0
:102080003DFE064678B10AF091FEB8B10C24E4E7B3
:1020900000F016F90028E8D1DEE7022AEDD02B7F08
:1020A000002BEAD0D8E701213846FEF7EBFD0646C3
:1020B00040B3154B93F906100AF0C7FE30460AF0FC
:1020C000C8FF29462070E87430460AF00DFFEB7E09
:1020D0000446002BC1D00028BFD10246316B6846B0
:1020E000FEF746FF2246306B012108F0BAFF316B44
:1020F00068460422FEF73CFF22462146306B08F07A
:10210000B0FFAAE70724A8E7702D002030B50279B8
:102110008BB00346042A4FD84088B0F5804F4BD887
:10212000264900248D5C1144ADF800404A798DF8B1
:10213000084042F010028DF8244042EA45028D7AB0
:10214000C97B42EA850242EAC102694602F01F02E7
:102150008DF80020BDF80020ADF809201A888DF810
:102160000E00000A8DF80B20120A8DF80D408DF834
:102170000C208DF80F008DF810405A7BD3F8070023
:102180008DF811205A79059002A88DF812209A79BD
:102190008DF81320B3F80B209B7BADF818208DF839
:1021A0001A307F238DF81B304FF00113CDE907342F
:1021B000FFF7F8FE0BB030BD1220FBE7542B0200F6
:1021C0000278034672B1427862B142881A2A09D96C
:1021D00082881A2A06D90068034A106000209B886A
:1021E00093807047122070479C31002002680020C5
:1021F000014B9A60704700BF9C3100200378A3F127
:102200000A02112A9BBF024A002012201374704751
:102210009C31002008B502F07DFC01F08DFF0248E2
:10222000BDE8084002F060BC7C2D00200B4A012371
:1022300010B5144682F8023102F074FC0BF0C2F8BB
:1022400009F036FD04F203112046FFF7C7F800201D
:1022500008F0A4FEBDE8104000F088BE7C2D0020F0
:1022600010B5064C064904F5027009F0E1FB04F5CF
:1022700003700449BDE8104009F0DABB7C2D002052
:10228000542100205C21002010B5094C094904F5B7
:10229000027009F0CDFB04F50370074909F0C8FB93
:1022A00004F504700549BDE8104009F0C1BB00BF4A
:1022B0007C2D0020642100206C210020742100204E
:1022C000014B93F8020170477C2D002010B5074C9C
:1022D00000F028FED4F8080209F0A2FBFFF7E8FCA2
:1022E00000F042FF012384F8143210BD7C2D002041
:1022F000014B93F8140270477C2D002010B5074C59
:10230000D4F80C0209F08CFBD4F8100209F088FB19
:10231000FFF7A6FC002384F8143210BD7C2D0020AA
:10232000C208044900F0070001238340885C03438E
:102330008B54704710210020014BD3E900017047F6
:1023400010210020034B1868C0F30020400040F02B
:10235000010070471021002008B507F057FA00234C
:10236000074A32F82310814205D302EB83029378A7
:10237000044A137008BD01330C2BF2D10023F7E798
:10238000682B0200912F002010B54468238884F840
:102390006711A4F8683194F86830012B06D0022B3D
:1023A00004D04FF461710620FEF7ECF884F86A312E
:1023B00094F86930012B01D0022BF2D184F86B31F3
:1023C00004F5AF70034909F085FF002384F8243138
:1023D00010BD00BFABBA000040680749038800F297
:1023E0005110A0F8093010F8F13CC37210F8F03C1D
:1023F000037309F069BF00BFC1BA00002DE9F043C3
:1024000089460979456885B099F8058001F007018A
:10241000044695F8866008F007084B1E08F1FF3265
:102420000B4002EA0802134395F88720232A3BD188
:1024300005F18707FBB9404609F083FB00283DD032
:1024400095F86830984239D095F8262118EA020F9D
:1024500011D0212E32D095F8612018EA020F2DD12B
:10246000013B01384D4ADBB2C0B2032B105C20D8CF
:10247000D35C834222D995F82431012B53D11E21FC
:102480002046FFF781FF212E51D16368182283F87F
:102490000921092283F8862093F8C230002B3ED10F
:1024A0004FF43171AE2007E0212E75D105F186077A
:1024B000C0E74FF40F710620FEF764F8084609F0F4
:1024C00040FB38B195F86930834203D095F8273145
:1024D0001942D0D0B9F8066003AB284642460093B3
:1024E000334609F03BFB6368054678BB93F824212B
:1024F000012A28D101462046FFF746FF3D70636858
:1025000003F18702974202D1002283F88720636893
:1025100003F1870297423BD1204609F0A4FF002037
:1025200005B0BDE8F083002385F82431ABE7002334
:1025300020463B7009F097FF1821204605B0BDE802
:10254000F04309F0B8BF83F82401D8E7B3F880203E
:10255000A3F83C62013EB61A47F6FD72B6B2964247
:1025600006D92822204683F8A92000F061FFCEE793
:1025700093F887200D2A02D00A3A012A01D82A228C
:10258000F0E7BDF80C20A3F83E2225233B70BEE700
:10259000002283F8C220C2E70220C1E7982B020084
:1025A000044B002283F822204FF6FF729A84DA84CB
:1025B0001A857047922F0020054B9A8C824201BFEA
:1025C000002283F822204FF6FF729A84704700BFE2
:1025D000922F0020014BD884704700BF922F00201B
:1025E000084B4FF6FF72998C914206D193F8222046
:1025F000012A04D0036001207047002303600020FB
:10260000704700BF922F0020064B93F82220012A2A
:102610001BBF0120DA8C002083F8220018BF9A84A7
:10262000704700BF922F0020014B1885704700BFF4
:10263000922F0020064B0246198D988C884205D1B6
:1026400093F8220018B101201360704700207047F2
:10265000922F0020094B998C1A8D914201D00020B5
:1026600070474FF6FF729A8493F82220002AF6D022
:102670000022012083F82220704700BF922F002003
:10268000054B998C1A8D914203BF93F82200B0FA42
:1026900080F0400901207047922F002050B90A4A6B
:1026A0000120134603F8010B0868C2F801008A886C
:1026B0009A807047012805D1034B0A68D8719A6047
:1026C0008A889A81704700BFBC2F002050B90B4BFD
:1026D000187888B1D3F80120B3F805300A600120DA
:1026E0008B807047012806D1044BD87920B19A68B5
:1026F0009B890A60F3E70020704700BFBC2F0020D1
:1027000010B9044B18787047012806BF014BD879DF
:1027100000207047BC2F0020F7B58A8800238DF871
:102720000600ADF8042008680B4A8DF80730014612
:10273000147802F5A872019DD8B2844201D808200D
:1027400007E052F8087F01335668AE4208BF8F4257
:10275000F2D103B0F0BD00BFD02F0020084B0146DE
:10276000002230B55C7803F20113D0B2844201D864
:10277000082004E013F8015F01328D42F5D130BD2D
:10278000D02F0020F0B5254D89B095F8984105F27D
:1027900099116846224607F04BFB2146684609F02E
:1027A000A8FA0446B8B300EB400102A8C9B2FEF78C
:1027B0002FF8631E95F8A1610124DBB295F89811FA
:1027C00005E0721CB2FBF1F001FB1022D6B206F15B
:1027D00020020DEB020010F8202C002AF1D103EBAF
:1027E000430100F8204C06EB460220312A4469449C
:1027F00011F8187C82F8A27111F8177C11F8161CD8
:1028000082F8A37182F8A411013BAA19DBB282F805
:102810009941FF2BD2D109B0F0BD00BFD02F0020CD
:1028200070B5064688B00C46002A4ED0294A92F868
:10283000A131D01890F8991119B9FF212820FDF77E
:10284000A1FE03EB43010133114491F8A251E5705D
:1028500091F8A35191F8A41125716171002180F8BC
:10286000991192F89811B3FBF1F001FB103382F843
:10287000A13192F8C23123B9174902F5DD7009F090
:1028800026FD65790D220021684605F03F0545F0DB
:10289000400565710AF0ACFFE37804AA69468DF83B
:1028A0000F30304623798DF80D508DF80E3004230B
:1028B0000AF008FF9DF81F3023709DF81E306370EA
:1028C0009DF81D30A37008B070BD03216018FDF79E
:1028D0009FFFD6E7D02F002085270000044B5A78B1
:1028E000824286BF1B1893F84A010020704700BF40
:1028F000D02F0020044B5A78824286BF1B1893F8D1
:1029000042010020704700BFD02F0020064B00225C
:102910004FF461711A8083F8C32183F8C421A3F8AE
:10292000C61183F8C2217047D02F0020014BB3F8A5
:10293000C6017047D02F00200A4B30B55C78844226
:102940000ED9184490F802012B3003EBC004A5798E
:102950000D7053F8300010600120A388938030BDC3
:102960000020FCE7D02F00200246074810B590F861
:10297000C34124B1417821B1023003F0B9F92046B6
:1029800010BD0C46FBE700BFD02F00202DE9F74F0C
:102990002F4C9A46804689466378834256D923183D
:1029A00093F8425185F00105F9B193F84A31E3B942
:1029B00045F002070135BAF1000F18D1FA070AD520
:1029C000062104EB0810524601FB0841823001F554
:1029D0008571FFF725FFBB0734D504EB081052467D
:1029E00049460230FFF71CFF2CE02F46E3E794F83E
:1029F000A1614FF0010B002DE0D0A31993F89911BC
:102A0000019399B90092DAB100F07EFB019B06EBCD
:102A10004601009A4FEA102C83F899B1214481F8BD
:102A2000A201000C81F8A3C181F8A401013694F839
:102A30009831013DB6FBF3F103FB1166F6B2DAE71C
:102A400047F00407384603B0BDE8F08F0027F9E7E8
:102A5000D02F0020074B5A78824209D91A1892F8D1
:102A600042212AB9062202FB003000F5857070472A
:102A700000207047D02F0020064B5A78824281BF39
:102A80001B1893F83A01B0FA80F0400998BF002073
:102A9000704700BFD02F002030B5002442F21075DF
:102AA000A0F84040B0F844404C43B4FBF2F4A0F826
:102AB0004440541E05FB0343B3FBF2F3A0F842303D
:102AC000084BB3FBF2F30133A0F84830838F05FBCA
:102AD0000344436B5943B4FBF2F4B1FBF2F184635A
:102AE000416330BD005A6202034B80F870101B68CE
:102AF0000BB10088184770477C2100200B2808B5CF
:102B000004D940F2C7112920FDF73CFD014B33F8F1
:102B1000100008BD9C2B0200074B93F900301844AD
:102B2000142804DC10F17F0F03DB40B2704714203F
:102B300070476FF07E007047983100207F2307B503
:102B40000DF107008DF8073004F05CF803469DF99D
:102B5000070053B1094B5B785B425BB21844142801
:102B600006DC10F17F0F05DB40B203B05DF804FB1B
:102B70001420FAE76FF07E00F7E700BF98310020DD
:102B8000024B00221A705A70704700BF9831002023
:102B90000346407898B1DB783F2B05D8084AD35CD0
:102BA0001B1A58425841704703F10C02D2B2042A52
:102BB00004D8034A134413F8B43CF1E701207047EA
:102BC000B42B02003F2908B5C17003D80B4B5B5CE6
:102BD000437008BD01F10C03DBB2042B04D8074B92
:102BE0000B4413F8B43CF3E7FF2904D040F23A4118
:102BF0002A20FDF7C7FC0123EAE700BFB42B02003F
:102C00002DE9F347894669461546984609F092F83A
:102C1000044620B9019E35B9012386F88D30012084
:102C200002B0BDE8F08737692946384607F0F5FF5E
:102C300001460028F4D0164B5B88AB4225D33846BA
:102C400008F027F996F88D3082460480002B8470B6
:102C50000CBF4946022109F0A2FA41462A460AF170
:102C6000030007F0E5F82946384608F011F818B9CE
:102C70007E212B20FDF786FC684609F0DEFA019BD9
:102C8000A3F8A24186F88D40C9E72046C8E700BFF7
:102C90009C310020024B987DC04300F0010070473A
:102CA0009C31002083230B70014B1B78CB70704745
:102CB000B43100202DE9F84FD0F804800D46D8F843
:102CC0001460304608F0D7F8044618B9FF211020E8
:102CD000FDF758FC0146304608F0DBF8B4F800B0C8
:102CE00082461FFA8BF9B9F1000F02D140F20311AD
:102CF000EDE71E4BC71C1B688BB9B8F80030A5F870
:102D000006B0AB8000236B729AF8003003F0030327
:102D1000012B0FD0022B0DD040F21D11D7E74A46F0
:102D20003946B8F80000984704460028E5D1204607
:102D3000BDE8F88F30462B7208F0B1F8044610B9A0
:102D40004FF49371C3E7B9F1FB0F02D940F235118B
:102D5000BDE7286810B94FF49B71B8E74A46394679
:102D600007F066F8304607F0F5FFE0E78021002025
:102D70002DE9F3478246894605270026DFF848817A
:102D8000D9F8103053B11B7A1BB980211020FDF700
:102D9000F9FBD9F81040B4B9002071E0D9F804402B
:102DA000237A012BF8D0EFF3108372B6D9F8042000
:102DB0001268C9F8042003B962B6C9F81040237A32
:102DC0000BB9A621E2E7257AEDB227726B1E0B2B19
:102DD0006AD8DFE803F066061C3463693D696969F7
:102DE0006958636813B94FF4D771CFE7204651464D
:102DF00098470420EFF3108272B6237A052BD9B2DC
:102E00005CD12672C9F81060B2B962B614E063688A
:102E100013B940F2B711B9E7514620469847034627
:102E2000ADF80400C0B2C3F30723012B3FD0022B3F
:102E3000E0D10023C9F810300028A1D020E0636859
:102E400013B940F2BF11A1E7204698470020D1E70F
:102E500063680BB9B52199E70B2200248AF800209A
:102E60000122198818698AF80220AAF803108AF842
:102E700005208AF8064007F06DFF0420C9F81040CD
:102E800002B0BDE8F087D8F8003051462046984798
:102E9000034660B10220C9F81060F1E74FF4FB71FE
:102EA00074E740F2F91171E74FF4FE716EE7257295
:102EB0000028E5D1002B7FF463AF6DE711B940F234
:102EC0001D2163E700209FE78421002038B5134CC3
:102ED00014220021201D0AF08BFC0125257404F129
:102EE00008031422002104F11800C4E901330AF098
:102EF0007FFC84F8245004F11C03094AC4E906331A
:102F00000023E362236384F83430C4F83530C4F816
:102F1000393084F83D30136038BD00BFB431002033
:102F20008021002010B5084C2378FF2B04D04FF4EB
:102F3000A0711020FDF726FB06F0AEFE2070BDE864
:102F40001040FFF7C3BF00BF1D21002010B5034C88
:102F5000207806F0BBFEFF23237010BD1D2100204A
:102F6000014B187806F0C2BE1D210020014B024A19
:102F70001A60704784210020B52C000010B5064966
:102F80000446FFF7F5FE28B920460449BDE8104085
:102F9000FFF7EEBE10BD00BFCC310020B8310020DD
:102FA000134610B5027A22B140F299211020FDF7A4
:102FB000E9FA0A4601460248BDE8104009F064B942
:102FC000B8310020044890F834301BB903492C3044
:102FD00009F077B9704700BFB43100207BC2000010
:102FE0000346064890F83E203AB190F83D2022B9B9
:102FF000034900F8353B09F064B97047B43100204B
:10300000A52C00000A4610B5037A23B140F2A12195
:103010001020FDF7B7FA014607230248BDE810402B
:1030200009F032B9CC3100201346027A0AB103729A
:1030300070470A460146014809F026B9B831002018
:103040001B234FF01B128384038482618382C2603E
:10305000038539B94FF4A473034AC3844384C2611E
:10306000C3820261704700BF480148010346084619
:10307000F0B4B3F85420B3F84840B3F85610944273
:10308000B3F84460DF8F28BF1446B3F84C20B3F880
:1030900042508A42DC8728BF0A46B3F84610914264
:1030A000A3F8422038BF1146A64238BF2646A742A1
:1030B000A3F84610A3F844601FD1AA1A18BF012232
:1030C000B3F84A50B3F85040B3F85270A5429E8FFF
:1030D000B3F8401028BF2546B3F84E40BC429D8748
:1030E00028BF3C46AE42A3F8404002D1A14200D1E5
:1030F0002AB10449F0BC09F0EDB80122E0E7F0BCC8
:10310000704700BFDBC20000094AD2E90003434018
:1031100083EAB01181EA43214FEAF343116053601F
:10312000044B58434FEAF06000EB8000704700BF4B
:10313000F4310020BB79379E094AD2E900034340AD
:1031400083EAB01181EA43214FEAF34311605360EF
:10315000044B58434FEAF06000EB8000704700BF1B
:1031600020210020BB79379E10B50A4C0821094860
:10317000FDF74EFBD4E900321343F7D0064CFFF7BE
:10318000DBFF2060FFF7D8FF236860601843F6D0AC
:1031900010BD00BF20210020F4310020174B184A39
:1031A0009A60184A5A60184A1A60184A9A62184A6D
:1031B000DA62184ADA60184A9A61184A1A63184A99
:1031C0001A62184ADA64184A9A64184A5A62184B02
:1031D000184A9A60184A5A62184ADA62184A1A61FA
:1031E000184A5A61184A9A61184A1A63184A9A6426
:1031F000184ADA64184A9A63704700BF8821002091
:103200004BC500007BC50000E7C50000A3C6000059
:10321000F7C60000593500000DC7000091370000C7
:103220003D360000DBC70000F7C700008536000010
:103230009C22002067C50000ADC700002FC700001A
:10324000D3C6000053C70000DD3500007DC8000074
:1032500025C8000017C8000093C70000054B064AA8
:103260009A65064A1A66064B064A9A65064ADA6560
:10327000704700BF88210020DFBB0000FD23000055
:103280009C22002029BB000091BC0000252A034697
:10329000084610B518D8012A19D9023A232A16D897
:1032A000DFE802F01A15252424311533152439449A
:1032B0004815154C24245F5F7575151515151515E2
:1032C00015151515157C878FFF2A00F082804FF4A5
:1032D000A1615120FDF756F91A785B68012A02D1E5
:1032E00093F8103101E093F81931037110BD59685A
:1032F000D1F8BE214260D1F8C22182605B68D3F868
:103300000431C360F2E75B68EAE701461846BDE8AE
:10331000104000F007BA10230371592343710023B2
:1033200083712023C37130230372DFE75B6893F856
:103330000A31DAE7BDE8104000F0E4B95A681B78BA
:103340004BB992F8103133B192F80D31037192F804
:103350000C314371CAE792F80B31037192F80A31CC
:10336000F7E75B68B3F854200271120A4271B3F8B0
:1033700012218271120AC271B3F850200272120A2D
:103380004272B3F8103183721B0AC372AEE75B68F6
:1033900093F82621027193F82731DAE7114A14686D
:1033A000002CA3D001461A4623202346BDE8104036
:1033B00018470C4A1468002C98D001461A4624205D
:1033C000F3E7084A1468002C90D001461A462520DD
:1033D000EBE75B68BDE8104093F83722D3F838126A
:1033E00008F0F1BEB02300203F2803D8064B53F865
:1033F0002000704700F10C03DBB2042B01D8B43875
:10340000F4E70020704700BF882100203F2803D840
:10341000064B53F82000704700F10C03DBB2042B7D
:1034200001D8B438F4E70020704700BF9C22002088
:10343000F7B5456804464FF6FF772E690DF1020196
:103440000DF101023046ADF8027007F03CFC01A915
:10345000304607F05AFC40B1019807F01EFD616844
:1034600000220272FFF7CEFDE8E7044905F1A00053
:1034700003B0BDE8F04008F027BF00BFD9C400008A
:10348000F0B5044685B00D46FF2600F8856C10F8AF
:10349000863CF3B1184F3B781BB148211F20FDF744
:1034A00071F80C21381DFDF7B3F93E70002304F8C4
:1034B000853C07232A4602F8033BD4F80930C5F8B7
:1034C0000330D4F80D305360D4F81130936005B058
:1034D000F0BD01A80C21FDF79BF9A4F51373039A25
:1034E000C3F8042101AB03CB44F88E0C44F88A1CCA
:1034F00004F8866CDAE700BFFC31002010B5054CFB
:1035000023782BB90C21201DFDF782F9FF232370AE
:1035100010BD00BFFC310020024690F8C631BBB997
:1035200090F8C73103F0FF010BB100207047094B41
:1035300018780028F9D01970D9680433C2F804113A
:1035400003CBC2F8BE01C2F8C211FF2382F8C63114
:1035500001207047FC310020426838B592F887306E
:1035600004460D463BB1132B05D0113B0B2B8CBFF2
:103570000120082038BD92F8C83013B9204608F061
:1035800068FF6268D5F80E30C2F8B631D5F812304F
:10359000C2F8BA316368D5F81620C3F800211A883A
:1035A000A3F855226A68C3F85722AA68C3F85B22B9
:1035B0006368AA89A3F85F226368002583F8C6516F
:1035C0006068054900F5137008F07BFE63681522FA
:1035D000284683F88720CDE78134000038B543685A
:1035E000044693F887201C2A04D04FF4DE711F2074
:1035F000FCF7C8FF002293F8C8101D8803F5C970B6
:1036000083F8C72069B10B4983F8C820A3F89C51FF
:1036100083F89B2108F055FE6368002283F8872019
:1036200038BD012283F89B11A3F89C51024983F80D
:103630009E21EFE78FC6000081C6000038B54568BF
:10364000AB6F13F0010417D14A680C4B8968134023
:103650000B4AC5F8D830C3F307630A4043F00803A8
:10366000C5F8DC2085F8DB3008F0F3FEAB6F2046B0
:1036700043F00103AB6738BD0120FCE72FC904F715
:103680006FDB0080406808B590F88630042B24D1A9
:103690004B688A68C0F8D830C3F30763C0F8DC20F1
:1036A00043F0080380F8DB30002380F8C23080F854
:1036B000863090F8743103F0FF020BB1002008BD92
:1036C000038800F5B670427243814B68C3608B6813
:1036D0000349036108F0F5FDF0E70120EFE700BFC3
:1036E00071C70000406890F8743143B9038800F551
:1036F000B670034943811A23437208F0E2BD704754
:1037000071C7000010B50446FEF716FE034A044BCD
:1037100002400B406260A36010BD00BF2FC904F7D8
:103720006FDB008037B50C464568FEF705FE084B99
:10373000084A03400A4095F8D81000930B400192C4
:103740008DF800306B4603CB6060A16003B030BDE4
:103750002FC904F76FDB008038B5DB04154604D5AC
:10376000037D13B10023436338BD446B01344463CC
:1037700009F065F8836B9C42F6D300230349436349
:103780002846BDE8384008F0A5BD00BFCDC7000001
:1037900038B54468054694F88630012B02D0A36FF3
:1037A00098073CD494F8C9309A0715D40A79D807F9
:1037B00084F8D320B1F80520A4F8D420B1F807206C
:1037C000A4F8D62043F0020284F8C9200FD5154989
:1037D00004F1CA0008F07EFD94F8C930D90711D46D
:1037E000A36F9A0708D555214020FCF7CBFE94F82B
:1037F0002A31002BEBD1EFE743F002032846A36701
:1038000008F027FE94F88630012B4FF0000301D01A
:10381000002038BD84F8863084F8C230F8E70120F3
:10382000F7E700BF5FC8000070B545680446FFF7C2
:1038300085F9054B014685F885001B681BB12046BC
:10384000BDE87040184770BDB8230020024B1B68CC
:1038500003B11847704700BFB4230020F0B51F4DD7
:1038600000242B7814709BB1013B6D68DBB21E1BEA
:10387000012E0FDC05EBC40655F8347076688E42D5
:1038800008BF874227D0B84271EB060612D21470E7
:103890000020F0BD1E197710C6F3470655F837C053
:1038A00005EBC70E8445DEF804708F412CBF33460C
:1038B0003446DCE705EBC30455F8335064688C42AA
:1038C00008BF854206D0A84271EB040428BF01332B
:1038D0001370DDE71C4601201470DAE71C3200206B
:1038E00010F0070208B503D063214820FCF74AFE18
:1038F00018B1034B197258601A70C80008BD00BF98
:103900001C320020014B00221A7070471C3200202C
:103910000A460648822302F8033B0368C1F80330D5
:103920004368536083689360704700BF253200206E
:1039300016220021014809F05BBF00BF253200209C
:1039400082B002AB03E903000D48437DB3B15306D7
:1039500014D50A880C30B1F8803020F80C2CD1F83E
:10396000182220F80A3C40F8082CD1F81C220549FE
:1039700040F8042C022202B0FFF756BB02B0704799
:103980002532002011390000094B53F8203003F58F
:10399000224370B5B13316464FF47A720C46B3FB2E
:1039A000F2F5344403F074FA2C44204470BD00BF97
:1039B000F02C02002DE9F04F8BB0044698460F46DC
:1039C000039290F8699008F06EF8824694F87300BC
:1039D000FFF794F8824408F089FF94F8873000F1EB
:1039E0004D061FFA8AFA0293039B83BB94F8DC31DD
:1039F000032B2CD1029B0D2B29D1B4F83C32BB42B6
:103A000025D1D4F8E4312046B4F8B421C4F8D0313B
:103A1000A369C4F8D431B4F82A321344C4F8D831B5
:103A200002F01CF9D4E99023A262B4F83E22A3610B
:103A3000A285D4F84822226241F64B5293428CBFB1
:103A40000023012384F87230022384F8DC31B4F8B7
:103A5000285204F5FC73B4F880E07D1B0493A7EBB7
:103A60000E0E2DB20FFA8EFE002D10DA7546D4E937
:103A70008423C4E98823012294F8DC31032B00F26B
:103A80006C81DFE813F00600FB0055001D01424683
:103A9000F2E70121002008F00CFA8146A06A5146A5
:103AA000484405F067FE5146C4F8E001A06905F0FE
:103AB00061FE07A9C4F8E40108A803F0CBF8079B4E
:103AC0000093DDE90823D4E9880104F0C6FE8346AB
:103AD000204608F023FFA26AD4F82C3294F869003B
:103AE000D51803F0DDF9D4F8E01100F52240203DAF
:103AF0004FF47A73B13032466D1A3031AD1BB0FBE2
:103B0000F3F04D44A38DA5EB0B0503EB41012D1AFA
:103B100094F86900FFF738FFD4F82C32C4F8E801B4
:103B2000EB1ACC2B59D840F2FC413020FCF72AFD8F
:103B3000A36A5146D4F8D401184405F01BFE51463F
:103B4000C4F8E001A06905F015FEC4F8E4012046C0
:103B500008F0E4FEA36AD4F8D4511D44B4F8B4319B
:103B6000002B40F08780B8F1000F00F0838094F8BC
:103B7000690003F095F9D4F8E011D4F8183200F593
:103B800022406D1A94F86920B130203D1D448D4BC0
:103B900053F822204FF47A7302F2E732D4E9849A80
:103BA000B2FBF3F2A5EB0905B0FBF3F01544AD1B36
:103BB0002D1AD4F8D821D4F8D03194F8690002FB3A
:103BC0000313A18D3246303301EB4301FFF7DCFED6
:103BD0000123C4F8E80184F8DC31A369D4F8E421B6
:103BE000A93B9B1A9E1B0023864284F8F831D4E936
:103BF000883228BF064604F130005B19C4F8B06172
:103C000042F10002C4E9823208F08FFB3044A4F88C
:103C10002872C4F8FC01D4E98223C4E98823B4F8EB
:103C2000A031DB1B1BB2002BD4BF002201225200AB
:103C300084F80022029A0D2A00F09280B8F1000F59
:103C400040F0918094F8DC31002B00F0A880A1694D
:103C500004F5FC70D4F8E431C91A08F0C4F880B255
:103C6000002800F09C80149B03B1188001200BB049
:103C7000BDE8F08FD4F8E0116D1A9AE7D4F8E4218A
:103C8000A369B4F8B4C19B1AD4F8D811F444D4F899
:103C9000D0015D43D4F8E031ACEB010C30330CF1D2
:103CA000FF3C00FB0133A18D94F8690002FB0C334B
:103CB000324601EB4301FFF767FEC4F8E8018CE7E9
:103CC000D4F8E4A1A369A3EB0A035D4394F886301A
:103CD000252B03D094F88730252B09D1B4F83C323A
:103CE000FB1A1B0404D494F83F32002B18BF9946EA
:103CF000B4F8B4C142B3BCF1000F25D1D4E9862396
:103D0000D4E98401904271EB030302D34FF4AA611A
:103D10000BE794F869104FF47A7B2A4B203A53F85A
:103D20002130D4E98401CDE9040103F2E73103F540
:103D300022430498B133121AB1FBFBF1B3FBFBF33E
:103D40000A44D21A921B15440CEB0E013246484627
:103D50000AFB01F130314900ADE74FF4AD61E4E613
:103D6000B8F1000F1BD0B4F8C80110B3B4F8CA11F1
:103D700094F8CC214D1CA4F8CA1101FB02229042F8
:103D80000DDD002B0BDD0023A4F8CA5184F80032AE
:103D9000FFF7BAF900F00700013084F8CC0104F510
:103DA000FC7194F8F70104F0F7FB20B940F2B1512F
:103DB000BBE60146DCE7039B83F0010384F8F431A2
:103DC000002054E7F02C0200F7B5044618B9E221B0
:103DD0003020FCF7D7FB072900F2BC80DFE801F0B8
:103DE0000484464641BA33B704F0CCFCC4E9400130
:103DF000204600F0CFFFD4F8F400A43804F018FDFA
:103E000010B940F27B21E3E7204609F02DF9054681
:103E1000F8B90146204609F050F800F1AE06D4F892
:103E2000F400B04209D2301A0321192838BF1920F2
:103E300004F019FC051E18BF0125C4F8F4602046E3
:103E400009F02CF93DB1204603B0BDE8F04009F07F
:103E500026B90025F3E7D4E94023C4E93A2303B0A7
:103E6000F0BD03B0BDE8F04002F000BF09F030F84B
:103E7000002307460E4684F8F93004F0E7FA0722DB
:103E8000A7FB023502FB0655D4F8EC200192D4F8CA
:103E9000E8209B18019A45EB0205D4F8CC2032B1FA
:103EA00057EA060203D0984271EB050216D20222AD
:103EB00084F8F820D4F80821D4F80CC1121A6CEB5D
:103EC000010C94F818E1BEF1000F09D1012A7CF130
:103ED000000E11DA204600F065FF05E00122E7E759
:103EE000012A7CF1000CF5DB94F8C80004F0C6FA56
:103EF000002384F81031B2E7984271EB050E0ED220
:103F00003E430CD01B1A65EB01019A427CEB010089
:103F100005DB012B71F10000A4BF1A468C460F4946
:103F2000012394F8C800914284F811314FF0000346
:103F300084F8F03073EB0C03B8BF0A4604F1F001CB
:103F400004F096FC00288AD140F2EF6140E74FF47C
:103F500080713DE74FF482713AE700BF0040420FA5
:103F60002DE9F04104460E46154690F8103103F055
:103F7000FF071BB10C273846BDE8F08101464748D2
:103F800004F08CFA20288046F4D05722394604F1F8
:103F9000C90009F02DFC84F8C880C4F8CC60FF2368
:103FA00084F8103136B1FFF7C7F800F00700013090
:103FB00086F8CC0102234FF00008A4F8F83084F80A
:103FC000F08005F02DFC00F14906204609F04CF880
:103FD0000146B6B2002839D007F065FD00F5CD6185
:103FE000284689B205F0C6FB2844AE3DC4F8F4006B
:103FF00004F02CFA3018A4F8268041F10001C4E93D
:104000004001012084F8D00009F0E5F82D1AC4F829
:10401000D4504FF0FF356FF0004194F8C800D4E958
:104020004023C4E94251002504F1F001C4E93823DA
:10403000C4E93A2384F8115142F2107204F018FCDA
:1040400038BB40F2EB113020FCF79CFA2046DFF839
:10405000508008F032FFAE30C4F8F400B8F8000029
:1040600048B1E08C38B1FFF767F8B8F80030B0FB22
:10407000F3F202FB1300064404F0E8F9361841F1AC
:104080000001C4E94061002DC3D0AD1941F1000128
:10409000C3E72946204609F004F86CE7C93D000053
:1040A00048320020F0B5002385B0CDE9003301236C
:1040B0008DF806306846FCF75BFE70B11D4E01239B
:1040C0000027B370CDE9027702A8FCF751FE054640
:1040D000C8B10023B37005B0F0BD009808F039FDF9
:1040E000E8E790F8F70104F089FA94F8F70104F092
:1040F0002FFB94F8F70184F8DC5104F0BFF920237A
:1041000084F8F731DEE7029B002BDDD093F8F7212E
:10411000202AD9D018884FF6FF739842D9D0294663
:10412000FCF7ECFD04460028DBD140F237113020CB
:10413000FCF728FA48320020044B0022DA709A700B
:1041400042F210721A80FFF7ADBF00BF4832002064
:10415000014BD870704700BF4832002008B502F00C
:1041600081FA044B5A6882422ABF9878002080F076
:10417000010008BD48320020F7B5044606297AD868
:10418000DFE801F0042715252B3074003B4B9B78AA
:1041900003F0FF025BB900920123B0F8A411FFF70E
:1041A00009FC38B140F21E713020FCF7EBF9042312
:1041B00084F8DC3102F040FC04F04BF90023B4F841
:1041C0008020A4F82A32A4F8F22184F8F53103B053
:1041D000F0BD032380F8DC31F9E709F052F9C4E9B6
:1041E0008601F4E790F8690008F088FB7730D4F88E
:1041F000E4319528A569214F8CBF0020C0F19600BD
:10420000C218954288BFED1AFB7894BF00252D1A7D
:104210001BB9236B9D4228BF1D46D4F8B06104F141
:10422000300008F082F80644022004F087FA0221E8
:10423000AD1B25EAE575854228BF0546284604F0F2
:1042400012FA00B92E4401234FF480723146204601
:1042500008F0C1F8D4F8B0317860A069184404F0CF
:10426000E7FA0028B3D140F2A3319DE703B0BDE8DF
:10427000F04008F053BB40F2ED7195E74832002062
:104280002DE970430C4615466ABB0246174994F85F
:10429000C80004F025F920B940F2FD713020FCF788
:1042A00071F902F0DFF984F8D0500646D4E940896C
:1042B00084F810510121D4F8CC0007F048FDD4F85F
:1042C000CC00C0E9848994F8C830C0F82C6280F82A
:1042D000F731C0E9888908F011FC02F0ADFBBDE8B8
:1042E000704304F0B6B840F61801D7E737C90000AC
:1042F000014B1880704700BF483200200346074A30
:104300001068D3F85120C0F80320B3F85520A0F866
:10431000072093F8501007F0C7BE00BF50320020AE
:1043200070B504460E461346407F6588324615F048
:10433000040118BF04F15F01FEF728FB41070546A1
:1043400021D4C2070BD50123607F84F85030FEF7DB
:1043500081FB0368C4F851308388A4F85530AB075B
:1043600001D4012070BD094B01211868D4F85F30D9
:1043700084F85E10C0F80930B4F86330A0F80D304E
:1043800007F09BFEEDE70020ECE700BF5032002075
:1043900038B5C38D04460F4D0133C3F30E03C385F7
:1043A000AB7C2BB102F020FC01F000FD0023AB74CC
:1043B00000232B7194F871302BB101212046BDE808
:1043C000384008F071BC637C13B1E28D9A42F4D29C
:1043D0000021F3E75032002010B5094C2379012B5E
:1043E00002D02379022B05D1A37C1BB102F0FCFB88
:1043F00001F0DCFCE069BDE81040FFF7C9BF00BF79
:104400005032002070B5294C2379012B07D0237935
:10441000022B04D040F65C412D20FCF7B3F8A0B984
:104420000125A37C1BB102F0DFFB01F0BFFC002DD6
:104430003AD0E06908F0B2FB002830D002F0A6FACA
:10444000236ABDE870409B6818472168E26911F84B
:10445000095B02F1510392F85020E80907F02BFCA8
:104460000028DDD00021206807F04CFE0028D7D0BE
:104470002379E069012B05D02379022B02D040F685
:104480003541C9E7237905F00F01226A03F1804322
:104490005269013B52F8233098470546C1E7E0696D
:1044A000BDE87040FFF774BF70BD00BF5032002000
:1044B0000346074AD06903B909B9FFF769BF137901
:1044C000126A03F180431269033B52F82330184704
:1044D0005032002003292DE9F043054685B01746E8
:1044E00007D14388980723D40024204605B0BDE8AF
:1044F000F083428890F87030D107DBB2F4D5002BFE
:10450000F2D14FF00108DFF8D49099F81260C6B1EB
:1045100007F006FC0828387016D002AA0DF1070132
:10452000FEF70AFA38B940F6D4612D20FCF72AF8D4
:104530004FF00208E7E702A99DF8070008F0CCF960
:1045400006463B78082B08D1D9F8001011F8030B68
:10455000C0F3801008F0C0F90646D9F8001005F144
:10456000580395F8572011F8030BC0F3801007F09B
:10457000A2FBD9F80010044611F8030BC0F3801019
:1045800007F0C4FB8146FEF777FA40B1B9F1080F96
:104590001BD04846FEF7A2F980F00103D8B23A7862
:1045A000082A14D01CB96C7FA21A544254416A885C
:1045B00053079AD4002897D176B9EC7C444518BFAC
:1045C000002C0CBF012400248FE70020E7E780F0D7
:1045D00001022240D4B2EAE7344686E75032002096
:1045E0002DE9F04F85B00823052104460DF107029F
:1045F0008DF80730FFF76EFF064620B900263046DB
:1046000005B0BDE8F08F744F396807F11403FA7CE8
:1046100011F8030BC0F3801007F04DFB8046002813
:10462000ECD13B6840F2E249216A184691F88E20AD
:1046300010F8035B02EA55121D4602F0010281F8F0
:104640008E20D3F80320C1F803208288A1F8072028
:1046500015F81F1B226AC1F38011917002A9D3F8CB
:104660001F00029028790871D3F80F00D061587D9F
:104670001D7D000440EA0520DD7C28435062B3F82C
:10468000190082F8728009FB00F090619D7DC5EBF6
:10469000451005EB800505EB85056D009585B3F8A4
:1046A000170009FB00F09062B3F81B001084B3F808
:1046B0001D00508493F8243003F01F005B0982F83A
:1046C0009A0082F87330256A94F912A005F18E00E1
:1046D00007F045FC40F20113A5F868304FF0FF0BDE
:1046E00085F86AB0414605F13000FEF7A9FC514655
:1046F0002846FEF7F9F9236A84F87B8004F18601E5
:104700001A8884F899B0A4F87C204FF6FF729DF8BF
:104710000700A4F89A209A69B2FBF9F2A4F8922053
:104720001A8CA4F894205A8CA4F8962093F873203D
:1047300084F89820227F5AB394F85020012A27D178
:1047400094F8562002F0C002402A21D1D4F851201A
:10475000C4F88620B4F855208A8008289A7803F196
:10476000030504F18C0184F87F2004F18002D3F862
:10477000033027D0C4F88C30AB888B8004F17F01E4
:10478000FEF7DAF840B940F6BB312D20FBF7FAFE10
:104790000022C4F88620DFE794F87F3043F002035C
:1047A00084F87F3004F172000C4907F08AFD0C4B4D
:1047B0000022206A1B683A71002B3FF420AF21468B
:1047C00098471CE7C4F88030AB8893800023C4F876
:1047D0008C308B80E6E700BF50320020D1CD000046
:1047E000C0230020032973B5044604D0052956D000
:1047F000012002B070BD08230DF107028DF80730CB
:10480000FFF768FE0028F3D0237C294D03B39DF801
:10481000070094F8BE30DBB92378082804F1C10200
:1048200084F8BF302CD004F1C001FEF785F820B920
:1048300040F64A712D20FBF7A5FE94F8C03043F0F6
:10484000020384F8C0301B4904F1B60007F039FDBB
:104850002B680622042620465A701E70FFF74EFD74
:10486000E16B94F84020286807F03DFC28682E7121
:1048700002F044F90021286808F00DFE0020B8E796
:104880002868034613F8031BC1F3801184F8C01095
:10489000D0F80310C4F8C1109B889380D3E7064B6F
:1048A0001B68002BEAD0984780F00100C0B2A0E757
:1048B00050320020B9CD0000BC230020F8B50446DA
:1048C0000F4619B300F12805284608F061FCA0B98D
:1048D00063881A072ED5284608F06FFC064628463E
:1048E00008F056FC301AC0B208F075FC494A9368CB
:1048F00003442846936008F02AFC284608F02CFC64
:1049000001F096FF2179252001F0F4FE414E0023AD
:1049100094F85E203068037043706388103B0D2B61
:1049200068D8DFE803F063675F0C67446767676711
:10493000676767442046BDE8F840FFF729BD0623B6
:104940004370202303702046FFF7D8FC638823F0D0
:1049500008039BB2152B05D094F83820616B3068A2
:1049600007F0B2FB306802F0C9F80021306808F0A7
:1049700092FD032321790020337101F083FF054666
:1049800007B9F06063881B0704D508F021FC0544D3
:10499000C4F8D8506388103B0D2B36D8DFE803F0FD
:1049A00038352F2F352F353535353535352F0C2307
:1049B00021214370034603F8091B52B1D4F85F204C
:1049C0000121C0F80920B4F863209A8007F075FB34
:1049D000B9E7A26DC0F80920B4F85C209A8094F879
:1049E0005710F3E7062303704370ACE7022303700C
:1049F0000623F9E740F236612D20FBF7C3FD21794C
:104A00000120BDE8F84002F009B940F6CF41F3E7D4
:104A1000F8BD00BF5032002038B543880446102B43
:104A200004D10121BDE83840FFF748BF0B4DAB7CF6
:104A300023B101F08FF9402002F0CAF8286802F093
:104A40005DF8608810F0040002D1217902F0E6F8E8
:104A5000002002F09BF801232B7138BD503200205A
:104A6000024B0121D869FFF729BF00BF5032002057
:104A700010B5134CA37C1BB102F0B6F801F096F907
:104A8000E06908F08BF870B12379012B10D12379FC
:104A9000226A03F18043E069D268013BBDE810401F
:104AA00052F823301847E069BDE81040FFF770BCAA
:104AB0002379022BEBD040F65E312D20FBF762FD0F
:104AC00050320020074810B5037903F0FF0433B9D2
:104AD00018222146043008F08BFE204610BD0C241D
:104AE000FBE700BF5032002010B50023084C2371B3
:104AF0002060FFF7E7FF20B140F2EF212D20FBF708
:104B000041FD236A13B940F2F221F7E710BD00BF5F
:104B100050320020014B024A1A6270475032002086
:104B2000E84D0000034B044A1A60044B044A1A6023
:104B3000704700BFBC230020E1450000C0230020D7
:104B400081420000F8B5057D0446AF1EFFB2002D7E
:104B50003AD0012F2DD800F1580190F8570007F0F6
:104B6000D5F80828064624D0FDF7C4FE10BB023D48
:104B700018BF0125012F84F8505066778CBF00279D
:104B800001272777FDF7D2FE054603F05FFC0022E0
:104B9000164B84F85E20E5FB0301C4E912011146BF
:104BA0002046FFF7BDFB70B940F27A412D20FBF79C
:104BB000E9FC0826022D09D104F151010020FDF77E
:104BC00085FD80B90020F8BD0826F5E7E37E002BBF
:104BD000F8D0D4F815300125C4F85130B4F81930A4
:104BE000A4F85530C6E70025C4E700BF40420F00D7
:104BF000F0B5464E85B00446327902F0FF0312B993
:104C00000278FF2A04D140F6B9112D20FBF7BAFC37
:104C10003382B3607371B37180F871303C4B684676
:104C200004F1280500933B4B01933B4B0293336AFD
:104C30005B68039301F05AFF01F08EFD01F0D4FF91
:104C400001F0B4F8354801F0E9FD354801F048FFBE
:104C5000284608F07CFA284608F07EFA01F0E8FDC4
:104C60002179252001F046FD94F9120001F0D0FDD4
:104C700004F13401206B06F012FA074604F13C01FE
:104C8000206B06F033FA0546E7B194F82430CBB137
:104C9000B4F92E50ED43ED0F237F13B963885B0702
:104CA00009D56FF00043D4E912129A4208BFB1F15E
:104CB000FF3F0ED1A5B930680330FDF755FEB07443
:104CC00005B0F0BD002DE7D094F82550002DDFD1C0
:104CD000E2E703F0BBFBD4E9122390429941E9D308
:104CE000012229462046FFF71BFB50B1FDF71EFEAF
:104CF000054603F0ABFB0B4BE5FB0301C4E91201D6
:104D0000D9E7002DD7D040F6F6117EE750320020CB
:104D1000714A000005440000B1440000D6BE898EEF
:104D20005555550040420F0073B50446FFF760FF2C
:104D300000212046FFF7C2FDA36E0BB101221A60CD
:104D40006388DB0720D50023104E256ACDE90033A8
:104D5000FF23F3746846FCF70BF8A8B9009CA54242
:104D6000F8D005F10A036A7A04F10A01607A06F0C4
:104D7000A2FF0028EED0A378F374D4F80300044B0C
:104D80007061B4F807209A8002B070BD50320020E4
:104D900064320020024BD8611B6A1B68184700BFB1
:104DA0005032002043881B0710B504460ED5036A15
:104DB0003C220849723042721B884381FF2380F8ED
:104DC00027304FF6FF73038507F07BFAFF2384F843
:104DD000713010BDD1CD000023CE0000194A000073
:104DE00029CE0000E5470000294D0000D94300000E
:104DF000614A0000D84D0000DC4D0000E44D000089
:104E00000138022808B503D9C3212F20FBF7BAFBCC
:104E100013290A4B05D811290CD8102907D0D12104
:104E2000F3E71529FBD103EB4003D88801E033F801
:104E3000100008BD03EB40039889FAE73A2C020002
:104E40000C4A0346117889B9906833B9B0F8581004
:104E5000828F91420AD8FFF781B993891B0707D542
:104E600090F88800073818BF01207047002070476D
:104E700001207047743200202D4AF8B5034694890A
:104E800090681C43402B948104D10421BDE8F84074
:104E9000FFF772B9802B01D10521F7E703F0030476
:104EA000032C04D140F6D6213120FBF76BFB13F025
:104EB000020418BF1161DD0705D55161C9780629C3
:104EC0000DD00B2917D02CB11169C97805291DD037
:104ED0000B2927D09B0644BF08231370F8BD90F818
:104EE00087101829EFD1002600270121C0E9386773
:104EF00080F88B10E7E790F88710122901BF002196
:104F000080F88B10012180F8C810DCE790F887103A
:104F10001629DFD1002400250121C0E93A4580F897
:104F20008C10D7E790F887101129D3D10021F6E72C
:104F30007432002037B5044601A8FDF751FB20B9B3
:104F400040F6BB013120FBF71DFB22220021019816
:104F500008F04EFC019D0321284607F020F92B782C
:104F6000214623F010032B700198FDF72BFE2246FB
:104F700001990548FEF78AF9FDF746FB10B940F69E
:104F8000C501DFE703B030BD78320020264B70B595
:104F90009C6894F83E5294F83F62002D3DD194F8FD
:104FA0006810002E3BD194F8693084F8681084F8BA
:104FB0006930FF2384F86A301C4B1B680BB1204614
:104FC000984794F82431012B01D0354303D00021B8
:104FD0001748FDF7D9F904F13006304607F0A5F976
:104FE00004F2351105462046FEF740F8204606211A
:104FF000FFF7C2F8304607F098F98542044610D210
:1050000003F092FB0146601B192838BF192003F0FA
:105010002AFBB0FA80F0400970BD2946C1E733464B
:10502000C3E70120F8E700BF74320020D02300203E
:1050300078320020154B1B6910B51979436893F835
:105040008620092A09D193F809218A4205D1002234
:1050500083F8862083F8C22010BD9A6F12F00804EE
:1050600006D022F00802BDE810409A6707F0FBB9AD
:10507000FF2905D1332283F8344283F88620EBE7F9
:1050800040F25C513120FBF77DFA00BF7432002002
:10509000F8B50D790446A5F10E03DBB2152B0DD83A
:1050A000012640F2512206FA03F7174208D142685E
:1050B000152B92F8862028D0082B08D00020F8BDA8
:1050C000024631462846BDE8F84008F088B8212A53
:1050D00001D02E2AF2D1204607F0B2F9636893F886
:1050E0008720222AEAD093F8D9201A21204622F0DC
:1050F000010283F8D920626892F8D93023F00803BE
:1051000082F8D930FDF740F9D8E7282AD6D1034BE9
:105110001B68002BD2D09847D0E700BFCC230020DB
:105120002DE9F041A0F10E0400291346E4B208BFB6
:105130001F21172C0AD8012640F25127A6403E42D3
:1051400007D116F4600F23D1082C07D00020BDE84A
:10515000F0810021BDE8F04108F041B8546894F8AE
:105160008620212A08D11846FDF70EF9002384F87D
:10517000863084F8C230E9E72E2AE7D194F88720F8
:10518000A2F120010629F1D92E2AEFD02A21EAE73F
:10519000054A1468002CD9D00A4601461846234611
:1051A000BDE8F041184700BFC82300202DE9F743B0
:1051B0007F4D0646AC68002840F0A480AB891A07F2
:1051C00024D594F80E31FE2B04D140F2DF5131206A
:1051D000FBF7D8F9FE2384F80E3194F887301A2BA8
:1051E00006D184F8C700281D07F03DF984F88760D0
:1051F00094F88630202B33D0332B3FD094F888306E
:10520000072B02BF02232B7684F80E31AB89DB0714
:105210003DD4AB895F0700F1AB80990740F1B280C4
:10522000AB68012283F80F212B69DF780D2F00F086
:10523000A680112F00F0B180072F00F0B080384613
:10524000FEF7E4F80346002840F09A80FF2F40F074
:10525000A880AA68332182F8340282F8861091E08F
:1052600094F88730A3F12002062A05D92E2B03D00B
:10527000212384F88630C1E72E23FAE7012384F83E
:105280003532002384F8863084F8C230B6E7D5F88A
:105290000890D5F8148099F88730113B0B2B0BD868
:1052A00098F80330023BDBB2092B7DD840F2333251
:1052B00022FA03F3D80777D54046FDF769FC98F842
:1052C000037020B939463B4807F0F5F849E0012F53
:1052D00001D9162F30D199F8860007F0D9F840B1DE
:1052E00099F88630202B04D0212B07D12E2389F862
:1052F00086303846FEF778F803462AE0162F14BFAA
:10530000022620262B781B0712D594F88730113BF4
:105310000B2B4BD9002501A903200195FCF7AEF911
:10532000019B2BB11D720C2221460198FDF738FE1E
:10533000304603B0BDE8F083112F0ED005D8072FFB
:1053400014D00D2FD5D11C4B08E0142FD1D11B4BFD
:105350001B681BB998F80310B5E7194B6969154824
:10536000984700283FF455AF0646CBE7154BF5E7C5
:1053700094F88820062A04BF01222A764DE7124BB2
:105380000C489847AB89DA06BCD594F887300A2BCD
:10539000B8D10B2384F88730B4E70C4BF0E70C4B03
:1053A000EEE740F2D25112E70826ABE70820C0E74B
:1053B00074320020783200201DD30000C423002066
:1053C00065D3000091500000ADD20000CBD20000A8
:1053D000355000002DE9F74FB64F0E468046B9898B
:1053E000BC688D0504F1780A54BFB4F8B8200023D6
:1053F000504653BF0132A4F8B83084F8AF31A4F856
:10540000B82007F07AFF30B10B4604F596722146BA
:105410005046FEF7A1F9BB8903F4C0632BB194F8A1
:105420008A30002B47D0032B4CD094F88A20BB89BC
:10543000012A04D1180544BF022284F88A20B8F159
:10544000000F40F09580590657BFB4F8C821424676
:10545000013292B2A4F8C82103F00A020A2A0DD13F
:105460003A69D278022A09D123F008033046BB8179
:10547000FFF79CFE30430823C6B2BB813046FFF7DE
:1054800095FEBD68304395F80E31C6B2FE2B3CD177
:10549000DEBB95F88830063B012B36D995F81831DC
:1054A000ABB195F8193101220221A5F8BC6085F84D
:1054B000103128462BE1012184F88A102046FEF79E
:1054C0005BFEB2E70223012184F88A30F6E795F803
:1054D0008790A9F110095FFA89F9B9F10C0F40F230
:1054E000ED80AB6FDA0702D532460921E1E7980774
:1054F00040F1938032460C21284607F0BEFE95F815
:10550000C93043F0010385F8C930B4F8A83194F8E4
:10551000AC510133A4F8A831002D00F0FD81FCF757
:105520009FF810B10023A4F8A83194F88A1001293B
:1055300040F2278294F88830072B40F00582B4F8B7
:10554000B830022B40F21D82B4F8BA500135ADB22A
:10555000B4F880302B44A4F8A03194F8AD31002B7E
:1055600000F013820123B4F880201344A4F8A4317E
:10557000BB89BD685B0657BFB5F8B4310023B5F8E9
:10558000A6219B1858BF9BB2A5F8B43195F81831E5
:1055900023B995F88830063B012B06D8B5F8BC3006
:1055A000B5F8A6211344A5F8BC3095F8C21031B166
:1055B000B5F8BE30B5F8A6211344A5F8BE3095F96C
:1055C000C620002AC1BFB5F8C430B5F8A6011B1823
:1055D000A5F8C43095F8A93063B9B8F1000F40F0D0
:1055E00065823B7E022B40F0178295F81031062B26
:1055F00018BF162395F8A82022B92F4885F8A9309E
:10560000FDF716FF284607F0E6FE002384F8AB31CD
:1056100003B0BDE8F04FFDF71DB8590702D532467B
:10562000132146E71A0706D595F80831324685F862
:10563000103107213DE713F0300F35D095F81B31BD
:10564000002B4AD195F81A31CBB195F8873005F582
:105650008D7105F23E22252B24D095F88630A3F1DA
:10566000250043424341284606F063FEAB6F23F01A
:10567000200343F01003AB67002385F81A31AB6FAA
:10568000DA062AD505F235112846FDF7EFFCB5F804
:10569000523000221521A5F81031B5F85630A5F882
:1056A000123106E70123DEE75B0616D5002224212E
:1056B000FFE600BF7432002078320020D7F808B02F
:1056C0009BF88730113B0B2B0ED8DFE803F01D0D44
:1056D0000D0D232C0D0D0D0D0D55B86890F887306C
:1056E000222B4FD0312B4AD095F88630002B59D140
:1056F00095F88730103B0C2B5CD995F8B630002B11
:1057000058D001221221D4E600220B21584607F07E
:10571000B4FDFAE65846FDF7FFFE00283FF4F5AE6B
:1057200000220421F2E79BF83032012B08D100223D
:105730000521584607F0A1FD00238BF83032E4E63E
:105740009BF83032022BD9B27FF4DFAE9BF8C85001
:1057500025B1062300228BF81031EAE70321062247
:10576000B34806F08FFE9BF8D8302A4613F0040F9A
:105770000CBF0D211121DCE700220621C6E7002223
:105780001121C4E790F82431022B02D10022172105
:10579000BDE790F82431012BA6D190F82531002BDC
:1057A000F4D0A1E7092B05D195F80931012285F83C
:1057B00010313EE7B9F10C0F7FF6A7AED7F808908D
:1057C00099F886B0BBF1000F40F08C8099F82B312E
:1057D0003BB101220E21484607F04FFD89F82BB15D
:1057E000ADE799F82A3193B199F8C9B01BF00303DA
:1057F0000DD14BF0010B01220C214846019307F01B
:105800003CFD89F8C9B0019B89F82A3197E799F8DE
:105810001A3133B399F81B311BBB99F8873009F55E
:105820008D7109F23E22252B19D099F88630A3F10B
:10583000250043424341484606F07BFD002389F89A
:105840001A3101221421484607F017FDB9F85230E9
:10585000A9F81031B9F85630A9F8123155E60123EC
:10586000E9E799F82431012B4BD199F82531002B28
:1058700047D199F88730A3F12002062A41D92E2B6F
:105880003FD099F86800012806D0022804D04FF4D0
:1058900061710620FAF776FE99F86910012901D0A6
:1058A0000229F4D1022899F826210BD0012A14BF2D
:1058B0000022012242B90A3B042B13D901221621EE
:1058C000484624E7022AF2E7022999F8272116D050
:1058D000012A14BF00220122002AECD000215448E2
:1058E000FCF752FD95F88630002B7FF40EAE95F84C
:1058F0003432002B3FF409AE0122FF21D9E5022A00
:10590000E7E74C4B1B68002BECD049489847FE2832
:105910000146E7D00122D3E7FBF79CFE08B1A4F8CB
:10592000A851FBF7A5FE00283FF4FFAD94F8AF3176
:105930000133DBB2022B84F8AF3182BF0023A4F81D
:10594000A83184F8AF31F0E594F8B6301BB194F883
:1059500086300F2B15D1B4F8BA505046B4F8B83091
:10596000ED1A033D07F0C9FC68B1D4F8B030D4F8A3
:10597000AC20033B9B1A9D42A8BF1D46012D3FF75B
:10598000E6AD0125E4E52B46F5E7012D7FF6EAAD0E
:1059900094F8873013B10B2B7FF4E4AD94F8863084
:1059A000002B7FF4DFAD94F88830002B7FF4DAAD64
:1059B00002297FF4D7AD94F8AF31002B7FF4D2AD3C
:1059C0002069B4F82E9005F0CFF900283FF4CAAD55
:1059D00094F80E31FE2B7FF4C5ADB4F8A231012B43
:1059E0007FF6C0ADB4F8A821238C9A42BFF4BAADBB
:1059F000013D9B1AADB29BB2B5FBF9F59D4228BFA4
:105A00001D4605FB09F3003D03F1010318BF012505
:105A10009BB284F8AA51A6E5012B0DD195F88930E7
:105A2000002B7FF4E7AD00212846FEF7A5FBECE54F
:105A300078320020D42300205EB1F00634D4310740
:105A400034D4B20634D4B30734D140F657213120D0
:105A500020E739B1B5F8BE10B5F8C030994201D38E
:105A60002223C7E5002A05DDB5F8C420B5F8C0300B
:105A70009A42F5D2B5F8BC20B5F8BA309A420AD2AB
:105A800095F88A20B5F8B83052B1B5F8BA209A42E4
:105A9000C9D80823AEE595F81831002BE0D1EFE71F
:105AA000052BC0D93E23A5E51E23A3E53D23A1E593
:105AB00023239FE52A239DE573B5634B002501262B
:105AC000044698601E719D811D701D76FF2380F82D
:105AD000AB310088FCF77EFD2088FCF7A5FDB4F80B
:105AE000A231E3B194F80E31FE2B18D194F818319D
:105AF000ABB194F88830063BB34210D994F8193111
:105B0000204632460221A4F8BC5084F8103107F038
:105B1000B4FB022084F8AA51FFF70CFA03E094F8D2
:105B20000E01FE28F8D1B4F8A61104F17806E38D31
:105B30000139B4F8A821304689B2B1FBF3F313441C
:105B4000A4F8A831B4F8B8300B44A4F8B83007F082
:105B5000D4FB20B1D4F8AC300B44C4F8AC30B4F86A
:105B6000A2310025012B9CBF0133A4F8A23109B159
:105B700084F8AF5194F8873084F8AA51A3F10A024F
:105B8000012A1DD8B4F88030B4F83C229B1A1904BD
:105B90002FD404F23E2104F18E0006F0E0F984F8DF
:105BA0008750FF2384F8C330B4F8A621214630463D
:105BB00006F01CFA98B34FF41E613120FAF7E2FCAC
:105BC000252B16D1B4F83C22B4F880309B1A1A0465
:105BD0000FD484F88750FFF7D9F9014630B984F81B
:105BE000240102B0BDE87040FFF7F4BB84F82451F3
:105BF000DAE794F8863003F0FD03252BD4D1B4F80E
:105C00008030B4F83C229B1A1B04CDD4002384F8C6
:105C10008630FFF7BBF901460028C5D1E1E70B4B01
:105C20000B4900930B4A0C4B03C9FBF7FBFB94F8A1
:105C30008730113B0B2B04D802B0BDE87040FBF756
:105C4000E9BB02B070BD00BF74320020D553000024
:105C500078320020794E0000414E0000D0F84432E6
:105C60008269934210B5044604D1D0F84812026A02
:105C7000914215D0228804F5C0700F49A4F88A21FA
:105C800040F2E242B3FBF2F3A4F88C31B4F84832AC
:105C9000A4F88E31B4F84A32A4F8903106F01AFB19
:105CA0000221204606F053F8002384F887300323AE
:105CB00084F88A3010BD00BFC7C50000064B1B68C2
:105CC000D3F8000138B1D3F8040120B1D3F80801AA
:105CD000B0FA80F0400970479C340020034B00224A
:105CE0001A705A7010229A70704700BF90320020CC
:105CF000F8B50646022014460D4600F077FA114B1F
:105D0000114A0127191D5C609A6002F18072033408
:105D10002D011F70DC601D83C3E90426002224339B
:105D200003F80A2C0D2203F8092C084A1268C2F85D
:105D300030150749C2F80875C2F8383503C983E839
:105D40000300F8BD903200200300000B9C340020BB
:105D5000582C020008B5022000F048FA0D4B012231
:105D60001A7000220C4B1B68C3F80021C3F80421F1
:105D7000C3F80821094AC3F88020094BC3F88C20D6
:105D8000084B1B68C3F88C210822074BC3F8042575
:105D900008BD00BF903200209C340020030000802A
:105DA00000300850A834002000200450154A08B5DF
:105DB0001378FBB1144B19680023C1F880301349E4
:105DC000C1F88C3012490968C1F88C310821114B97
:105DD000C3F80815FFF772FF88B101235370938E43
:105DE000FF2B03D9BA213B20FAF7CCFBDBB293702F
:105DF000002313700020BDE8084000F0F7B910231D
:105E00005070F4E7903200209C340020003008509D
:105E1000A8340020002004500A4B1A786AB10A4BBB
:105E20001B68D3F8002152B1D3F8040140B1D3F874
:105E30000801B0FA80F04009704758787047022096
:105E4000704700BF903200209C340020064A08B5FD
:105E500013782BB1FFF732FF20B192F8340008BD60
:105E60009078FCE71020FAE7903200200A4B0221DC
:105E70001A680023C2F88030084AC2F88430084A01
:105E80001268C2F88431074AC2F8081502F5802268
:105E9000C2F80835704700BFA03400200030085019
:105EA000A834002000200450024B00221A809A706F
:105EB000704700BFC83200202DE9F041064601209E
:105EC0000C461F46904600F091F906F00301224B64
:105ED00022481D6841EA0743077143F08073C5F803
:105EE0000435FFF7C3FFE368A0F806801FBAA36874
:105EF000C67019BA63681ABA2368C5F810751BBA58
:105F0000C5F81415C5F81825E769A169C5F81C3549
:105F10003FBA09BAD4E9042C94F82040130AC5F812
:105F20002075003C4FEA026243EA0C63C5F8241571
:105F300018BF012412BA23F00043022E43EAC473AF
:105F40001BBAC5F828354FF00103C5F82C2543705E
:105F500098BF0370BDE8F081A0340020C832002053
:105F6000304B5A782DE9F04704460D4622B94FF4DC
:105F700007713C20FAF706FB2B4A03F10C0E4F7811
:105F800003F1140603F13C0CDFF8A0904FF00E086B
:105F90001F811F8503F14C0A0437DD61C3F820908F
:105FA00083F82B80A3F8607092E80300C3E91549D9
:105FB0008EE80300D2E9020186E80300E91C00260E
:105FC000596283F82A60D2E90401C3E90B668CE8C0
:105FD0000300611C596416499964D2E90601E21C68
:105FE0008AE80300DA65012183F8626083F8638040
:105FF000D8789970C3E91966AA78A2700D4A126818
:10600000C2F830E5C2F838C540B91B780BB9E321B6
:10601000AFE7C2F804011160BDE8F0871970C2F85B
:106020000461F8E7C8320020602C02000100000D76
:106030000100000CA0340020334B5A782DE9F041C8
:1060400004460D4622B94FF412713C20FAF79AFA31
:106050002E4A03F13C0C03F14C0603F10C07DFF868
:10606000B080DFF8B0E0C3F848805D65C3F858E061
:1060700092E80300C3E9094E8CE80300691C5964E7
:10608000D2E9080186E80300E91C0026D965224907
:106090009E6683F83260C3E91816D2E9040187E8E6
:1060A0000300611CC3E90518D2E90601E21C03F1F3
:1060B0001C08DA62DA881A860E2288E8030083F860
:1060C00033200121C3E90D66AA789970A270134AA2
:1060D0001B781268C2F830C5C2F8387513B940F29F
:1060E0000F11B2E70E4BC2F80461C2F880300D4ABE
:1060F000C2F884300C4A1268C2F8843102220B4B79
:10610000C3F80425BDE8F081C8320020602C0200ED
:106110000100000C0100000DE803000EA034002077
:106120000100008000300850A834002000200450F6
:10613000054808B503781BB1FFF798FE00230370EC
:1061400000234370837008BDC832002008B5084B97
:106150001B68D3F8042122B94FF422713C20FAF7CE
:1061600011FAD3F80004003818BF012008BD00BFA1
:10617000A0340020024B01221B685A60704700BF08
:10618000A034002038B50A4D00242B68D3F8002530
:10619000032A04BF01225A60064A1268C2F8004569
:1061A000C3F80045FFF7C4FF2B68C3F8804038BD33
:1061B0009C340020A03400200A4BB3F90030002B9F
:1061C0000DDB5A09012103F01F03994002F120035E
:1061D000054A42F82310BFF34F8FBFF36F8FFFF7CD
:1061E000D1BF00BFB434002000E100E010B5044688
:1061F000FFF7C8FF012C06D0022C0AD044B18C2135
:106200003D20FAF7BFF9084B02221B68C3F80025AE
:1062100010BD064B03221B68C3F8002502F10042A3
:10622000C3F88020F4E700BFA03400209C34002095
:10623000024BD3F8A00300F00100704700C0FF003C
:10624000084BD3F8A423D3F8A833511C9BB203D135
:106250004FF6FF718B4203D00260838001207047AC
:106260000020704700C0FF000B4B30B5D3F89053AF
:10627000D3F89443D3F89813D3F89C2305EA040386
:106280000B401340013317BF05600020446081605C
:106290001CBFC260012030BD00C0FF000B4B30B5F9
:1062A000D3F88053D3F88443D3F88813D3F88C23DE
:1062B00005EA04030B401340013317BF05600020BB
:1062C000446081601CBFC260012030BD00C0FF007F
:1062D000064B0022C3F80022C3F81822C3F820227C
:1062E000C3F80C22C3F81422704700BF00A0085066
:1062F000024B00221A809A701A71704738330020BE
:1063000038B5144D0346084695F83D2022B940F6AD
:10631000B2113E20FAF736F96BB9012AAC6B95F849
:106320003C1005D100F052FE20442B6BC01A38BD42
:1063300007F0B7F8F8E7012B0AD1012AAC6B95F802
:106340003C1002D100F034FEEEE707F0B5F8EBE7C1
:106350000020EAE73833002008B50128084B83F80D
:106360002400084B06D0022808D040F6DC613E200D
:10637000FAF708F90322C3F8002508BD0422FAE75A
:106380003833002000A0085008B5144B93F84A3069
:10639000D90720D59A070ED5114BD3F8002442F027
:1063A0000102C3F80024D3F8200500F0F6000238FB
:1063B00018BF012008BD5B070DD5094B094AC3F87A
:1063C0000821A3F5A043D3F8403123B140F28A71EC
:1063D0003E20FAF7D7F80120ECE700BF3833002061
:1063E00000A008500B00008008B570B9104B283190
:1063F0001846D9600F4900F091FE0130012816D9E6
:1064000040F66D013E20FAF7BDF801280CD1084B8B
:1064100029311846D960074900F086FE013001286D
:1064200005D940F67701EDE740F67B01EAE708BDC4
:106430002C210020882C020008B50C4B9B78012BE6
:1064400009D100F077FE013001280ED940F6042171
:106450003E20FAF797F8022B07D100F071FE0130C9
:10646000012802D940F60A21F2E708BD383300209E
:106470000A4B40F409000A4A1B8D40F04000B3F576
:10648000166F36BFA3F63813A3F5166343F4807373
:10649000C2F80837C2F84005704700BF3833002003
:1064A00000A0085037B50C460546FFF755FF2046BB
:1064B0002146FFF7DDFF104A01AB284692F925205F
:1064C00000F0C6FD9DF8050000F040FE20B140F24E
:1064D00055713E20FAF756F89DF9040000F004FDCE
:1064E000064B40F20312C3F8442E40F25B62C3F83D
:1064F000482E03B030BD00BF3833002000A0085044
:106500002DE9F8430C4617468046434D00283FD1FD
:106510000123AB702B78012B23D1404B33F8123081
:106520004FF47A7203F5FA73B3FBF2F3CC1A2B6BC8
:106530003B4E1C443B4BC6F84045C6F8C0312B7857
:10654000002B57D195F84A3043F0020385F84A30C2
:10655000FFF71AFF0546002853D100252846BDE85D
:10656000F883104695F82610FFF79CFF2E4B4FF44A
:106570007A7253F8273003F5FA73B3FBF2F3E41A97
:106580002B78002BD3D1294B264AC3F80021CEE724
:1065900001282AD10223254EAB702B78012B06D17E
:1065A000D6F8003443F01003C6F80034BFE795F87E
:1065B00026901046FFF7D0FE293C4846FFF758FFCB
:1065C000D6F8003443F01003C6F8003440F2031349
:1065D000C6F8443E40F25B63C6F8483E2B78002B79
:1065E000A5D1104BC6F80431A1E74FF413613E204A
:1065F000F9F7C8FF012BABD195F84A3043F00403FB
:10660000A4E70123F364D6F84C35A342A5DA21466A
:106610004046FFF7E9FEA1E738330020082D0200CD
:10662000005008500B000080FC2C020000A0085015
:1066300008B560220021034807F0DAF8BDE80840F9
:10664000FFF756BE38330020024B0344187D00F597
:1066500016607047882C0200014B93F83C0070478D
:1066600038330020024B986B1B6BC01A704700BF79
:10667000383300200A4B93F83C20D3E90C30C01A81
:10668000084B03EB8203DB6BC01A074B53F8223035
:106690004FF47A7203F2F313B3FBF2F3C01A7047AC
:1066A00038330020882C0200F02C02000F4A08B575
:1066B00092F83C10012906D0022914D040F2C621DC
:1066C0003E20F9F75FFF40F61C40D2E90C239B1AED
:1066D000074A02EB8102D26B9B1A4FF47A72B0FB2D
:1066E000F2F0184408BD4FF4AF60EEE738330020F5
:1066F000882C0200FF2808B504D940F2E5213E208D
:10670000F9F740FF124B0129A3F8480004D00229F1
:1067100019D040F24131F2E7002343F4801340F0F6
:1067200000700C4A43F4847340F44030C2F8203EB9
:10673000C2F8280ED2F8203503F0F703032B05D159
:106740004FF45671DBE74FF08073E6E708BD00BFFA
:106750003833002000A00850F8B5244E4FF480676D
:10676000C6F89070BFF34F8FBFF36F8F204C01219D
:10677000204DC4F8A410FFF7ABFD0323C4F8401E5E
:1067800085F82410C4F800354FF40023C4F8003411
:10679000194B187C00F0ECFC03F020FB174B184A57
:1067A000C4F83833174BC3F8C820013AC3F8C420E3
:1067B00040F6FE72144BC4F81433144BC3F804258E
:1067C0000023AB87AB6385F84A3002F03CF84FF406
:1067D00080732863C6F89071C4F888342B6E3761D3
:1067E00003B19847BDE8F84000F08CBC00E100E040
:1067F00000A00850383300202C2100200300008026
:106800000600008000500850010000800020085061
:10681000014B83F82500704738330020020E034BEC
:106820000002C3F8342EC3F82C0E704700A00850A5
:10683000044B054A034482F826001B7D03F51663CA
:1068400013857047882C02003833002010B50446A9
:106850000068FFF7E3FF094B6268C3F84C2E207A0B
:10686000FFF7E6FF617A6089FFF744FF607AFFF780
:1068700073FD227B024B83F8252010BD00A0085039
:10688000383300202DE9F041324C06460F4694F88B
:106890004A30DA0704D440F6BE013E20F9F772FE12
:1068A0002D4D43F00203D5F8002442F00102C5F853
:1068B000002484F84A3028BB012394F82610384677
:1068C000A370FFF7EFFDA378012B02D040F6CA01B9
:1068D000E3E7224AD3642B60204B3046D3F84C5573
:1068E0002946FFF781FD236BED1A7EBB1C4B4FF44D
:1068F0007A7253F8273003F5FA73B3FBF2F35819A1
:10690000BDE8F0810128E7D1022394F826800846EB
:10691000A370FFF721FD4046FFF7AAFDD5F800342C
:1069200043F01003C5F8003440F20313C5F8443EA9
:1069300040F25B63C5F8483EA378022B02D040F6D4
:10694000D201AAE7054BDE646E60C5E705F12900B8
:10695000D6E700BF3833002000A008500050085090
:10696000FC2C020008B5FFF7CBFD58B9064B0122FD
:10697000C3F8400503F5A04302201A61BDE80840B2
:10698000FCF72EBB08BD00BF0050085013B5264BC6
:106990004FF48061254A4FF0FF30D3F88844C3F8A4
:1069A0009004C2F890114FF40022214904F480743D
:1069B000C3F80024002281F84A201E49C1F840256E
:1069C000C3F80821C3F80021C3F80421D3F8201527
:1069D000C9B2D1B18DF80700C3F8202201221A6193
:1069E0009DF8072012B1D3F820223AB19DF8073064
:1069F0005BB940F6F2113E20F9F7C4FD9DF807207F
:106A0000013AD2B28DF80720EAE7FFF715FD0649F3
:106A10000023C1F82032FFF76BFC1CB14FF48073E8
:106A2000C1F8883402B010BD00A0085000E100E0B9
:106A3000383300200050085070B50024234D244EF8
:106A4000C5F84845C5F84445C5F84045C5F84C4526
:106A5000FFF79CFF00F05CFBC5F8C441C6F8084195
:106A6000C6F80041C6F80441C5F8C840C5F8C4409E
:106A700003F0CCF9174B40F6FE72C6F83843C6F85F
:106A80001443C5F8C041C3F808254FF48062124B87
:106A90001C77C3E90D44114BC5F84845C5F844457A
:106AA000C5F84045C5F84C45C5F84841C5F84441CE
:106AB000C5F84041C5F84C41C3F89020BFF34F8F53
:106AC000BFF36F8FC3F8902170BD00BF0050085016
:106AD00000A00850002008503833002000E100E0FA
:106AE000014BC3F84C0E704700A0085010B50FC8FA
:106AF000014C84E80F0010BD9C33002008B50B4BFF
:106B0000C3F8D00E0A4B93F84A20586442F00102B1
:106B100083F84A20FFF738FC30B9FFF737FF03202E
:106B2000BDE80840FCF75CBA08BD00BF00A00850F3
:106B30003833002008B5124B1A6B10449A6B82420E
:106B400004D340F6A8213E20F9F71CFD012218626B
:106B50001A770C4B5A64D3F844150531814206D399
:106B600003F5A043D3F80C1201B91A6108BD002245
:106B7000C3F84421044AC3F84405C3F8C421F5E727
:106B800038330020005008500900008010B50E4C2A
:106B90000346022294F83D002277012894F83C1025
:106BA00094F824204FF096000BD100F01BFA074A0E
:106BB00000232062C2F84431A36B0344C2F8443579
:106BC00010BD00F029FAF2E73833002000500850D9
:106BD000044BC3F8940ED3F8002442F04002C3F8EB
:106BE0000024704700A00850054BD3F8002422F081
:106BF0004002C3F800240022C3F8942E704700BF5F
:106C000000A00850044BD3F8183703F07F035B4211
:106C100003700120704700BF00A008500022044B01
:106C200090421A70D97014BF022201225A70704724
:106C300038330020054B0022C3F84025044AD2F81F
:106C40002035DBB20BB101231361704700500850AF
:106C500000A00850044B30B5D3E914459B6DC0E942
:106C600000450B6030BD00BF383300202DE9F047F0
:106C70000123824C824DB4F84870EB64D5F84C2562
:106C8000236BA2EB030801F0E1FBC4F85880C4E9D0
:106C90001401FFF7D1FB7B4A0023C2F80831C2F888
:106CA0000031C2F80431D2F8001421F01D01C2F8FD
:106CB000001484F84A30237F23B1D5F84431003BD7
:106CC00018BF0123A17801290AD1D2F81852002D4A
:106CD00043D16C4BD3F82032ABB145F0100512E034
:106CE000022938D1674AD2F81852D2F80C2E003D4A
:106CF00018BF0125D6074FEA450558BF45F00405E2
:106D00002BB345F00105FFF7E3FAE806A37803D5B6
:106D1000012B08BF45F02005594A94F80190D2F89C
:106D20004815A163D2F8442584F83D3094F8243006
:106D3000626384F83C30B9F1000F10D1FFF7D8FA44
:106D400084F81C90E9077DD5636E984744E015F000
:106D50000B0FD8D1BDE70025BBE70825D3E715F019
:106D6000110F0ED1B9F1010A2379267818BF4FF01F
:106D7000010A012B43D0022B56D02BB14FF44461B2
:106D800045E0FFF703FEDDE796215046FFF7B8FA2E
:106D90000146FFF7ADFA012E50D1B9F1010F14BF32
:106DA000272333239844884543D90220FCF718F958
:106DB000344B30461E61AA0746D5636C01465B78AA
:106DC000BB42A36E88BF45F00405C5F3800585F07E
:106DD000010505F001009847A378022B0DD1237F10
:106DE0005BB1022B264A3DD1A36B216A0B44C2F84A
:106DF0004435234B244AC3F8C421BDE8F087234817
:106E0000FFF724FD94F83D3023B940F6B5013E204C
:106E1000F9F7B8FB012B04D1FFF748FCA369C118AF
:106E2000B7E7FFF727FCF9E71848FFF70FFDA1695F
:106E3000AFE7134B00222670C3F84021E27850469A
:106E4000FFF790FD0020B6E715F0280F05F02001B0
:106E500004D0B1FA81F1E36E4909BCE7EB06BBD57A
:106E6000236F72E7012B02D040F69F51CFE7236AD0
:106E7000A16B8B42BBD84FF45A61C8E7383300206E
:106E80000050085000A00850090000804033002046
:106E9000024B03EB8003D86B704700BF882C0200C5
:106EA000024B03EB8003986C704700BF882C0200F4
:106EB000F8B501230D46477801464370044628463D
:106EC0001646FFF74DF8074B1A68D2F80431002B2D
:106ED000FBD0677016B9EB78A370AB707B1E58427D
:106EE0005841F8BDA03400202E3008B5362854D8BB
:106EF000DFE800F05053535353534D535353535300
:106F00005353535353534B5353535353585358534F
:106F10004953475345534353413F3D3B393735333D
:106F2000312F2D2B29272523215A1C003F231F4AAF
:106F3000C2F8103708BD3323F9E72D23F7E72823DC
:106F4000F5E72323F3E71F23F1E71B23EFE71823DC
:106F5000EDE71523EBE71323E9E71123E7E70F2319
:106F6000E5E70D23E3E70B23E1E70A23DFE7092346
:106F7000DDE70823DBE70723D9E70623D7E7052367
:106F8000D5E70423D3E70323D1E70123CFE74FF469
:106F90009873CCE74FF48873C9E74FF486713F20AC
:106FA000F9F7F0FA0223C2E73923C0E700A008503E
:106FB000054B4FF47A72023833F8113003F2E7339D
:106FC000B3FBF2F318447047E82C0200044B4FF473
:106FD0007A7233F81130B3FBF2F30133184470477F
:106FE000E82C020038B51D460A4B33F8114003EB7C
:106FF000820305359B681C444FF47A7304F6B7345A
:1070000003FB00441046B4FBF3F42544FFF740FFB4
:10701000284438BDE82C020070B5064608461546DF
:10702000FFF73EFF094B03EB85039C684FF47A732F
:1070300004F6B73403FB0644241A2846B4FBF3F4E1
:10704000FFF726FF0530204470BD00BFE82C02008A
:107050002DE9F04F264C87B0074698460D46164658
:1070600001F0BAFE23788146BB4211D16378AB426E
:107070000ED194F90230B3420AD1E378834207D1AA
:10708000A388A8F8003094F9060007B0BDE8F08F97
:107090007B1EDBB2032B0DD8164A294612F803A03B
:1070A0000DF117033246504601F09CFE38B14121E4
:1070B000A92002E040F2FE410620F9F763FA0390AE
:1070C00028469DF917B0FFF7BFFA039A03464146D9
:1070D00058460092524600F03FF8B8F80030A071D0
:1070E000A38027706570A67084F80390CBE700BF7B
:1070F000402100200E2D0200014B1B681B68184721
:10710000D8230020014B1B685B681847D823002058
:10711000014B1B689B681847D8230020014B1B6854
:107120001B691847D8230020014B1B685B6918476F
:10713000D8230020014B1B689B691847D8230020E7
:10714000014B1B68DB691847D8230020014B1B68E3
:107150009B6A1847D823002030B4044C9DF808508F
:1071600024680295E468A44630BC6047D823002018
:1071700000220D49134610B540FA02F4E40744BF5B
:10718000CA545C1C02F1010248BFE3B2042AF3D1E5
:10719000054AFF24D118032B01D9107110BD01330A
:1071A00001F8014BDBB2F6E7003B002008B50748C9
:1071B00001F05AF8054800F03FF801F009FD01F030
:1071C00003FC00F0A7FB012008BD00BFFC34002039
:1071D00008B501F025F801F0D1FC01F019FCBDE87B
:1071E000084000F0B3BB01F035BD01F06FB810B539
:1071F000EFF3108472B601F069F804B962B610BDFD
:1072000001F076B801F08EBD01F044BD01F054BD2F
:1072100001F054BD01F058BD01F07ABD08B5054B31
:107220001A781AB12721032002F0B8FB58601970B0
:1072300008BD00BF04350020024B986000221A7080
:107240005A60704704350020F7B51E4C2378012B97
:10725000DAB204D0022A2ED0012003B0F0BD0DF125
:107260000701606800F07EFB65686B7DDB071CD55D
:10727000AB7F042B19D001F083F80646A8B101F0CA
:1072800085F82B69D5E900279A18B36847F10007FC
:107290000A332CBF012500251B1845EB010593423D
:1072A000BD4102D3606800F02DFC002363602370B1
:1072B0009DF80700D1E70DF10701606800F05CFB65
:1072C000F3E700BF0435002010B5837F8BB9034678
:1072D00001F1180251F8044B914243F8044BF9D1E3
:1072E000012484772146FFF799FF00F0E1FF204653
:1072F00010BD0020FCE773B505460C4601F040F8D0
:107300000646AB7F012B1AD021462B4604F118020A
:1073100051F8040B914243F8040BF9D101230DF10C
:1073200007012846AB7700F01DFB16B1012002B023
:1073300070BD044B0421986806F030F9F6E7002090
:10734000F5E700BF0435002010B5FFF7D4FF044671
:1073500020B1034B0621986806F020F9204610BDA5
:1073600004350020024B0621986806F017B900BFCB
:107370000435002010B5EFF3108472B601F000F868
:1073800018B9C921032002F009FBFFF7EBFF04B98C
:1073900062B610BD10B504460221FFF73FFF00F0B2
:1073A00087FFA07FB0FA80F0400910BD38B50446D1
:1073B000A37F03B938BDA37F032B02D0A37F042B87
:1073C0000FD1EFF3108572B6204600F0F0FA05B940
:1073D00062B6A37F002BEDD040F20D11032002F026
:1073E000DDFAA37F012B02D14FF48971F6E706F095
:1073F00073F9DDE710B50446FFF7CCFF20B920464E
:10740000BDE81040FFF7D2BF10BD13B50DF1070165
:1074100000F0B2FA044600F0B3FF20B940F22F1199
:10742000032002F0BBFA204602B010BDF8B50446B6
:107430000F4600F0ABFF0025A4682418384641F140
:1074400000062246334600F001FBA04271EB060322
:1074500009D3001B6FF0010361EB0601834275EB5A
:10746000010102D3F8BD2846FCE74FF0FF30F9E7F1
:1074700010B5EFF3108472B6FFF7D8FF04B962B607
:1074800010BD2DE9F04185681746002306464A19CC
:107490000C465B4113B10020BDE8F08100F076FF9F
:1074A0002A18384641F1000314EB020843F10005A5
:1074B00000F0CCFA4045A941EDD301F0CBFB00F040
:1074C00075FAB368012037752344B360E4E710B55B
:1074D000EFF3108472B6FFF7D4FF04B962B610BDA3
:1074E000837F012B01D100F08DBB00207047D0E9D4
:1074F000000170470069704700F048BF10B5EFF316
:10750000108472B600F042FF04B962B610BD806804
:107510007047007D7047F8B50369044623B140F217
:10752000D511032002F03AFA01F094FB05460E460D
:1075300002F056F970B36435D4E9003246F1000127
:10754000AB4272EB010001D22B460A46C4E900327D
:10755000EFF3108572B600F013FF064698B100F005
:1075600015FFB3680B332CBF012200221B18D4E98E
:10757000006042EB0101B34271EB00023CBF3346B5
:107580000146C4E9003105B962B62046BDE8F840BD
:1075900000F0D2BA02F044F9074600F00DFFB842FD
:1075A00038BF3846963546F100024319D4E9000148
:1075B00042F10002834272EB0105C7D20346C4E7E1
:1075C000042300F118028377002303764376837641
:1075D000C376044B196811B91A605A60704759682C
:1075E0000A60FAE7103500202DE9F843DFF86C80D7
:1075F000002406460F46D8F80830204633B950B369
:10760000174B1878BDE8F84302F070BB53E9061237
:10761000D3F80090B14272EB07051AD253F8085C18
:107620006D1842F10002B542BA4112D24CB1226843
:1076300012682260A3F11800FFF7C2FF01204B4639
:10764000DCE7D8F80820002AF4D01268C8F808202F
:10765000F0E71C46F3E7BDE8F88300BF10350020D3
:10766000212400202DE9F047304B4FF0000E054655
:107670009446C2F800E09868002855D018380746AC
:10768000BA69002A50D0D0E9009352E906684E4505
:1076900078EB030403D2BF219F2002F07FF9A945B4
:1076A00073EB01040BD2046914EB090443F10003EA
:1076B000A542A14671EB03043CBFA9460B46AE426E
:1076C00078EB01040BD252F8084CA41948F10008D9
:1076D000A542264671EB08043CBF2E4688468468C6
:1076E0000A344EF1000A14EB090443EB0A03A642E4
:1076F00078EB030318D2047D12F8043C9C420DD0B1
:107700008CBF012300232BB107F11803A2F118004D
:10771000CCF80030BF693FB1183FB1E79388848B44
:107720001B1BC3F3C033EEE7BDE8F0871035002024
:107730002DE9F04F85B082834E4A04460091D2F87D
:1077400008C094F81580D0E90030BCF1000F40D09B
:10775000ACF11801002708F00109D1E90026934295
:1077600070EB06056DD3B9F1000F2CD0277D0D7D90
:10777000AF4228D38D68AD1846F1000615F10A0A0C
:1077800046F1000E534570EB0E0219D22269D21851
:1077900040F1000792457EEB070B01D25246774637
:1077A000AA42B7410FD220460024FFF709FF324B0F
:1077B000187802F09BFA009B1C7005B0BDE8F08FB2
:1077C0001A460746ECE78A690F4622B1A2F1180172
:1077D000C3E76246674618F0010F37D0A168C918A1
:1077E00040F1000B01918AB3019DD2E9001615F119
:1077F0000A0E4BF100058E45B54127D394F814E0ED
:10780000157DAE4519D395686D1846F1000615F142
:107810000A0946F100084B4570EB080113D22169B3
:10782000C91840F1000E894578EB0E0A01D249468D
:10783000C646A9427EEB060EB5D3926932B1183A1C
:10784000D2E70A46C7E719468646F2E704F118036D
:107850005FB1BA69A261BB6103AA00200021FFF7F2
:1078600001FF231A5C425C41A5E7024AC4F818C034
:107870009360F1E71035002021240020F8B5244C56
:107880000023E360EFF3108272B621686360E16069
:10789000236002B962B60026E36803B9F8BD9A799D
:1078A000A3F11800032A07D11A6801219E7153F829
:1078B0000C3CE2609847EFE7196851B1A1F1180359
:1078C000074600229D7F042D09D09B7F032B02D108
:1078D000B2B9E16017E063219F2002F05FF8B0F8D1
:1078E0001CC09D8BA5EB0C052D049D6944BF07F1C1
:1078F00018021846002DEBD01F46A5F11803E1E74A
:1079000013681B681360C36802218677D2E700BF43
:107910001035002010B50A4C2378FF2B04D04FF40B
:1079200084719F2002F03AF8064802F0B5F9064B40
:10793000002220709A601A605A601A8210BD00BF3F
:10794000212400207D7800001035002010B5044C63
:107950002078FF2803D002F0B9F9FF23237010BD6F
:1079600021240020034B1A8A10B4541C1C8210BC22
:10797000DEE600BF1035002037B504460D4601AAEB
:1079800000210020FFF76EFE231A04F1180158426F
:1079900058412870044805F027FE10B1002301204B
:1079A000A37703B030BD00BF183500201CE638B502
:1079B000114B044600F118011A68B2B11A68002090
:1079C0009AB191420ED108B1A56905601D68A9421E
:1079D00004BF12681A605A68914200D158600023AF
:1079E000A37707E010461268EAE7044805F0FCFDBB
:1079F0000028F4D138BD00BF103500201C35002010
:107A000037B505460C46FFF7EFFD01AA284621468B
:107A1000FFF728FE28B100F11803034A536103B0B1
:107A200030BD0346F9E700BF1035002010B5064C05
:107A3000616904F1080005F0D7FD18B16069002301
:107A40001838636110BD00BF103500209C46144BF0
:107A5000F0B59D68FDB115F8043C183D834218D877
:107A600012F10A04D5E900364CF10001A34276EB8D
:107A700001070BD22F69FF1846F10006A7428E417D
:107A800007D3B4F10A0041F1FF31F0BD1C46314685
:107A9000F7E7AD69DEE74FF0FF300146F5E700BFDD
:107AA0001035002008B5837F022B1CD1437D13F0D5
:107AB000020302D00023837708BD032203764376B6
:107AC0008376C3760D4B827700F11802196839B9B5
:107AD0001A605A600A4B1878BDE8084002F006B9EF
:107AE00059680A60F5E7837F012BE5D0837F042B7B
:107AF000E2D04FF4FB719F2001F050FF10350020C1
:107B00002124002010B500F118010446084805F0B2
:107B10006BFD20B94FF400719F2001F03FFF20461C
:107B2000FFF74EFD034BBDE81040187802F0DEB8B9
:107B300018350020212400202DE9F74FD0F810E05F
:107B4000BEF1000F04D040F21F219F2001F026FF5C
:107B5000836890F814800193D0E90014EFF3108942
:107B600072B6274BB3F810C09B686BB1019D183BF0
:107B70000A35D3E900264EF1000A6D1844EB0A0AD3
:107B800095427AEB060707D2B9F1000F35D0C0E96C
:107B9000001403B0BDE8F08F8A4276EB04070CD3E3
:107BA0001F69BF1846F1000BAF427BEB0A0B34BFD5
:107BB0000125002575B99B69D7E712F10A0A9D686E
:107BC00046F1000715EB0A0547F10007A94274EBDF
:107BD0000707ECE71D7DA84509D0ECD912F10A0191
:107BE0009D6846F10004691844F10004E3E79D8BA9
:107BF000A5EB0C052D04DED5F0E762B6C7E700BFA4
:107C000010350020F7B50C460DF107010646878BAD
:107C1000FFF7B2FE20B940F24A219F2001F0BEFEDC
:107C20000FCC35460FC594E803003A4685E80300BB
:107C300030460DF10701FFF77BFD012003B0F0BDD9
:107C4000034B187800F0FD00431E5842584170471E
:107C50002835002038B5FFF7E9FE002580B1094C32
:107C6000C4E90105E56000F0E7FE606802232946EB
:107C70008377C3689847D4E90401FFF797FE012092
:107C800038BD00BF28350020024B0521986905F05A
:107C900085BC00BF28350020042938B5054613D01F
:107CA00005D80239012915D940F2C91109E0052981
:107CB000FAD1FFF7C5FF10B1114C607F60B140F2FF
:107CC000BF11B02001F06AFEFFF7BEFA10B10C4BF5
:107CD00001221A77002012E0236A98470123206BC3
:107CE0006377084AD4E90A31323B41F1FF31181871
:107CF00041F1000100F07EFF034B02202B6038BDF4
:107D000028350020897C000041800000064B58681F
:107D100010B520B940F28D21B02001F03FFEC368BC
:107D20000621BDE810401847283500202DE9F84FFE
:107D30002B4D81466B7F2E6B002B3AD1FFF780FFD6
:107D4000074618B1AB8E9E4238BF1E4600F082FF38
:107D5000044680198B4641F10001FFF751FE68B3DC
:107D6000D0E9008AB0457AF1000324D3B8EB0600CD
:107D70006AF10001844223465A467BEB01043CBF72
:107D800003460A469B1942F10002C5E90432154A2E
:107D900000F030FF4046514600F08EFEEFB1A98E54
:107DA000114B124A8E4218BF1346C9F80030BDE885
:107DB000F88F0027CAE700200146DBE76B7F33B16D
:107DC0002B78023B012B02D82B6A01209847002315
:107DD0006B7700F072FE064BE7E7044BE5E700BF68
:107DE00028350020897C0000BB7E0000F57D000066
:107DF0008D7E0000042938B5044624D007D8023906
:107E0000012938D940F26B11B02001F0C7FD0529D6
:107E1000F8D100F053FE194D01F0D6FCFFF710FF2A
:107E2000D8B16B7FCBB900F015FFAA8E2B6B9B1AD4
:107E3000134AC5E90A01181841F1000100F0DAFE01
:107E4000104B236007E0FFF7FFF9A0B100F0F2FE4E
:107E50002046FFF76BFF022038BD00F0FBFE2B6BC6
:107E6000074A323B65EB0505181845EB010100F0A8
:107E7000C1FE054BE5E70020EEE700BF28350020F6
:107E8000897C0000997C000041800000032910B526
:107E9000044606D801290ED840F21711B02001F08F
:107EA0007DFD0429F8D1FFF7CFF920B12046FFF777
:107EB0003DFF022010BD0020FCE7042938B505462F
:107EC00013D005D80239012929D940F23B1109E024
:107ED0000529FAD1FFF7B4FE10B1124C607F70B1E2
:107EE00040F23311B02001F059FDFFF7ADF9B0B108
:107EF00000F0A0FE2846FFF719FF022038BD236AD4
:107F000098470123084A6377236BD4E90401C01A18
:107F100061F1000100F06EFE044B2B60EDE70020E4
:107F2000ECE700BF28350020897C0000F57D0000CB
:107F30002DE9F04780468A4691463A4C002B5ED0A8
:107F4000D3E90056854276EB01033CBF0E46054659
:107F500031462846C4E9045600F0AEFDA38EB5EBC9
:107F6000080803F1640366EB0A0A43454FF0000377
:107F700073EB0A0321DA637F43B12378023B012BC1
:107F800002D8236A0120984700236377FFF758FE41
:107F90000746236B03F5E17398457AF1000A15DA79
:107FA0006FB1A08E204A281A66F1000100F022FE6F
:107FB0001E4BC9F80030BDE8F0870027E9E71A4AF0
:107FC0002846314600F016FE194BF2E700F077FD27
:107FD00001F000FCA38E206B4FB1834207D9E81A51
:107FE000114A66F1000100F005FE124BE1E7281A84
:107FF0000D4A66F1000100F0FDFD0F4BD9E7637FEC
:1080000033B12378023B012B02D8236A0120984721
:108010000023637700F053FD01F0DCFB00F04DFD21
:10802000064BC6E728350020897C0000D18000007F
:1080300051810000BB7E0000F57D00008D7E0000B8
:10804000023970B50446032938D8DFE801F005028B
:10805000070E1D4B00221A77002012E0FFF7F4F8FC
:108060000028F9D0184B0122F5E700F029FDB0B146
:10807000154B1B7F33B9FFF7EDFD18B1134B236090
:10808000022070BD00F0E6FD06460D46FFF7B8FC85
:108090002246034629463046FFF74AFFF0E7002014
:1080A0000021FFF7ADFC08B1FFF72CFD00F007FD44
:1080B00001F090FB2046FFF739FEE1E740F2A51101
:1080C000B02001F06BFC00BF28350020A981000022
:1080D000042970B5044613D005D8023901292ED9D8
:1080E0004FF40F7109E00529FAD1FFF7A9FD10B18E
:1080F000144D687FB8B14FF40D71B02001F04EFC03
:10810000FFF7A2F8D8B100F095FD00F0A3FD0646F8
:108110000D46FFF775FC2246034629463046FFF719
:1081200007FF022070BD2B6A98470123064A6B7730
:10813000D5E9040100F05EFD044B2360F1E7002067
:10814000F0E700BF28350020897C00005181000045
:10815000042970B5044611D007D8023901291FD966
:1081600040F21721B02001F019FC0529F8D1FFF7E2
:1081700071FD40B10B4B2360022070BDFFF764F826
:1081800070B100F057FD00F065FD06460D46FFF7A3
:1081900037FC2246034629463046FFF7C9FEEBE787
:1081A0000020EAE7A981000002392DE9F0410646E6
:1081B00004292ED8DFE801F003090B2D0E00174A21
:1081C0001378003B18BF0123537700201FE0FFF70F
:1081D0003BF8FAE7DFF8448000F044FC00F03AFD99
:1081E0000C460546FFF70CFC0746D8F80400FFF7DD
:1081F00059FC002300222846C8F8043000232146F9
:10820000C8E904233B463246FFF792FE0220BDE850
:10821000F08140F2EF11B02001F0C0FB28350020C2
:1082200010B5EFF3108472B60B4B0C4A9B691B68B8
:1082300093420DD00A4A93420AD00A4A934207D089
:1082400000F03DFC01F0C6FA00F037FC00F0F2FC53
:1082500004B962B610BD00BF283500208D7E000035
:10826000BB7E0000F57D0000054B10B5054C03609A
:108270000023A061237001F0D3FA3230206310BDD7
:108280008D7E00002835002008B5074B9A691168DB
:10829000064A914204D040F27221B02001F07EFBE8
:1082A0003230186308BD00BF283500208D7E0000E5
:1082B00010B5EFF3108472B6034B0421986905F0F2
:1082C0006DF904B962B610BD2835002008B5064B1B
:1082D0005B6823B940F29321B02001F05FFB034AB1
:1082E000BDE8084000F086BC283500200D7D000068
:1082F00008B5064B5B6823B940F29921B02001F024
:108300004DFBBDE8084000F095BC00BF28350020BB
:1083100008B5054B5A6822B940F29F21B02001F000
:108320003DFB986008BD00BF2835002008B5054B0F
:108330005A6822B940F2A521B02001F02FFBD86085
:1083400008BD00BF28350020054BDB6810B523B9F8
:1083500040F2AB21B02001F021FBBDE810401847EE
:1083600028350020054B9B6810B523B940F2B12198
:10837000B02001F013FBBDE810401847283500205D
:10838000014B5868704700BF2835002008B5054BE1
:108390005A6822B94FF42F71B02001F0FFFAD3E9E7
:1083A000040108BD28350020024B323118701A62D2
:1083B000998670472835002008B5FFF741FC08B1C1
:1083C000014B988E08BD00BF283500200028ADBFA6
:1083D00000F1604000F00F00044B00F56140B4BFB5
:1083E000185C90F800034009704700BF14ED00E0EE
:1083F000064B1B6810B51BB97621452001F0CEFA5B
:108400001A6A0521586ABDE81040104760350020FF
:10841000064B1B6810B51BB97021452001F0BEFA50
:108420001A6A0421586ABDE81040104760350020E0
:10843000FFF76EBFFFF77ABF034800214022C0E973
:108440000011083005F0D4B960350020FEF7CBBE2E
:10845000704708B5074B1A681AB9C121452001F0C9
:108460009DFA0549D1600022C3E90022BDE8084019
:10847000FEF778BF60350020A98700001F2801D9CA
:1084800000207047044B03EB4000037A002BF7D029
:10849000002303720120704760350020F8B50E4AB2
:1084A0000C46002302EB4306357A05F0FF0175B94F
:1084B000DDB2FF273772282673431A44C2E91A0433
:1084C00006482022184405F093F92846F8BD0133E8
:1084D000202BE7D11D46F8E760350020A8350020A5
:1084E0001F2810B501D9002010BD064B03EB400436
:1084F000247A002CF7D0282404FB0030C0E91A129B
:108500000120F1E76035002030B587B00C46054604
:1085100018220021684605F06BF9237853BBD4E993
:1085200004310A3B6268207A41F1FF310A328DF84A
:10853000140002929DF81520154822F003020390C2
:10854000CDE90031637A6946C3F340035B0043F031
:10855000010313438DF815300E4B5868C0F3080023
:1085600088B11038FFF732FF68B92846FEF7C3FE1E
:1085700007B030BDFEF737FE226910F10A030492FE
:1085800041F10001CDE72846FEF79EFEF0E700BF6F
:10859000A987000000ED00E01F2830B411D80A4A76
:1085A00002EB4004257A65B14B7A4832C3F380036D
:1085B00083F001036372282330BC03FB0020FFF724
:1085C000A3BF002030BC70476035002008B50A4BBF
:1085D00002465868C0F3080040B11038FFF7F6FEB5
:1085E00020B91046BDE80840FEF70FBF1046BDE8B1
:1085F0000840FEF7CFBE00BF00ED00E0024B28228E
:1086000002FB0030FFF7E2BFA835002010B5037869
:1086100086B0044623B14FF4AA71452001F0BEF99B
:1086200005934168CDE90333D0E90432007A0A3179
:108630000A3B8DF81400684642F1FF320291CDE901
:108640000032FEF768FF009B019A01200A3342F1D5
:108650000002C4E9043206B010BD4FF4BA714520DF
:1086600008B501F09BF908B5094B0A46596821B9CC
:1086700040F27911452001F091F901461868FEF7A2
:1086800000FF18B1FEF7BCFD002008BD0220FCE78A
:1086900060350020194B70B50446586886B0C0F3A9
:1086A000080010B9002006B070BD1038FFF78EFE2C
:1086B00003460028F6D1C3F307230E7A4D6823F052
:1086C00003030A35CDE90400D1E904208DF81460D4
:1086D0000A3A0B4E029540F1FF300396CDE9002097
:1086E0004A7A20466946C2F34002520042F0010233
:1086F00013438DF81530FEF7F3FED4E700ED00E0EC
:10870000A98700001F280AD8064B03EB4002127A03
:108710002AB14833282202FB0030FFF7BBBF0020FC
:10872000704700BF60350020034B5A6812B11868CB
:10873000FEF7EFBE0220704760350020024B014675
:108740001868FEF773BE00BF60350020FEF72EBE2E
:108750001F2808B504D940F2E511452001F01EF9A3
:10876000074B03EB4002127A12B94FF4F371F4E7AE
:108770004833282202FB0030BDE80840FEF716BE51
:108780006035002008B5074B5B6823B94FF4F671DC
:10879000452001F003F9FEF7AFFE0A3041F1000178
:1087A00008BD00BF603500202DE9F0411C4F054693
:1087B0001C4B0E4607F14804041BE4105C43E4B272
:1087C000620007EB4404237A19BB3B681BB18E217E
:1087D000452001F0E3F87B680BB18F21F8E707F142
:1087E00008031344C7E900030F48FFF791FD0F4842
:1087F000FFF79CFDFFF7C6FF637A80464BB1FEF79B
:1088000001FDA8EB0000C7F8480500F035FA002884
:10881000FBD02B6A3146686ABDE8F041184700BFBB
:1088200060350020CDCCCCCC11840000F183000059
:1088300010B50446FFF7A6FF201841F10001FEF72E
:10884000D4FC012010BD024BD3F84805704700BF8F
:1088500060350020FEF7DABC7047FEF7D5BCFEF7A6
:10886000D7BCFEF7D7BC08B5FFF79EFD002008BDBA
:1088700070B50B7886B023B140F23121452001F06C
:108880008DF805930E7A4D68049228228DF81460B5
:108890000A35124E02950396D1E904340A3B44F19D
:1088A000FF34CDE900344B7A4FF00001C3F34004AC
:1088B000C3F3800364F3410183F001038DF81510C5
:1088C000074901EB4004637201F14803694602FB6A
:1088D0000030FEF7F9FC06B070BD00BFA9870000AC
:1088E000603500207FB5FEF77EFC002305930B4B1F
:1088F000039340F21E2302934FF0FF33CDE90001B2
:10890000694607480493FEF7F6FC18B9CB214320CB
:1089100001F044F807B05DF804FB00BF25890000B2
:10892000B03A002038B5062937D8DFE801F004381E
:1089300033363636170004F01CFEFEF7DDFD044624
:1089400017480D46FEF7E3FD1E3C45F1FF312018A8
:10895000BDE8384041F10001FEF747BC00F040FFA0
:1089600038B10F4B002283F82020BDE83840FEF7D5
:10897000F9BC04F000FE08B904F0FBFD00224FF43E
:1089800000710748FEF77DFD0028D6D1EA2143207B
:1089900001F004F8BDE83840A4E7F921F7E738BD55
:1089A000B03A002010B5074C94F8203043B900F0DD
:1089B00017FF28B9012384F82030BDE8104091E763
:1089C00010BD00BFB03A00204FF000430D4A0E48E2
:1089D0000021C2F88030A2F58022C2F88031012344
:1089E00002F57832C2F80435A2F58022C2F80435C7
:1089F0002022064B80F820101B68D3F818354362FC
:108A000004F0F6BE00400C50B03A0020AC34002018
:108A10000023084AC2F88030A2F58022C2F88031D3
:108A2000012302F57832C2F80835A2F58022C2F897
:108A30000835704700400C5008B50FF0F1FC074AAC
:108A4000D2F8583743F00103C2F858370122044BDB
:108A50001B68C3F81825BDE80840A3E700200E50A6
:108A6000AC34002008B50FF0E1FC0E4AD2F85837BC
:108A700023F00103C2F858370B4B0C4A1B68526AAB
:108A8000C3F8182501220A4B5A604FF0FF32C3F891
:108A900008232022074BC3F89021BDE8084000F0CE
:108AA000C9B800BF00200E50AC340020B03A0020FE
:108AB0000050085000E100E0704770477047704771
:108AC00008B500F08DFEB0B90D4BD3F800314BB9AD
:108AD0000C4A936A0133312B93620BD99C214320BA
:108AE00000F05CFF04F047FD08B1A021F7E704F0B7
:108AF0003EFD012008BD034B00229A62F9E700BF4A
:108B000000E01050B03A00204CE700BF1848202287
:108B100008B5C0F89020BFF34F8FBFF36F8F154B90
:108B2000C0F89021D3F8041521F00301C3F804150F
:108B3000D3F8081541F00301C3F8081592FAA2F121
:108B4000B1FA81F1092904DD4FF473710A4800F08C
:108B50001BFFC3F8101501215960D9604FF0004187
:108B6000C3F880104FF0FF31C3F80813026108BD4D
:108B700000E100E00050085094620200124B4FF4F4
:108B8000E062C3F838230022C3F8AC25C3F8BC2543
:108B9000C3F8CC25C3F82021C3F82421C3F8282129
:108BA00020220A4BC3F89C21C3F89C20BFF34F8FAF
:108BB000BFF36F8FC3F89020BFF34F8FBFF36F8F5A
:108BC000C3F89021704700BF00200E5000E100E084
:108BD00008B5FFF7D3FF054B4FF4A062C3F8342369
:108BE0002022034BC3F89C21DA6108BD00200E50FF
:108BF00000E100E00C4B10B51C681CB14B210420B7
:108C000000F0CCFEB1F5801F1A6004D340F2E141C0
:108C1000064800F0B9FE064B0122C3F8A005C3F8D0
:108C2000A415C3F8AC2510BDE03A00209462020000
:108C300000200E50054A136833B100230449C1F8DF
:108C4000AC35C1F820311360704700BFE03A002016
:108C500000200E5030B54FF0FF30064C6FF0404111
:108C6000D4E90023904271EB0305F9D31046C3F316
:108C7000130130BD40270E5008B5FFF7EBFF044B42
:108C8000D3E90223904299412CBF0120002008BD66
:108C9000E03A002010B5029C241841F10001A01A0E
:108CA00061EB0301B0F1004F71F1000103DB7721AB
:108CB000042000F073FE10BDFFF7CCBF014B18611C
:108CC000704700BFE03A002008B50E4B1B691BB986
:108CD0008721042000F062FEEFF3108272B6B1F536
:108CE000801F04D340F2E141074800F04DFE074BDE
:108CF000C3F8C005C3F8C4150121C3F8CC1502B9E7
:108D000062B608BDE03A00209462020000200E50D6
:108D100008B5FFF7FBFE024B01221A6008BD00BF39
:108D20000050085010B5FFF7F1FE114C0023C4F8B5
:108D3000BC35C4F82431FFF78DFF0A3041F1000142
:108D4000B1F5801F04D140F2E1410A4800F01CFE59
:108D50004FF00043C4F8B005C4F8B415C4F8A4310A
:108D60000123C4F8BC35044BC3E9020110BD00BFA8
:108D700000200E5094620200E03A0020144BD3F819
:108D8000342312F4A06F10B503D1C821042000F0E1
:108D900005FED3F820215AB100220E49C3F8AC25B4
:108DA000C3F820210B680BB9D021EFE70A60984780
:108DB000074BD3F828214AB10022C3F8CC25C3F8C9
:108DC0002821044BBDE810401B69184710BD00BFA7
:108DD00000200E50E03A0020014B187D704700BF84
:108DE000B0330020042810B511D883B104280CBF7B
:108DF00010242824A1420AD2064C54F8200018B1AD
:108E000041568A42A8BF0A4600201A7010BD6FF072
:108E10001500FBE7B03300200728034611DC10F1F2
:108E20002D0F10DB094A101890F82E0002EBC0023B
:108E300092F93C209A4207D0002918BF0130C0B2F5
:108E400070471B2070470020704700BF142D0200A0
:108E5000072808B507DCFFF7DFFF044B03EBC0036F
:108E600093F93C0008BD0820FCE700BF142D020068
:108E700010F0FF0008B5094B05D0012807D051219B
:108E8000B52000F08BFD01229A601A6008BD044AEB
:108E90001268292AF3D15862F8E700BF00E01050A9
:108EA0009434002010F0FF0008B5174B05D00128BE
:108EB00020D08421B52000F071FD01225A60DA60D3
:108EC000C3F80001114B18700F4BD3F80824D207D8
:108ED0000FD40F4A1268292A03D1D3F86834DB076C
:108EE00007D4094B0022C3F81021C3F81821C3F896
:108EF000142108BD064A1268292ADAD10022986294
:108F0000C3F81C21E0E700BF00E01050C53300208B
:108F100094340020014B01221A707047C5330020A1
:108F200008B50D4B28B101280BD0D021B52000F099
:108F300035FDD3F8103113B9084B187808BD01205E
:108F4000FCE7074A1268292AEFD1D3F81C01003840
:108F500018BF0120F2E700BF00E01050C533002029
:108F600094340020024BD3F8080400F0010070474D
:108F700000E01050024BD3F8480400F001007047A5
:108F800000E01050024BD3F84004C0B2704700BF5D
:108F900000E0105007490246D1F84C04D1F84C14B7
:108FA00010F4803005D0D0B201F003031B1A5842F0
:108FB0005841704700E0105038B51A4BD3F80C34C4
:108FC000DA0304D440F27F116D2000F0E7FC164A6A
:108FD0000124164B106A536620F03F0094645464D9
:108FE000136CDB03FCD4136A116C03F03F03C1F371
:108FF0000A01C1F5806181EAE1750B29A5EBE175F4
:1090000009DD3F2B04D0013303431362172DE6DC47
:109010000023936438BD0B31F8DA002BF8D0013B04
:10902000F2E700BF00E0105000081250010000807D
:1090300038B50B4C23781BB100232370FFF7BCFF1E
:10904000EFF3108572B6637803F0FF000BB9FFF7FA
:1090500029FF05B962B6034B00225A6638BD00BF2E
:10906000C833002000081250002808DB4309012201
:1090700000F01F0002496033824041F8232070470E
:1090800000E100E070B5174D012204460E462B1892
:10909000DA7004F05FFAA0B934B1012C0FD04FF4AC
:1090A00094716D2000F07AFC11232A19012105EB3F
:1090B000840451710C4AA660C2F8043370BD802349
:1090C000F3E7002EFAD034B90220B047002305EBB5
:1090D0008405AB60F2E7012C01D12046F5E740F2B0
:1090E0004311DEE7C833002000E01050044B00229B
:1090F000191803EB80034A719A60CA70704700BF69
:10910000C8330020014B1882704700BFC8330020CD
:10911000014B988A704700BFC8330020014B188A62
:10912000704700BFC833002010B5EFF3108472B64B
:10913000064B03445A780132D2B25A705B78012B45
:1091400001D1FFF795FE04B962B610BDC833002007
:10915000034610B5EFF3108472B611490B445A78E8
:1091600022B940F267216D2000F018FC5A78013ACC
:10917000D2B25A705B7883B98B7D43B1094BD3F877
:109180000C34DB0306D44B7803F0FF002BB9FFF758
:1091900089FE02E0C87D00F0A9FD04B962B610BDE9
:1091A000C833002000E0105010B504F0D6F90C4C84
:1091B00004F0D0F960B1237E3BB90A4B01229A61D9
:1091C000042363760023A37610BD04F0C9F9F9E700
:1091D000032301226376034BC3F80423F2E700BFA5
:1091E000C833002000E01050014B01221A62704782
:1091F00000E01050044BD87E28B1044BD3F8100186
:10920000B0FA80F040097047C833002000E01050E9
:1092100038B50C4BDD7E5DB90124DC7604F09DF998
:10922000094B1022C3F81051C3F80423DC6138BD88
:10923000FFF7E0FF0028FAD040F2A3216D2000F0F4
:10924000ADFB00BFC833002000E01050024B587E39
:10925000003818BF01207047C833002038B5174CBC
:10926000A37D23B940F216316D2000F097FB012356
:109270002370237EC3B9237FB3B1A27E013B9A4200
:1092800012DA04F067F9054600F0CAFC237F012BCF
:1092900082BFA37E0133A37655B1236AC31A01337B
:1092A000022B09D935B12062BDE83840FFF77CBFF9
:1092B000636AF3E76062F7E738BD00BFC833002098
:1092C00037B5184C237E63B9A06A00F00300FFF79E
:1092D00061FE30B1EFF3108372B6627E1AB103B94A
:1092E00062B603B030BD0122627603B962B60823CC
:1092F0000D4DC5F808334FF42073ADF80630BDF8B6
:1093000006309BB25A1E92B2ADF80620002BF6D161
:10931000C5F80C3184F82C30FFF746FF0823C5F858
:109320000433DEE7C833002000E010502DE9F74F8A
:10933000544CA37D002B00F0A1800323524AADF8CA
:109340000430524B1268D3F80051003D18BF01257C
:10935000292A07D1D3F81C2122B1012245F080052A
:109360008DF80520D3F80881D3F8142112B9D3F869
:10937000183173B1454B0026C3F81461C3F8186166
:10938000C3F81061E37E0BB104F0EAF8E676FFF76C
:10939000BBFB3E4BD3F810316BB3E37E1BB104F043
:1093A000DFF80023E376637913B102238DF80430EC
:1093B00045F01005364E0DF1040A344B4FF000090C
:1093C000F71EC3F808531AF8010B03280AD03B789C
:1093D00043B14FF0000B336887F800B013B19847E2
:1093E000C6F800B009F10103043601374FF0010956
:1093F000022BE8D101E0002DDCD1B8F1000F08D03C
:10940000224B0022C3F808210422C3F80823FFF7E7
:1094100057FF94F82C60EA071C4BF6B2D3F80C7196
:1094200008D5627E032A05D1227E82B904226276A3
:1094300001229A61A7B1154B0022C3F80C21637E6B
:10944000042B09D040F279316D2000F0A7FA04F026
:1094500087F802236376EDE70223637604F080F851
:1094600066B1002384F82C30637E022B01D1FFF714
:109470009BFE03B0BDE8F04F04F072B803B0BDE846
:10948000F08F00BFC83300209434002000E010505B
:10949000D033002010B5054CA06A00F00300FFF7A0
:1094A00079FD0028F8D0002010BD00BFC83300208F
:1094B0002DE9F041054650B10278022A07D84378D9
:1094C00042B9013B1F2B02D88378212B07D96FF0BB
:1094D0001500A0E0002BFAD18378002BF7D1754E50
:1094E000B6F90030002B0DDB5A09012103F01F03F0
:1094F000994002F12003704A42F82310BFF34F8FC6
:10950000BFF36F8FB6F90000FFF7AEFD6B4AFD2386
:109510006B4CC2F808336B4B1B68292B4FF00003D0
:1095200008BFC2F81C31C2F80031C2F80831C2F8D5
:109530000C316370A370AB88A382FFF713FD10B1E9
:109540000123E37063705D4F40F25633D7F80C048B
:10955000238210F480301BD0FFF7DCFC5A4800F067
:109560009BFB564F6023E0750022C7F804332B782D
:10957000A978012BE276A26223762177A2761FD00A
:10958000022B16D0EBB140F22E516D2000F006FAFE
:10959000C7F81001FFF76CFCD7F81031002BFBD097
:1095A000FFF70AFD0020FFF77DFC484B00225A66BA
:1095B000D4E703F0D2FFD7F80C34D903FBD502234C
:1095C000A362FFF7D7FC68B3FFF7DCFCA36A03F0E4
:1095D0000303984226D1AB79FBB9FFF75BFF237FEA
:1095E00063B12B7853B903F0B5FF054600F018FBC3
:1095F0006FF00043002D52D0C4E908030023012579
:10960000B6F900006376A575FFF72EFDB6F90030B8
:10961000002B47DA0020BDE8F081284B0422C3F874
:109620000423DCE7254B012200215A61C3F808110D
:1096300094F82810C3F840141A610422C3F80423D4
:10964000AA79002ACBD1D3F80423520702D440F2DE
:10965000E1419AE71E4A116901F01008116941F0D1
:1096600010011161D3F808310BB904F037F8134F2A
:10967000D7F8083183B1FFF70DFFB8F1000F04D11F
:10968000134A136923F0100313610423C7F8083346
:109690000023C7F80831A2E704F01EF8E8E7C4E9A0
:1096A0000830ABE75A0903F01F039D40024B43F813
:1096B0002250AFE7B034002000E100E000E010509D
:1096C000C83300209434002031900000000812506C
:1096D00000ED00E040B1012808D1054B1868A0F169
:1096E00029035842584170470120704700207047B5
:1096F000943400200F4A38B5137904460D461BB147
:109700008D216F2000F04AF9FFF7E4FF70B1224489
:1097100053790BB1002038BD012320465371FFF768
:1097200003FD29462046FFF7ADFCF3E76FF0150077
:10973000F1E700BFF833002070B50D4D04462E79D7
:109740001EB1A4216F2000F029F9FFF7C3FF60B11B
:1097500025446B790BB9002070BD2046FFF7C6FC8D
:1097600020466E71FFF7F4FCF5E76FF01500F3E7A4
:10977000F833002010B501B3F0B14FF0FF33104AB9
:109780001C46E0FB0134944203D9E5216F2000F030
:1097900005F91A0DC3F30F100A4B42EA04324FF2D7
:1097A0002444B2FBF4F100EB024003FB1100B0FBD8
:1097B000F4F040EA0140013010BD0846FCE700BF6C
:1097C0003F420F00000024F4014B9B68184700BF84
:1097D000F8330020014BDB68184700BFF833002046
:1097E000014B1B69184700BFF833002008B5064B32
:1097F0001B7923B140F241116F2000F0CFF8BDE892
:109800000840FFF72BBD00BFF8330020034B1A7947
:109810000AB9FFF77DBC988D704700BFF833002070
:10982000034B1A790AB9FFF779BC988A704700BFD1
:10983000F8330020024B1B790BB9FFF741BD70478D
:10984000F8330020014B9B69184700BFF833002014
:1098500038B51D4C237933B3FFF7C2FF50B91B4D08
:10986000C5F81001FFF7B0FFD5F81031002BFBD081
:10987000FFF7B0FF154B6022C3F80423636A9847D3
:10988000002806DB94F82E3023B10123002084F851
:10989000303038BDFFF7D6FF0028F6DA40F2A511C8
:1098A0006F2000F07BF80A4BA3610A4BE3610A4B7F
:1098B00023620A4BA3600A4BE3600A4B2361FFF764
:1098C000F7FD0028E1D0E4E7F833002000E0105075
:1098D000959400006DD500004D9200005BD500000E
:1098E00061D5000067D5000038B5084B04461D79E6
:1098F00025B140F2F9116F2000F050F8FEF7C4FCDA
:109900002046FFF7FFFB284638BD00BFF833002094
:10991000014B1879704700BF30340020044B1A798E
:10992000824283BF1B68302202FB00300020704758
:1099300030340020BFF34F8F0549064BCA6802F44C
:10994000E0621343CB60BFF34F8F00BFFDE700BF62
:1099500000ED00E00400FA05094B01221B685A6083
:109960004FF0FF32C3F808234FF40062054BC3F8F1
:109970008820BFF34F8FBFF36F8FC3F888217047E4
:10998000A434002000E100E008B572B6024B5B6829
:1099900003B19847FFF7CEFF383400201FB572B6E9
:1099A000144B5C6894B9FFF7C5FFB2FBF6F22B4687
:1099B0005D1C002AF9D1DBB203F110056D4405F8F6
:1099C0000C2C0A2233B901A8A047ECE70246002379
:1099D0000A26EDE7013BDBB203F110050DEB0506AE
:1099E000B0FBF2F502FB1500303006F80C0C2846EF
:1099F000E8E700BF38340020F8B5294F05460C468B
:109A000016463B78002B47D100F0B0F9254B1B6878
:109A10001C2B06D1244B1B681BB99E211120FFF77C
:109A2000BDFF03F096FD7E60204B01263C814FF484
:109A30008062C3F8A4601E4BC3F89020BFF34F8F21
:109A4000BFF36F8FC3F89021FFF786FF194B002DEE
:109A500014BF28461846FFF7FBFE0546D0B9FEF7AF
:109A6000EBFCFFF7E7FE03F088FDFDF79FFB08B96D
:109A7000BE21D3E7002C0BDB04F01F036409A40014
:109A80009E4004F1604404F56144C4F8806126609E
:109A900001233B702846F8BD4FF0FF35FAE700BFC1
:109AA00038340020943400209834002000A008505E
:109AB00000E100E02C2E0200074BB3F90830002B28
:109AC00009DB5A09012103F01F03994002F1400309
:109AD000024A42F8231070473834002000E100E0C9
:109AE000014B1878704700BF383400202DE9F74F3C
:109AF000FF27454DDFF81481B946CDE90012444AED
:109B00001478E4B282F8009004B157704FF0010C61
:109B1000DFF800E1EFF3108B72B629684FF0000A0E
:109B2000009EC1F804C0C1F800A1C1F804A1C2E9B7
:109B3000016E019EC2E9056E0668C1F810654668AF
:109B4000C1F814658668C1F81865C668C1F81C6557
:109B5000314EC1F830651036C1F83865C1F800C023
:109B6000BBF1000F1DD162B61BE0D8F810A01AF0AF
:109B7000100F17D04FF40061284EC6F88811EFF38C
:109B8000108A72B64FF0030B2968C1F804B3D1F8FC
:109B900000B1BBF1000F01D1D1F80411BAF1000FEF
:109BA000E1D02968D1F800A1BAF1000F04D1D1F8B1
:109BB00004A1BAF1000FD8D04BB10C9E3EB1D1F840
:109BC00040A5C3F800A0D1F83CA5C6F800A0D1F884
:109BD000041100299ED1A4B95678F6B254704FF002
:109BE000030C2968C1F808C34FF4006CC1F80441A4
:109BF000C1F800410949C1F888C11470002E7FF4F2
:109C00007FAF03B0BDE8F08FA434002000ED00E08A
:109C1000443400201000000B4834002000E100E034
:109C20001A4B4FF4000270B5C3F89820BFF34F8F62
:109C3000BFF36F8F164C0021164DC4F80011C3F806
:109C400098212E692B6906F0100643F010032B6152
:109C50000123C4F804332360D4F800319BB11EB94A
:109C60002B6923F010032B610123D4F808054FF46E
:109C700000026360C4F808330023C4F80031034BCA
:109C8000C3F8982170BD03F027FDE5E700E100E08F
:109C900000700D5000ED00E038B50B49042301EBD6
:109CA000C302157905F0FF042DB1013BF7D2402125
:109CB0006920FFF773FE41F8330001215471D8B2D7
:109CC0009471117138BD00BF68340020042808B5B4
:109CD00003D947216920FFF761FE034B002203EB04
:109CE000C0031A7108BD00BF68340020042808B5FD
:109CF00003D950216920FFF751FE094B03EBC00047
:109D00000379012B01D05121F4E7437982790133A2
:109D1000DBB29A4218BF4371BDE80840FFF7CCBEE2
:109D20006834002038B505240F4D95F8281005EB50
:109D3000C1031A79012A09D158799A79904205D03C
:109D40005A79D2B29A7155F83130984795F828303F
:109D5000013C0133DBB2052B28BF002314F0FF04C4
:109D600085F82830E1D138BD683400201249134B02
:109D7000D1F84023292AF0B51A60D1F8447312D0E3
:109D8000272A00D17FB10E4A40F205100D4E462120
:109D90000D4D0E4CC3E90172C3E90326C3E9055416
:109DA000C3E90701F0BD0A4A4FF48770074E4A2104
:109DB000084D094CEEE700BF00C0FF0094340020BE
:109DC00000600450007004500030045000B0045093
:109DD00000A004500040045000E00450094B0A4A1F
:109DE000C3F800230132C3F80C230132C3F818234F
:109DF0000132C3F820230132C3F81C230132C3F817
:109E00001021704700A0085004000080074B00227A
:109E1000C3F80023C3F80C23C3F81823C3F8202386
:109E2000C3F81C23C3F81021704700BF00A00850DE
:109E3000844641EA000313F0030359D1403A33D377
:109E4000F0B4F0C9F0C0F0C9F0C0F0C9F0C0F0C97A
:109E5000F0C0403AF5D2F0BC26E0403A24D300BF2F
:109E60000B6803604B6843608B688360CB68C3609A
:109E70000B6903614B6943618B698361CB69C36182
:109E80000B6A03624B6A43628B6A8362CB6AC3626A
:109E90000B6B03634B6B43638B6B8363CB6BC36352
:109EA00040304031403ADBD230320BD30B68036094
:109EB0004B6843608B688360CB68C360103010319F
:109EC000103AF3D20C3205D351F8043B40F8043B6E
:109ED000043AF9D2043208D0D2071CBF11F8013B72
:109EE00000F8013B01D30B8803806046704700BF38
:109EF000082A13D38B07B0D010F00303ADD0C3F101
:109F00000403D21ADB071CBF11F8013B00F8013B28
:109F1000A3D331F8023B20F8023B9EE7043AD9D3A1
:109F2000013A11F8013B00F8013BF9D20B780370BC
:109F30004B7843708B7883706046704781F00041A6
:109F400002E000BF83F0004330B54FEA41044FEA1E
:109F5000430594EA050F08BF90EA020F1FBF54EAB9
:109F6000000C55EA020C7FEA645C7FEA655C00F055
:109F7000E2804FEA5454D4EB5555B8BF6D420CDD26
:109F80002C4480EA020281EA030382EA000083EAA9
:109F9000010180EA020281EA0303362D88BF30BD49
:109FA00011F0004F4FEA01314FF4801C4CEA11319F
:109FB00002D0404261EB410113F0004F4FEA0333FE
:109FC0004CEA133302D0524263EB430394EA050F89
:109FD00000F0A780A4F10104D5F1200E0DDB02FAF8
:109FE0000EFC22FA05F2801841F1000103FA0EF28C
:109FF000801843FA05F359410EE0A5F120050EF152
:10A00000200E012A03FA0EFC28BF4CF0020C43FA82
:10A0100005F3C01851EBE37101F0004507D54FF08F
:10A02000000EDCF1000C7EEB00006EEB0101B1F5DF
:10A03000801F1BD3B1F5001F0CD349085FEA300025
:10A040004FEA3C0C04F101044FEA445212F5800F30
:10A0500080F09A80BCF1004F08BF5FEA500C50F1CD
:10A06000000041EB045141EA050130BD5FEA4C0CB0
:10A07000404141EB0101013C28BFB1F5801FE9D20D
:10A0800091F0000F04BF01460020B1FA81F308BF30
:10A090002033A3F10B03B3F120020CDA0C3208DDFC
:10A0A00002F1140CC2F10C0201FA0CF021FA02F1D7
:10A0B0000CE002F11402D8BFC2F1200C01FA02F147
:10A0C00020FA0CFCDCBF41EA0C019040E41AA2BF6C
:10A0D00001EB0451294330BD6FEA04041F3C1CDA34
:10A0E0000C340EDC04F11404C4F1200220FA04F054
:10A0F00001FA02F340EA030021FA04F345EA0301FE
:10A1000030BDC4F10C04C4F1200220FA02F001FABF
:10A1100004F340EA0300294630BD21FA04F0294641
:10A1200030BD94F0000F83F4801306BF81F48011DA
:10A130000134013D4EE77FEA645C18BF7FEA655C4D
:10A1400029D094EA050F08BF90EA020F05D054EA1F
:10A15000000C04BF1946104630BD91EA030F1EBF24
:10A160000021002030BD5FEA545C05D14000494128
:10A1700028BF41F0004130BD14F580043CBF01F51B
:10A18000801130BD01F0004545F0FE4141F4700101
:10A190004FF0000030BD7FEA645C1ABF19461046DC
:10A1A0007FEA655C1CBF0B46024650EA013406BFDD
:10A1B00052EA033591EA030F41F4002130BD00BF9C
:10A1C00090F0000F04BF0021704730B54FF4806459
:10A1D00004F132044FF000054FF0000150E700BFDA
:10A1E00090F0000F04BF0021704730B54FF4806439
:10A1F00004F1320410F0004548BF40424FF0000126
:10A200003EE700BF42004FEAE2014FEA31014FEA68
:10A2100002701FBF12F07F4393F07F4F81F06051B7
:10A22000704732F07F4208BF704793F07F4F04BF02
:10A2300041F40021704730B54FF4607401F00045DF
:10A2400021F000411CE700BF50EA010208BF70473F
:10A2500030B54FF000050AE050EA010208BF704730
:10A2600030B511F0004502D5404261EB41014FF499
:10A27000806404F132045FEA915C3FF4D8AE4FF0A1
:10A2800003025FEADC0C18BF03325FEADC0C18BF84
:10A29000033202EBDC02C2F1200300FA03FC20FAD5
:10A2A00002F001FA03FE40EA0E0021FA02F1144422
:10A2B000BDE600BF70B54FF0FF0C4CF4E06C1CEA3B
:10A2C00011541DBF1CEA135594EA0C0F95EA0C0FAC
:10A2D00000F0DEF82C4481EA030621EA4C5123EA1F
:10A2E0004C5350EA013518BF52EA033541F480114E
:10A2F00043F4801338D0A0FB02CE4FF00005E1FB01
:10A3000002E506F00042E0FB03E54FF00006E1FB4A
:10A3100003569CF0000F18BF4EF0010EA4F1FF048D
:10A32000B6F5007F64F5407404D25FEA4E0E6D41CD
:10A3300046EB060642EAC62141EA55514FEAC520DE
:10A3400040EA5E504FEACE2EB4F1FD0C88BFBCF55A
:10A35000E06F1ED8BEF1004F08BF5FEA500E50F10B
:10A36000000041EB045170BD06F0004646EA0101D1
:10A3700040EA020081EA0301B4EB5C04C2BFD4EB03
:10A380000C0541EA045170BD41F480114FF0000EFC
:10A39000013C00F3AB8014F1360FDEBF002001F06A
:10A3A000004170BDC4F10004203C35DA0C341BDCE4
:10A3B00004F11404C4F1200500FA05F320FA04F0B6
:10A3C00001FA05F240EA020001F0004221F00041EA
:10A3D00010EBD37021FA04F642EB06015EEA430E5D
:10A3E00008BF20EAD37070BDC4F10C04C4F120058D
:10A3F00000FA04F320FA05F001FA04F240EA020040
:10A4000001F0004110EBD37041F100015EEA430E10
:10A4100008BF20EAD37070BDC4F1200500FA05F230
:10A420004EEA020E20FA04F301FA05F243EA0203AF
:10A4300021FA04F001F0004121FA04F220EA0200BE
:10A4400000EBD3705EEA430E08BF20EAD37070BD04
:10A4500094F0000F0FD101F00046400041EB0101E4
:10A4600011F4801F08BF013CF7D041EA060195F0C6
:10A47000000F18BF704703F00046520043EB030380
:10A4800013F4801F08BF013DF7D043EA060370476D
:10A4900094EA0C0F0CEA135518BF95EA0C0F0CD078
:10A4A00050EA410618BF52EA4306D1D181EA0301BE
:10A4B00001F000414FF0000070BD50EA410606BFB8
:10A4C0001046194652EA430619D094EA0C0F02D1FD
:10A4D00050EA013613D195EA0C0F05D152EA033642
:10A4E0001CBF104619460AD181EA030101F0004160
:10A4F00041F0FE4141F470014FF0000070BD41F0A9
:10A50000FE4141F4780170BD70B54FF0FF0C4CF482
:10A51000E06C1CEA11541DBF1CEA135594EA0C0FA1
:10A5200095EA0C0F00F0A7F8A4EB050481EA030EEE
:10A5300052EA03354FEA013100F088804FEA0333D5
:10A540004FF0805545EA131343EA12634FEA0222A3
:10A5500045EA111545EA10654FEA00260EF0004164
:10A560009D4208BF964244F1FD0404F5407402D2B6
:10A570005B084FEA3202B61A65EB03055B084FEA47
:10A5800032024FF480104FF4002CB6EB020E75EB44
:10A59000030E22BFB61A754640EA0C005B084FEA6C
:10A5A0003202B6EB020E75EB030E22BFB61A7546E9
:10A5B00040EA5C005B084FEA3202B6EB020E75EB34
:10A5C000030E22BFB61A754640EA9C005B084FEAAC
:10A5D0003202B6EB020E75EB030E22BFB61A7546B9
:10A5E00040EADC0055EA060E18D04FEA051545EAA8
:10A5F00016754FEA06164FEAC30343EA52734FEA51
:10A60000C2025FEA1C1CC0D111F4801F0BD141EAC9
:10A6100000014FF000004FF0004CB6E711F4801F2E
:10A6200004BF01430020B4F1FD0C88BFBCF5E06F0E
:10A630003FF6AFAEB5EB030C04BFB6EB020C5FEA1E
:10A64000500C50F1000041EB045170BD0EF0004E73
:10A650004EEA113114EB5C04C2BFD4EB0C0541EAA5
:10A66000045170BD41F480114FF0000E013C90E6A2
:10A6700045EA060E8DE60CEA135594EA0C0F08BF66
:10A6800095EA0C0F3FF43BAF94EA0C0F0AD150EA65
:10A6900001347FF434AF95EA0C0F7FF425AF1046F8
:10A6A00019462CE795EA0C0F06D152EA03353FF420
:10A6B000FDAE1046194622E750EA410618BF52EA9D
:10A6C00043067FF4C5AE50EA41047FF40DAF52EA71
:10A6D00043057FF4EBAE12E753B94AB9002908BF2E
:10A6E00000281CBF4FF0FF314FF0FF3000F00CB8D6
:10A6F000ADF1080C6DE904CE03F0BBF8DDF804E021
:10A70000DDE9022304B07047704700BF01F081B952
:10A7100001F082B91FB5014601A800F006F801A8B2
:10A7200001F095FD05B05DF804FB0B88C3F30B0346
:10A7300083804B88C380002343724B78C3F301139B
:10A74000012B03D09A1E534253415B000431037224
:10A75000016070478B88043010B500F8043C0C464B
:10A7600010F8033C03F0F00300F8033C8A88C2F3BE
:10A770000322134300F8033C03F0CF03CA8800F818
:10A78000022CCA8800F8033C120A00F8012C0A7A4D
:10A79000120102F03002134303F03F0300F8033CC0
:10A7A0004A7A43EA821300F8033C0968814205D0E3
:10A7B000E288FB2A28BFFB22FFF73AFBE08804303F
:10A7C000C0B210BD70B50B7805460C46192B12D8D7
:10A7D000CBB1013B182B16D8DFE803F01A261599E8
:10A7E0009FA5ABB1B5B7C7CD1515152ABBC1D1D73C
:10A7F000DDE3E9EFF500822B4FF0FF0200F0E98086
:10A80000832B00F0EA8040F26721C720F5F7BAFEFB
:10A810000C230B70082363706678214628460236A5
:10A820003246FFF705FB49E01A230B700123F2E7DC
:10A830002920F6F7A1F830B13E232370222363705C
:10A840002923A370E8E70A20F6F796F83E2305F1DE
:10A85000080204F108012B7090B30A231F26AB7085
:10A86000E378EB70A3882B71A3881B0A6B71A37923
:10A87000AB71E379EB71A368AB608B889380D4F8FC
:10A880000E30C5F80E30638A6B8263696B61238B6F
:10A890002B83638BAB76638B1B0AEB76A38B2B77B7
:10A8A000A38B1B0A6B77E38BAB77E38B1B0AEB77EE
:10A8B00094F8203085F820306E700236304670BD36
:10A8C00001231326AB70E378EB70A3882B71A38868
:10A8D0001B0A6B71A379AB71E37903F00103EB7190
:10A8E000A368AB608B889380638BAB73638B1B0A0D
:10A8F000EB73A38B2B74A38B1B0A6B74E38BAB746E
:10A90000E38B1B0AEB7494F820302B75D4E73E23BD
:10A910000B7004234B70142393E73E230B700C231E
:10A920004B7004238DE73E230B700A234B700323E7
:10A9300087E73E230B700D234B70052381E705232A
:10A940002370042367E70823FAE730230B700323FF
:10A9500061E73E230B700B234B70072371E73E2307
:10A960000B7006234B700C236BE713230B708B7853
:10A970009B0001334FE757230B7002234BE73E2325
:10A980000B7006234B7012235BE73E230B700923E9
:10A990004B70132355E73E230B7005234B70202388
:10A9A0004FE73E230B7009234B70212349E7FF2318
:10A9B0000B700B234B70A22343E7FF230B7005237F
:10A9C0004B70A3233DE7FF230B700D234B708023B7
:10A9D00037E70A700D22627033E70A700222FAE745
:10A9E00008B510B96FF0150008BDFFF793FE0028F9
:10A9F000F8D00020F8E710B50C4648B141B1F5F7A2
:10AA000015FF002820700CBF6FF02200002010BD41
:10AA10006FF01500FBE708B5F5F78CFF002008BDC7
:10AA200000F0E8BC08B5F5F797FF002008BD00F07E
:10AA300069BF00F077BF0346022200201A7005228A
:10AA400058709A709B22D8705A716FF0700218710A
:10AA50009A716FF05302DA716FF03C021A721D2284
:10AA60005A7242229A726FF05102DA72704700F005
:10AA70000EBD70B50446FBF7DBFB012805461AD175
:10AA8000601CFBF7DDFBB0B1A3790020E61D63F08D
:10AA90003F03A371F7F734FE38B11022002130468E
:10AAA00002F0A6FE0020257070BD3046FBF7DCFBEF
:10AAB0000028F2D0F6E70025F4E710B5044610228E
:10AAC000002102F095FE04F1100310220021184627
:10AAD00002F08EFEFBF7E2FB0020F7F711FE20B13B
:10AAE0002046FBF7C1FB002010BDFBF7A1FB0028AF
:10AAF000F6D0F8E710B50446FFF792F8B0F5007FFE
:10AB000009DA10F5007F08DD031EB8BF03339B1080
:10AB10000020237010BD7F23FAE76FF07E03F7E774
:10AB20000120704700F05FBF0078003818BF012097
:10AB300000F059BDF7F75ABB8178008800F01FBFBD
:10AB400000F03ABF37B505460C4600880DF1060106
:10AB500000F04EFD2B882380BDF80630638003B0E3
:10AB600030BDF7F74BBB00F059BF00F031BC00F02F
:10AB700083BC08B5F5F7F8FE002008BDF7F776B9F5
:10AB800000F063BD00F094BCF7F7C0BA00F060BC01
:10AB900000F057BE00F021BE00F068BE00F095BC8A
:10ABA00000F033BD00F05FBC00F01EBC03880B80DA
:10ABB00000F08DBE03880B8000F097BE00F0AABCA9
:10ABC000F7F790B900F0E4BC00F031BC00F014BF1E
:10ABD000F7F756B9F7F7B2B9F8B5941C0E46054623
:10ABE00017460C446343B3F5004FA8BF4FF0FF3343
:10ABF00010F003019CB203D0B0211420F5F7C2FC81
:10AC0000B4F5004F01D9B121F7E71422043002F066
:10AC1000EFFDEF746C802E80F8BD38B50388C488D2
:10AC20008B420589C4F30E0203D2D1211420F5F71B
:10AC3000A9FC84EA0503C3F30E030BB9AC4206D1A9
:10AC400002F118030122C1528274184438BD18461B
:10AC5000FCE7023101444A43B2F5004FA8BF4FF070
:10AC6000FF3290B21B3020F00300B0F5004F34BF2C
:10AC700000B24FF0FF30704740881B3020F00300D7
:10AC8000B0F5004F34BF00B24FF0FF3080B27047D4
:10AC900038B503888B4203D2F7211420F5F772FCF4
:10ACA000857C65B1C388C3F30E031833C25A8A4248
:10ACB00007D3C152811DF5F787FE00238374284610
:10ACC00038BD0025FBE703461830F0B59E88DD88C7
:10ACD000B4B2C6F30E06A54214D05F89DD7C845B56
:10ACE0003D44E41B0235A4B2354428440D88A542F6
:10ACF00084BF0C8025465989B1FA81F14909117048
:10AD0000DD81F0BD00252846FAE7F8B582880026E7
:10AD1000C38904460D4692B20E60CBB14189C2F39D
:10AD20000E020B4418329BB28718825A4381934219
:10AD300004D94FF4A2711420F5F724FC04D1011DAD
:10AD4000F5F742FE46812F6000230120E381F8BD24
:10AD50001846FCE78388014602899BB29A4202D0DA
:10AD60000831F5F731BE70478388C0889BB2C31A9B
:10AD7000584258417047828873B595B2C488C2F36F
:10AD80000E02AC4202F1180212D04189C689835AE0
:10AD9000314499420EDB0DF10601ADF80650F5F78E
:10ADA00013FEBDF80600001B18BF012002B070BDE5
:10ADB0000020FBE70120F9E770B5C4880346068947
:10ADC0001830C4F30E0584EA0602C2F30E020AB973
:10ADD000B4420FD19C891A880CB1465B921B9142F8
:10ADE00007DCDA7C2C440232224410440A461A82E0
:10ADF00070BD00221046FAE7F8B5038A002B38D060
:10AE00008B4236D3C48800F118038589C4F30E043D
:10AE10001E1995B91D55757085891E5B0D44314409
:10AE2000ADB285811953D2B1811DF5F7CDFD002357
:10AE30008381002303820120F8BD1E5BAE4204D053
:10AE40004FF4F6711420F5F79DFBC57C2644878AE4
:10AE5000023535445E195F53857DB570DCE7C27CF1
:10AE6000254402322A4499189B5A83828B78837531
:10AE7000DFE70020E0E78388C2889BB29A4206D0D1
:10AE8000428922B9C3F30E031833184470470020D7
:10AE90007047C37C0233C81870470230704738B51A
:10AEA0008388C2889BB29A4209D043893BB9C5893D
:10AEB0003DB9011DF5F788FDC581012038BD002091
:10AEC000FCE71846FAE70023838103827047038872
:10AED0001380C388C3F30E031833034480890B60C7
:10AEE00070470368002223B9C0E90132031D0360E3
:10AEF000704759681B680A44F5E70729034670B58F
:10AF000004D84FF4EC711520F5F73CFB0068C0B194
:10AF1000446806461A688C4210D0106860B901F186
:10AF20000805AC420DD3546850501868651A54187F
:10AF300000686560505002E01346E9E71468304647
:10AF40001C6070BD0023C1E9003203680B60016022
:10AF5000704730B590B18478B1FBF4F304FB131360
:10AF600000EB430252898A4201D1D8B230BDC27887
:10AF700022B900F10803D0B2844201D8FF20F5E7DE
:10AF800033F8025F01328D42F5D1EFE78278038812
:10AF900005324B4303EB42031844704737B5002496
:10AFA0000546CDE900448DF806006846ADF804403A
:10AFB000F5F7DEFEBDF8044008B103B030BD294608
:10AFC0002046F5F7B1FE0028EFD040F215211720FA
:10AFD000F5F7D8FA70B51E460D460921FFF739FE80
:10AFE0000446324609212846FFF733FE40EA0403AF
:10AFF0001B0454BF00194FF0FF3070BD01230370D4
:10B000007047F8B50C46054611461E4684F001040B
:10B010006400E4B2FF23837003191B7D012B05D06C
:10B020000134E4B203191B7D012B0AD105EB44075F
:10B030003B8B3A8C9819904205DD00232C443B83CE
:10B0400023750020F8BD05EB84043246606818447F
:10B05000FEF7EEFE3B8B1E443E830023AB700120C7
:10B06000F0E781F00101490010B5C9B2FF238370F8
:10B0700043181C7D012C07D10C3120F8112002222D
:10B080001A750023837010BD0131C9B243181C7DAD
:10B09000012CF1D04FF48C710920F5F773FA0246B8
:10B0A00030B5837803F0FF00F3B9137D022B19D07C
:10B0B000537D022B15D10346012089B10024D518F8
:10B0C0000C332C7522F81340131803241C7502EB63
:10B0D00080035B680B6000F10C0332F813308B8047
:10B0E000012030BD0123E8E70020FAE7034630B530
:10B0F000827802F0FF00E2B99A7D022A17D0DC7D47
:10B10000022C13D1032281B11D1900200C342875A3
:10B1100023F8140098180324047503EB82000C3202
:10B12000406833F8123008608B80012030BD032462
:10B13000E9E70020FAE7037D012B01D1008B70477E
:10B14000437D012B0CBF408B00207047837D012B7A
:10B1500001D1808B7047C37D012B0CBFC08B0020B9
:10B160007047038B23B9408B003818BF012070470C
:10B1700001207047838B23B9C08B003818BF012092
:10B18000704701207047027D022A01D1008B704771
:10B19000437D022B01D1408B7047032AF6D0032B4D
:10B1A000F9D000207047827D022A01D1808B704740
:10B1B000C37D022B01D1C08B7047032AF6D0032B2D
:10B1C000F9D000207047F5F73BBF2DE9F0410D465F
:10B1D0000446084691F8008000F0EDFF0746284637
:10B1E00008F0030800F0E3FF0646284600F0E7FFFA
:10B1F0006B78E070204684F800806770A670A380AA
:10B20000BDE8F081012808B506D0022806D040F23A
:10B210009D410620F5F7B6F9032008BD0420FCE7A0
:10B22000F5F776BF10B5044638B1F7F78BF824EA86
:10B230000000B0FA80F0400910BD0120FCE70023B7
:10B2400007B5CDE9003301238DF806306846F5F7E0
:10B250008FFD08B1002004E0009801F0A7FD002850
:10B26000F4D003B05DF804FB1FB5002240F688134C
:10B2700003A90092FBF770FF05B05DF804FB38B539
:10B28000054601F015FEF0B1284601F08FFD08B922
:10B29000002038BD284601F059FC0446284601F03C
:10B2A00058FC054688B9002CF2D02088F7F784F9BD
:10B2B00029462088F5F738FD0028E9D041F6EB4112
:10B2C0003920F5F75FF94220E3E70C20E1E710B5FC
:10B2D000FFF7B5FF60B1F6F7A9FC044601F0C0FE28
:10B2E00040B9204601F0B8FE80F00100C0B210BDA8
:10B2F0000120FCE70020FAE72DE9F04385B006467F
:10B300008846008802A900F015FD054640BB039C55
:10B3100094F8593103F0FF051BB1B8F1020518BFCD
:10B32000012594F88730222B94F8D93043EAD303CF
:10B330000CBF85F001094FF00009DB0702D4B9F119
:10B34000000F3BD0B77817B9F6F7FCFF0746F07847
:10B35000B0BBF6F7F7FF3FB9B9F1000F29D10925C6
:10B36000284605B0BDE8F0830028F5D0FF2384F817
:10B3700025310DBB94F8243103F0FF05E3B984F8BF
:10B38000270101A984F82481204684F82671B37826
:10B390008DF80430F3788DF805303379727943EA0B
:10B3A0000223ADF8063000F06FFD002384F825314C
:10B3B000D6E700200746D9E73A25F6E71A25CFE772
:10B3C000002FD3D1C8E708B5F6F798FF002008BDD5
:10B3D000102243F220030270C2705922A0F80130FB
:10B3E0008280C38000207047082108B5F5F710FA65
:10B3F000002008BD73B506460D460088694600F07A
:10B4000099FC044688B9B3785BB9019B93F9700045
:10B41000A87033882B80F7F77FFBA870204602B016
:10B4200070BD7F20FFF720FFF2E70224F6E710B59A
:10B4300004466FF07F00FFF717FFF7F76DFB2070F2
:10B440007F20FFF711FFF7F767FB6070002010BD4A
:10B4500010B50446F6F7EAFB01F0FBFDF7F75CFBDD
:10B460002070002010BD0A4600F1100108B5072326
:10B4700002F028F9002008BD10B50146044600205E
:10B48000F7F724F908B92060A080002010BD10B59E
:10B490000446F6F72DFF28B900202146F7F7FEF8FD
:10B4A000002010BDFFF713FF0028F5D10C20F8E7AE
:10B4B00010B50446FFF70BFF28B101202146F7F72E
:10B4C000EDF8002010BD0C20FCE7F7B50C46054652
:10B4D0006946008800F02EFCA21C034690B9019931
:10B4E00001F18F0781F8C330386810603879107126
:10B4F0002888208091F8C36006F0FF00002EF1D16B
:10B5000003B0F0BD00230220C4F802301371237091
:10B510006370F5E737B505460C460088694600F0CC
:10B5200009FCD8B9019B83F86A0093F86820012AC6
:10B5300006D0022A04D04FF461710620F5F722F8F4
:10B54000A27093F86920012A01D0022AF3D1E27097
:10B5500093F86A20002AE6D12B88238003B030BDFF
:10B5600010B583880446022B10D8C078FFF75AFE26
:10B5700008B9112010BDA078FFF754FE0028F8D0BC
:10B5800020460121BDE81040FFF7B6BE1220F1E7CA
:10B5900037B58378C17803F00104027903F0020320
:10B5A00051EA04051DD052EA03051AD0002C18BF39
:10B5B0000021002B037818BF00228DF802108DF8AF
:10B5C0000320427843EA0223ADF8003043798279C0
:10B5D000684643EA0223ADF80430FFF7C1FF03B029
:10B5E00030BD1120FBE708B5F6F72EF8002008BDA6
:10B5F00013B50C46694600F09DFB20B9019BB3F8DA
:10B6000080300133238002B010BD07B50088694641
:10B6100000F090FB38B99DF80020019B012A05D06D
:10B6200093F82B216AB103B05DF804FB93F8DC2199
:10B63000D2B293F8A81011B912F0FB0FF0D102208A
:10B64000F1E7FF2283F82B21EDE710B50446F6F76A
:10B6500073FE20600020616010BD2DE9F3410546B6
:10B66000477801210078F5F749FB044600285ED0B1
:10B6700001F0DFFCEE78864228BF0646042FB6B202
:10B680002FD1002E39D1204601F0F8FC6B78032B26
:10B6900037D107F0FD08B8F1010F44D1204601F081
:10B6A000EDFC00283CD1012F08BF4FF002084246B4
:10B6B000216B6846F5F75CFC33466A680121206B14
:10B6C000FFF79FFC002834D06B78023B012B2CD86D
:10B6D000206BFFF730FD01210246206BFFF7C1FC14
:10B6E00023E0206BFFF727FD304480B21F2804D8E9
:10B6F000FB1E012BC7D9002EC5D1122002B0BDE818
:10B70000F0810028F9D1042BC3D1204601F04EFB73
:10B710000028F2D0206BFFF724FD0028B9D1ECE718
:10B720004FF00008C3E7042FC6D10020E6E742200F
:10B73000E4E70720E2E72DE9F3410746457890F872
:10B74000038001210078F5F7D9FA044600283CD09F
:10B7500001F086FC0028206B08BF4FF00008FFF7BF
:10B76000F5FC00EB0806B6B21F2E30D8042D2ED003
:10B77000032D0CD1204601F081FC20BB012D14BF0C
:10B7800005220622216B6846F5F7F2FB08E0B8F1C6
:10B79000000F1CD0204601F009FBD0B9012DE9D0E3
:10B7A00043467A680021206BFFF72BFC98B1023DDD
:10B7B000012D04D832460021206BFFF752FC0020F7
:10B7C00002B0BDE8F0810422DCE74220F8E7122055
:10B7D000F6E70C20F4E70720F2E713B50446F6F786
:10B7E00025FA4FF440736846ADF8003000238DF819
:10B7F000023014F8013B8DF803300194FFF79BFFF2
:10B8000002B010BD38B5012105460078F5F776FA8B
:10B810000446A0B101F0CAFA28B92046691C01F01B
:10B820005AFB002038BD204601F01AFC08B10C205C
:10B83000F8E7204601F010FC0028EED0F7E74220A0
:10B84000F0E713B50446F6F7F1F9684614F8013B42
:10B850008DF803304FF440730194ADF800300023AD
:10B860008DF80230FFF7F9FE02B010BD73B5054642
:10B87000F6F7DCF904462B7863B100230DF10101E2
:10B8800001208DF80030F6F721FF18B16846FFF768
:10B89000B9FF88B9002620468DF8006001F0E4FB6E
:10B8A0002B78C0018DF80360012BADF8010005D1A4
:10B8B00069462046F6F758FA02B070BD2BB920460B
:10B8C00002B0BDE87040FFF7DABC1220F4E710B513
:10B8D000002104460088F5F711FA20B1A11CBDE84B
:10B8E000104001F085BD022010BD08B50021008880
:10B8F000F5F704FA20B10021BDE8084001F078BD59
:10B90000022008BD37B505460C460088694600F0A0
:10B9100011FA28B92B882380019BB3F8B4306380D7
:10B9200003B030BD37B5038804460B8098B26388F6
:10B9300013B9122003B030BD694600F0FBF90028AE
:10B94000F8D1658842F21072019BA9B29C695143FB
:10B95000DA8D62431C8C04FB02229142E9D39A697E
:10B960009C699442FBD10022A3F8B450C3F8AC20E8
:10B97000621E0A44B2FBF4F2C3F8B020DAE710B555
:10B980000C460021F5F7BAF990B1022C12D804F058
:10B990000102C4F3400480F8AD2180F8AC4112B13B
:10B9A00090F8AA310BB9002010BD01F019F9FAE79F
:10B9B0000220F9E71220F7E710B504460078FF28C7
:10B9C0000AD00121F5F79AF958B16378A27843EAD1
:10B9D0000223C384002010BDB4F80100F8F788FCEE
:10B9E000F8E74220F7E708B50078003818BF0120D3
:10B9F000F8F7AEFB002008BD10B50446F6F716F9BF
:10BA00006178C1F3400201F0010101F04DFB00201B
:10BA100010BD0820F6F784BC01F014BD1220704759
:10BA200010B5044604B910BD236898476468F9E767
:10BA300003680BB9016070471A465B6813B18A420C
:10BA4000FAD170478A4218BF5160704708B500208C
:10BA5000FFF7A4FAF5F716FAF6F7A2FDF5F7AEFC34
:10BA600020B140F221119320F4F78CFD08BD08B5F8
:10BA7000F8F718FBF9F726F820B140F241119320AE
:10BA8000F4F780FD0120BDE80840FFF787BA08B54C
:10BA9000FFF7EDFF01F094FC20B14FF4AB71932060
:10BAA000F4F770FD08BDFDF7B1BE0B46122203F896
:10BAB000032BD0F80920C1F80320427B1A7170478C
:10BAC00037B504460D46F7F7E5F818B36FF4A873D9
:10BAD0000221E01803886846ADF8003034F8ED3CE8
:10BAE000ADF8023034F8EB3CADF80430FFF704FC5D
:10BAF00018B14221AE20F4F745FDADF800009DF8E5
:10BB00000030002063F307009DF8013063F30F203D
:10BB100003B030BD18232B70D4F80930C5F80330BA
:10BB20000423ADF80030EAE708B5436893F88620AF
:10BB30001AB18521AE20F4F725FD202283F8862056
:10BB400008BD034610F0010007D19A0704D4C3F3DF
:10BB500080039B00D8B27047022070472DE9F84F50
:10BB60000746104692461D46FFF7EBFF8346084600
:10BB70008846FFF7E6FF4BEA00060A9C8146F6B2CC
:10BB8000003E18BF0126F6F7DDFB10EA0A0A18BFCF
:10BB9000DA46F6F7D7FB97F8683010EA080118BFC5
:10BBA0004946534508BF4FF0000A84F800A097F8B3
:10BBB00069308B4208BF002161705AEA01010BD144
:10BBC000B7F88030013DED1A47F6FD73ADB29D42E6
:10BBD0008CBF002606F001063046BDE8F88F70B530
:10BBE0004468064694F88750A5F12003062B4DD9EA
:10BBF0002E2D4BD0002D47D194F88630252B45D0E3
:10BC00000B7913F0070335D04A7912F0070231D0CF
:10BC100084F8612084F8603094F8253113BB94F8DF
:10BC20002431012B1ED094F8693094F86020D91E7D
:10BC3000012998BF04239A4222D194F86830DA1E71
:10BC4000012A94F8612098BF04239A4218D1022354
:10BC5000B4F8642084F82431B4F86630A4F82621BE
:10BC6000A4F828312223304684F8873000F0F1FB15
:10BC7000284670BD3046C978BDE8704000F01BBC56
:10BC80003046F6F7A9FBEDE70125F1E72025EFE7C0
:10BC900008B5436893F88720222A05D022B140F2E4
:10BCA000EA31AE20F4F76EFC232283F8872008BD2A
:10BCB000F6F776BC704730B542401C7808785D785E
:10BCC00060404C786C409D7820448C786C40DD78E6
:10BCD0002044CC786C401D795B7920440C794979FB
:10BCE0006C404B40204418441044B0FA80F04009A6
:10BCF00030BD024600200139C9B2FF2900D170478A
:10BD0000535C83F001030344D8B2F4E708B5F6F7B7
:10BD100003FD082803D0BDE80840F6F71FBD08BDA5
:10BD200008B501F09CFB18B1BDE80840FAF78EB8E1
:10BD3000082008BD10B50C460021F4F7DFFF606055
:10BD400018B101230020237010BD0220FCE770B55C
:10BD500004460D4659BB4FF41A7201F049FD012308
:10BD600084F8DE5084F88E306FF0360384F8D930D2
:10BD7000042384F8DA306FF03B0384F8DB306F2360
:10BD800084F8DC306FF03C0384F8DD306FF07F0323
:10BD900084F8DF302B2384F8D830FE2384F80E316A
:10BDA0007F2384F88530202384F8F73170BD012982
:10BDB00011D10023A0F8B43180F8AB3140F6B8338C
:10BDC0008269A0F8B4301146438C04F17800BDE8D4
:10BDD0007040F6F761BE0229E8D1B0F84A32D0F8D7
:10BDE00044228169F1E7F8B505460C46D0E90476AE
:10BDF000FCF70CFC20B940F207112920F4F7C2FB34
:10BE0000ECB1D5E90423D21B63EB0603012A73F1DD
:10BE100000014FF0000114DB6FF0010090429941E6
:10BE200002DA40F21111E8E7631E1344B3FBF4F3A6
:10BE30005C43E41946F10006C5E904461C46204669
:10BE4000F8BD0C46FBE7CB1E012B0FD803290BBF17
:10BE500096234FF416731022402203F5BC739842C8
:10BE600010D9C01A90FBF2F080B27047022904D1B9
:10BE70003C2807D980100F38F6E7702802D9C01087
:10BE80000E38F1E70020704738B50D460446F6F746
:10BE900059FA2B78002B08BF034684F864306B787E
:10BEA000002B08BF034684F865306B88A4F8663021
:10BEB00038BD012908B5034606D002290CD040F24E
:10BEC00089112920F4F75EFB40F6C41040F2E242EB
:10BED000002B08BF104608BD40F6C410FBE7002346
:10BEE00007B501A80193FBF707F9019810F00300CB
:10BEF00018BF012003B05DF804FBC2B292FAA2F2AF
:10BF0000030A93FAA3F31B0E100E40EA03207047B6
:10BF1000013105300022C9B270B510F8013F8B42E3
:10BF200016D310F8054C0023012505FA03F6264226
:10BF30001CBF01F1FF31C9B269B10133082BF4D143
:10BF40000132D2B2052AE8D199214620F4F71AFB32
:10BF5000C91AC9B2F4E703EBC200C0B270BD0B68E6
:10BF600070B5C0F8013004460B790546461D03F054
:10BF70001F0343710023C37215F8010F00F04FFA3D
:10BF80006871B542E37A1844E072F5D170BD81EA78
:10BF9000114170B58CB20546C17A032682EA0400CD
:10BFA000FFF7ABFF013E00EB001016F0FF0604EBBD
:10BFB000000290B2F4D144402522B4FBF2F302FB1C
:10BFC0001343C3F3C402D8B203F007032A445678DC
:10BFD000012202FA03F31E4207D161432846C1F34E
:10BFE0000741BDE87040FFF793BF70BDF8B590F80A
:10BFF000215004466B1E242B54D80AB90020F8BDEA
:10C00000807D18B1012844D01F20F8E794F8233030
:10C0100094F8221002FB01322523B2FBF3F103FB5B
:10C020001123DBB204EBD30203F0070684F82330BC
:10C03000D17D0122B240114202D084F82430DDE7E4
:10C04000B3FBF5F205FB123304F11B01013303F0DE
:10C05000FF0311F8012F934218D811F8055C002254
:10C06000012606FA02F72F4208D0013B13F0FF0326
:10C0700004D102EBC00284F82420BFE70132082A71
:10C08000EFD10130C0B20528E3D1BDE79B1ADBB286
:10C09000F7E7228904F11600C969FFF778FF84F8F1
:10C0A0002400ABE71220AAE70378890123F04003BC
:10C0B00001F040010B4303707047037803F07F03E6
:10C0C00043EAC113037070471F2A38B5054614466A
:10C0D00003D9B7212A20F4F755FA06340930FDF7C1
:10C0E000A7FE6C7038BD1F2A38B50546144603D923
:10C0F000D9212A20F4F746FA06340930FDF798FED4
:10C100006C7038BD0378024603F00F03032B3ED05A
:10C11000052B42D1C37F90F82000034392F8210001
:10C12000034392F82200034392F8230000F01F001B
:10C13000184333D05378222B2FD1B2F81930B1B134
:10C14000B3F5506F13D940F607518B4225D8B2F89A
:10C150001B30B3F5FA7F20D2B2F81D0040F67643CB
:10C160000A3880B298428CBF002001207047991F86
:10C1700040F67A4089B281420FD8917D481E072847
:10C180000BD8994209D2B2F817109942DEE74078ED
:10C19000A0F10C03584258417047002070470378C3
:10C1A00001F0030123F003030B4303707047007891
:10C1B000C0F3800070470078C0F3C000704700787B
:10C1C000C0F3001070471B2A08B504D940F244415F
:10C1D0002A20F4F7D7F942700330BDE80840FDF794
:10C1E00027BEB0F80730B1B1B3F5506F13D940F6A0
:10C1F000075293421FD8B0F80930B3F5FA7F1AD22C
:10C20000B0F80B0040F676430A3880B298428CBFF3
:10C210000020012070479A1F40F67A4192B28A426C
:10C2200009D80279511E072905D89A4203D2B0F8DD
:10C2300005209A42DEE700207047406890F8AA3156
:10C2400023B1002380F8AA3100F0CABC704708B5BA
:10C25000017A19B101290AD0002008BD0368022122
:10C26000C2888088F6F7CCFC20B10120F5E703688E
:10C27000C288F6E7F6F7A6FEF7E702230B70012364
:10C280008B707047F6F722BE10B521B94FF41071CC
:10C290001020F4F777F94A600B72EFF3108472B64E
:10C2A000031D0B6042681AB1127A012A08BF0360AD
:10C2B00003681960016004B962B6BDE81040F6F782
:10C2C0004FBE0222F6F76CBE0322F6F769BE0422C7
:10C2D000F6F766BE0222F6F7A7BE11230B706FF4C5
:10C2E0009A7318440388A1F80330838FA1F80530AE
:10C2F000B0F84030A1F80730C38FA1F80930B0F88A
:10C300004230A1F80B307047012908B503D10E3037
:10C31000C00080B208BD022902D10F308000F8E7CA
:10C320004FF42E710620F4F72DF940687047C08A4B
:10C3300070478A880B8910B5CC884988A0F854408A
:10C34000A0F85010A0F85220A0F8563010BD38B513
:10C35000C58B0446438C007A9D4228BF1D46FFF7DB
:10C36000D3FF6389AB4228BF2B46984238BF18469B
:10C3700080B238BD2DE9F041984607460E468089C7
:10C3800019461446FFF7C0FF054641463846FFF7F9
:10C39000DEFF85429DF8181028BF0546B88AFFF7D2
:10C3A000B3FFFB8AADB2834228BF0346A01D9BB2F8
:10C3B00030442B441844BDE8F08107B590F869304B
:10C3C000002296213030009390F83830FFF7D2FFEA
:10C3D00003B05DF804FB38B514460D461946963493
:10C3E000FFF7EBFF2044A84294BF281A002038BD75
:10C3F00038B50D4611460446FFF7DFFF2844606359
:10C4000038BD8369006B984228BF184601F19C0330
:10C4100083423DBF401A9C3840080020704700F01E
:10C420005503400800F05500034403F033009B0817
:10C4300003F03303034403F00F0000EB13107047C5
:10C440004368002283F8862083F8C220A3F8BE2028
:10C45000704743680022A3F8C42093F8C620013235
:10C4600083F8C6207047426808B592F8C630013B91
:10C470005BB2002B82F8C63003DA52214A20F4F76F
:10C4800081F808BD436883F80B1183F80A217047CF
:10C49000A0F10A03042B0CD9A0F14303012B08D906
:10C4A000A0F120032E2818BF062B94BF01200020E6
:10C4B0007047012070474268936F10B513F008046D
:10C4C00008D143F0080382F808119367FFF7C1FF12
:10C4D000204610BD0120FCE730F8023CF7B50546C8
:10C4E0000E4630F8A07C73B101226846ADF80170A9
:10C4F0008DF80020ADF80330F5F7B0FC18B19521A8
:10C500006320F4F73FF808230024A6F80370337083
:10C51000B4706B7A55F88C0C7371FEF725FC08B972
:10C52000BA21EDE73846F6F747F821463846F4F7E2
:10C53000FBFB4FF40173204603F004021B0A62F375
:10C54000070063F30F2003B0F0BD4368002093F8A9
:10C550008820063A012A81BF0A7983F889200622B9
:10C5600083F888207047426892F88830063B012B98
:10C5700084BF072382F888307047426870B592F80C
:10C580008750F5B9B1F80930B2F88060A2F83C32B2
:10C59000013B9B1B47F6FD769BB2B34206D928238D
:10C5A00082F8A930F6F744FF284670BD4B68C2F800
:10C5B0003E320B7A82F842320A22436883F887209F
:10C5C000F2E70125F0E70B46062203F8032BD0F82B
:10C5D0000920C1F80320D0F80D205A60427C1A725D
:10C5E0000023CB707047436870B593F887500646B8
:10C5F0000C46002D42D129462046FFF7F2FD28B90E
:10C60000E1783046BDE87040FFF755BF7268B4F876
:10C610000D30B2F88010A2F83C32013B5B1A47F6AD
:10C62000FD719BB28B4207D92823304682F8A9308E
:10C63000F6F7FEFE284670BDB4F8073040F2E2413E
:10C640004B43C2F844322379C3EB431003EB80031E
:10C6500003EB83035B00A2F83E32B4F805304B4392
:10C66000C2F84032B4F80930A2F84832B4F80B30BE
:10C67000A2F84A320D2382F88730DBE70125D9E79B
:10C6800009230B70D0F80930C1F8023070470B460F
:10C690000A2203F8022BB0F809204A80C27A9A7065
:10C6A000704738B54368054693F8874034B1113C6C
:10C6B0000B2C8CBF01240824204638BD93F88C3005
:10C6C000002BF9D0FFF7C5FE6B68112283F8872095
:10C6D000F2E708B5436893F88720152A04D04FF491
:10C6E000BD711F20F3F74EFF012283F8C7201622E9
:10C6F00083F8872008BD436893F88720122A05BF76
:10C7000013220020022083F887207047436810B569
:10C7100093F887300446182B07D1FFF7A4FE63680F
:10C720001C22002083F8872010BD0220FCE708B5FA
:10C73000436893F88720112A04D040F2A3111F20E8
:10C74000F3F720FF012283F8C720122283F8872005
:10C7500008BD08B5436893F88720162A04D040F234
:10C76000AB111F20F3F70EFF182283F8872008BDB6
:10C770000B46052203F8032BD0F80920C1F803204B
:10C78000D0F80D205A60B0F811201A81C27C9A723C
:10C79000704708B5436893F886201AB1DD211C2044
:10C7A000F3F7F0FE042283F8862008BD426808B53E
:10C7B000936FD90703D4EB211C20F3F7E3FE23F09A
:10C7C00001039367BDE80840FFF74DBE0C23A0F5B9
:10C7D00096700B7003884B8070474368002093F875
:10C7E00086200F2A01BF002283F8B62083F8C220DA
:10C7F00083F88620704738B54568AB6F13F00404A2
:10C8000007D1FFF726FEAB6F204643F00403AB676A
:10C8100038BD0120FCE74268936F23F0040393675F
:10C82000FFF721BE08B5436893F886201AB170213E
:10C830004B20F3F7A7FE0F2283F8862008BD10B522
:10C84000D0E90D42A24206D30B8C121BC98D0533D1
:10C850004B43934202D3012380F83E3010BD0123A5
:10C860000B7000238B7030F8CA3CA1F80330437A78
:10C870004B714389CB8083890B81704710B5446825
:10C8800094F8C9309A070ED494F886301BB17421FD
:10C890004020F3F777FE0122A4F8BE3084F886200A
:10C8A00084F8C22010BDA36F9B0705D5FFF7DBFD01
:10C8B000A36F23F00203A367002384F82A31F1E772
:10C8C00010B50B7901284C790A6843EA0421104617
:10C8D00008BF41F4803110BD07B5FFF7F1FF0DF13E
:10C8E0000702F6F7BBFF03B05DF804FB08B5FFF7DE
:10C8F000F6FA002814BF1420002008BD10B5FAF77E
:10C90000CFFA0446FFF7F2FF4FF47A7204F544437E
:10C91000CD304933B3FBF2F3184410BD10B50446D3
:10C9200090F86900FFF7EAFF012201462046BDE8C2
:10C930001040FFF75DBD7FB5044618B9AA2130202D
:10C94000F3F720FE072900F2D780DFE801F004C9E1
:10C9500033332ED5C1D390F8F431B0F88020DBB159
:10C96000B0F8F231934208BFB0F8A4319A1AA0F897
:10C97000A621A4F880302046D4E98223C4E9842388
:10C98000F9F79AF894F8AB31002B00F09F8004B0CF
:10C99000BDE8704000F01DBDB0F8F0319B1AA0F862
:10C9A000A631B0F8F0319BB2E3E704B0BDE87040C7
:10C9B000FAF75CB9FBF74AFDD4E98423801A61EBEE
:10C9C0000301012871F1000302DA40F23C61B6E78D
:10C9D0006FF0010383424FF000038B4102DA40F213
:10C9E0003D61ACE7A3690BB1B0FBF3F394F887109A
:10C9F000B4F8F2210D2932D10132A4F8F221B4F8B1
:10CA00002A3202AEB4F880500133A4F82A32B4F8C6
:10CA1000BA301D44B4F8B830013DED1AADB2B4F8E7
:10CA2000F2116B1A180435D40023204600961A46DA
:10CA3000F6F7C0FF012849D1B4F8F221B4F8A011EB
:10CA4000BDF808301344521A12049BB204D5EA1AF6
:10CA500012F4004F18BF0B46A4F8F231DFE7B4F828
:10CA600080100B449BB2D11A0D044BBF013301322D
:10CA70009BB293B2A4F8F23194F8F531002BBED1F9
:10CA8000B4F8A431B4F8F221934204BF0133A4F8FE
:10CA9000F231B4E794F88A3030460394002B14BF87
:10CAA00008233E2384F8A93001238DF80830F6F7D7
:10CAB000BFFC204600F08FFC002394F8F70184F8B7
:10CAC000DC31FBF7DBFC202384F8F73104B070BDC8
:10CAD0000120FBF7C1FE04B0BDE87040FEF7A0BB2B
:10CAE00090F8DC31042B01D0D02128E7002380F816
:10CAF000DC31EBE7D62122E7DA2120E7002313B56A
:10CB00001A4680F8DC31A0F8283219460093044612
:10CB1000F6F750FF20B140F21D213020F3F732FD2F
:10CB20000123C4F8D801C4F8D00184F8DC31A4F89A
:10CB3000F201A4F8F00184F8F501B4F88030A4F80B
:10CB40002A02013BA4F8803002B010BDD0F8CC001E
:10CB5000704710B5044690F81031EBB1FF2380F810
:10CB60001831012100F09DFA94F81031A3B194F826
:10CB7000C800FBF743FD94F8C800FBF7E9FD94F803
:10CB8000C800FBF77BFC20B940F209213020F3F705
:10CB9000F9FC002384F81031002010BD08B590F88E
:10CBA000182142B990F8D02042B1D0E935319942EC
:10CBB00002D9F8F7F7F80022104608BD0122FBE77A
:10CBC00010B50446FFF792FE00F295112046FFF7DC
:10CBD00018FC40F64803984228BF184680B210BDA2
:10CBE0007FB5044690F8AB3103F0FF05002B59D117
:10CBF00090F8DC31032B55D1FBF728FCD4E98423D2
:10CC0000801A61EB0301012871F100034ADB6FF028
:10CC10000103834275EB010104DA40F2E551302053
:10CC2000F3F7B0FCA269B4F880300AB1B0FBF2F2BD
:10CC3000013313449BB2A4F8F031B4F8A431B4F832
:10CC4000F0219B1A1BB2002B2CDD94F8F701FBF7A7
:10CC5000D5FC38B3FF2384F8F531B4F8BA300DF1C0
:10CC60000E06B4F880501D44B4F8B830013DED1AFA
:10CC7000ADB2B4F8F031EB1A1B0413D4B4F8F011D0
:10CC800000230122204689B20096F6F793FE012880
:10CC900008D1B4F8F031BDF80E2013449BB2A4F8CB
:10CCA000F031E6E704B070BD70B5044621B101294A
:10CCB00078D040F6280172E000F00AF994F81131BA
:10CCC00005460E46DBB150EA010318D0D4E93832EC
:10CCD000D4E94001C01A334661EB02012A4600F054
:10CCE0003EFD05FB01F300FB0633A5FB00021344E8
:10CCF000D4E93821121843EB0103C4E93823E08C4E
:10CD000030B1F6F701FAE38CB0FBF3F202FB13004B
:10CD1000D4E93832ED184FF0000346EB02062D1827
:10CD20004FF0020284F8F03046F1000684F8113129
:10CD3000A4F8F820C4E93856C4E9405694F81831EC
:10CD400003F0FF01DBB96FF00043D4E942029A42DD
:10CD500008BFB0F1FF3F18D02046D4E9405600F09C
:10CD6000ACF8AE30D4E942325B1B62EB06021B1A10
:10CD700062F10002002A08DA2046F8F713F8F9F702
:10CD80005BFEBDE87040FBF764BB04F1F00194F872
:10CD9000C800FBF701FC0028F1D14FF4EA61302014
:10CDA000F3F7F0FB002380F8D030E8E790F81001AB
:10CDB000003818BF012070470B46142203F8032BDC
:10CDC000D0F80920C1F80320D0F80D205A60704730
:10CDD00038B510220B460C4603F8032B00F109026C
:10CDE000293052F8041B824243F8041BF9D112780F
:10CDF00000211A700123A588A3712846F3F77EFF4E
:10CE000070B1E37863B10088F5F7D6FB00212846BE
:10CE1000F3F78AFF20B140F22B212D20F3F7B2FB6C
:10CE200038BD0121F7F74ABDFFF7FBBF90F87A3014
:10CE30000BB10120704790F8B22002F0FF03002AE6
:10CE4000F7D190F8A4201846704737B50D464FF437
:10CE500090720021044600F0CBFCFF2323701323C3
:10CE6000638042F21073E384F4F754F80022014621
:10CE700020636846F4F77CF8206B00220121FEF75E
:10CE8000F0F8216B68460422F4F772F80022206B58
:10CE90001146FEF7E6F804F12800A57403B0BDE8DA
:10CEA000304000F03AB9FF23086B0B70FEF7A6B8CC
:10CEB0000078FF3818BF0120704710B504462830AD
:10CEC00000F07BF928226188F7F79AFF6D3010BDDA
:10CED000D0E9020170470B68C0F815308B88A0F8C4
:10CEE00019300123C37670472DE9F04F064691B003
:10CEF0000C46074606AD0DF110080FCE0FC50FCE3C
:10CF00000FC596E8030085E80300404600F005F9E8
:10CF1000667894F8149006F07F0594F80AA0B9F1A9
:10CF2000010F94F800B02E4607D0B9F1020F04D0DB
:10CF300040F29A310620F3F725FB617A404600F073
:10CF4000F3F8237D227F4046022B02F101020CBF41
:10CF5000617D0121D2B204BF0131C9B200F0E6F80F
:10CF600015F0080362D14046019300F026F928220B
:10CF70003146F7F745FF40F2712100F29922E5783A
:10CF80002079019B45EA00256079B2FBF1F245EA80
:10CF900000454A434D43AA420AD9E079A57945EABA
:10CFA0000025207A45EA00454D43954228BF1546A5
:10CFB000227E0393531EA17C386B5A4202915A4140
:10CFC0000192FEF7E0F8386BFEF7EDF8039B019A4B
:10CFD0000299ADF81A6006AE08953D468DF82820F6
:10CFE0008DF82B108DF82CA08DF818B08DF81C90B2
:10CFF00009930FCE0FC50FCE0FC596E8030085E845
:10D00000030098E80300B8620020B985E37A03F0D2
:10D01000FD03003B18BF012387F85730E368BB6569
:10D02000238AA7F85C3011B0BDE8F08F00252B46AD
:10D03000BEE7438813F0040F0CBF1F200020704789
:10D040004FF40043C38543881D2B08BF0021417462
:10D05000704790F912007047408800F00100704757
:10D060008078C0F3400070478078C0F3C0007047FC
:10D0700008B5006BFEF77EF8012008BD012070475F
:10D080000120704790F8503001624B72D0F8513057
:10D09000C1F80A30B0F85530CB8170477047F7F7C8
:10D0A00077B980F87010704780F8241080F8252038
:10D0B00070478278034612F0010002D0D978C90780
:10D0C00010D5900702D5D97889070AD512F0040047
:10D0D00008D0D878C0F3800080F001008000C0B292
:10D0E000704702207047C0F34002C0F3800300F095
:10D0F0000100134418447047022808B507D00428DB
:10D1000007D0012807D039212E20F3F73BFA26203B
:10D1100008BD2720FCE72520FAE70023C0F80230ED
:10D1200001234370037070478170704710B54270DF
:10D13000144601708078FFF7D6FF484304FB00F2E5
:10D14000FE2A03DD5C212E20F3F71CFA10BD00231C
:10D15000C37043710371704710B50446FFF7A9FF10
:10D16000637962780133DBB29A4263710CD1E37860
:10D170000022A17803436271DBB29942E37001BFE0
:10D180002379E27001332371BDE81040FFF7B4BF8B
:10D1900038B504468078FFF7A6FF0146E078FFF730
:10D1A000A2FF2378227965789B1A6B4359436379F0
:10D1B000C91A00FB1510C0B238BD014608B5807809
:10D1C000FFF791FF4A780B7853435843C0B208BD2C
:10D1D00040F2EE20704740F25A335843704738B55A
:10D1E0000E38536814460D4693F8862009283FD818
:10D1F000DFE800F0053E3E3E0F3E173E3E26042A85
:10D2000005D12046FFF71CF92046F6F76BFA0020FF
:10D2100038BD0F2AFBD120460021BDE83840FFF77A
:10D22000DCBA1D2AF3D12046FFF70AF9002DEED013
:10D23000626892F8D83023F0200382F8D830E6E70D
:10D2400093F88720232AE2D10025204683F88750CF
:10D25000FFF709F9636893F82431012B03D12946BC
:10D260002046F5F791F86368002283F82421CEE781
:10D2700040F256213120F3F785F908B590F80E31C8
:10D28000FE2B04D040F6CB013120F3F77BF90023CD
:10D2900080F80E1180F80F3112B9A0F8C42008BD33
:10D2A000A0F8BE30012380F8C230F8E708B5436823
:10D2B00093F88720162A04D040F262513120F3F708
:10D2C00061F91A2283F8872008BD08B5436893F8EE
:10D2D0008720312A06D1002283F88720BDE8084044
:10D2E000FFF7C1B8162A03D11A2283F8872008BD98
:10D2F00040F277513120F3F745F9037D63B9C37BE1
:10D30000A3F11002032A07D990F8500028B11C2B72
:10D310008CBF002001207047012070470246406802
:10D32000097990F886301D2B14D00BD8042B13D01C
:10D330000F2B13D090F88730232B0CBF1720FE2023
:10D34000F7F7EEBE282B0BD02E2B01D0212BF1D1DD
:10D350001620F5E71420F3E70E20F1E71220EFE79F
:10D360002320EDE7024640680B4690F8D81041F0C4
:10D37000040180F8D81059791879F7F7D1BE38B57B
:10D380000C460546D1E90401F3F768FD94F8F7016E
:10D3900020280FD0FBF732F994F8F701FBF7D8F902
:10D3A00094F8F701FBF76AF820B940F635113120FF
:10D3B000F3F7E8F828460221BDE83840F3F7B4BC9B
:10D3C0000020704708B5F5F7E9FEBDE80840F6F71C
:10D3D00095B8F4F71DB90022A0F8862080F88A20BD
:10D3E00090F8AB3113B10221F6F7C6BE0321FBE77B
:10D3F00038B50446084694F8303213B10C25284657
:10D4000038BD94F88730153B012BF7D894F8543287
:10D4100003F0FF05002BF1D191B194F8C63123B987
:10D4200040F6AC213120F3F7ADF8052304F1F0020A
:10D4300004F5DB7100F046F9012384F83032DEE7B1
:10D440000223FAE7F5F70ABF08B5F9F7F1F8F8F79C
:10D45000B3FEF8F743FCBDE80840F8F725BDC82146
:10D4600008B5F8F7D9FC022807D1013911F0FF01FE
:10D47000F7D1EB213B20F3F785F8431E5842584182
:10D4800008BD10B5F9F7F6F80446FBF77BF920184C
:10D4900041F1000110BD19B943780BB1C378837015
:10D4A000704710B504460846F9F7FAFC4FF47A7352
:10D4B000B0FBF3F0201A10BD10B504460846F9F78A
:10D4C000EFFC4FF47A7200F2E733023CB3FBF2F365
:10D4D000E01A10BD08B5FCF749FCBDE8084000F0B3
:10D4E00038B8801A00F3070038B50D46144659B213
:10D4F00040B2FBF7ADFC0023287020446B7040B2B3
:10D5000038BD0023036070477047002070474FF01C
:10D51000FF3070474FF0FF30704770474FF0FF30DB
:10D520007047002070470020704700230370704749
:10D530009DF800300022FFF7D4BF4FF0FF30704756
:10D54000002070474FF0FF3070474FF0FF307047BA
:10D55000704770470020FBF7E3BC0020FBF7E4BDF9
:10D560000020FBF7F5BD0020FBF7DABC7047FBF7A6
:10D570003BBEFBF74DBEFBF73DBE70B50024FCF78C
:10D58000C7F905462646E0B2854200D870BDFCF7D3
:10D59000C5F90134068580F82A60F4E7F8B5037907
:10D5A00004461BB11B219D20FCF7F8F94679017157
:10D5B00026B901234371217909B96171F8BD276842
:10D5C00020462671B84702280546F4D1032120469B
:10D5D000B84708B12F21E6E7236829462046984737
:10D5E0000028E8D03021DEE703460068884204D1F5
:10D5F00009B10A681A600846704728B9704788421E
:10D6000002D10A681A60F6E7034600680028F6D1DE
:10D61000704701F11003013813F8012D8B4200F817
:10D62000012FF9D170472DE9F04713F0010F8EB0AB
:10D6300004460D4617469A46DDE9168924D006A809
:10D64000FFF7E7FFA30735D002AA04F11005206811
:10D65000083454F8041C1346AC4203C31A46F6D1EE
:10D6600006AD02AC1AF0020F4346CDF8009023D06D
:10D67000294620460AAAFCF739FA0AA93846FFF7D4
:10D68000C8FF0EB0BDE8F08713F0040F0DD106AB54
:10D690000E4601F1100C1D463068083656F8041C81
:10D6A0001A46664503C21346F6D1214602A8FFF783
:10D6B000B0FFD6E706ADD5E73A4629462046FCF747
:10D6C00015FADEE713B50024CDE90044FFF7ABFF00
:10D6D00002B010BDFCF726BB20BF704720BF7047CB
:10D6E0009142F8B503D373219620FCF757F9B2FAAB
:10D6F00082F33BB1C3F1200499409A4020FA04F42C
:10D70000984021434FEA124C93B2040C87B2B1FB0C
:10D71000FCF50CFB151E05FB03F64FEA0E4E0EEB57
:10D720001040864205D9361A964294BF0126022639
:10D73000AD1B04EB0141280405FB1211B1FBFCF405
:10D740000CFB1411634307EB0147BB4205D9DB1BFC
:10D75000934294BF01230223E41A2043F8BD2DE92C
:10D76000F0411D4607460C46164652EA050303D112
:10D77000A6219620FCF712F985B9914204D2FFF751
:10D78000AFFF2946BDE8F08108462946FFF7A8FF0C
:10D7900005463246384606FB1541F0E7B5FA85F8EE
:10D7A0000123400803FA08F3C8F11F0840EAC470D7
:10D7B000A3FB0212610803FB0522FFF791FF30FA79
:10D7C00008F04FF0000102D0013861EB010100FBCD
:10D7D00005F3A0FB062C06FB0133BF1A634464EB80
:10D7E0000304B742AC41CDD3013041F10001C9E798
:10D7F000F0B5C9B20446A30726460ED14FF0013555
:10D8000022F003034D43E718BC420CD1334402F02D
:10D8100003021A44934209D1F0BD002AFCD0013A18
:10D8200004F8011BE7E744F8045BEDE703F8011B8C
:10D83000F0E700280CBF6FF01500002070470020B3
:10D8400070470723037000207047002070470020B6
:10D850007047034611F8012B03F8012B002AF9D178
:10D860007047034613F8012B002AFBD1181A013820
:10D8700070472DE9F04786468C460846089E1546B7
:10D8800074461946002B40F0C1808542B2FA82F2FC
:10D8900045D94AB1C2F1200300FA02FC95409440F8
:10D8A0002EFA03F343EA0C0C4FEA154EA8B2230CF0
:10D8B000BCFBFEF80EFB18CC08FB00F943EA0C4356
:10D8C000994528D9EB1808F1FF3704D2994502D9B8
:10D8D000A8F102072B44A3EB0903A4B2B3FBFEFC9F
:10D8E0000EFB1C330CFB00F044EA0344A04214D9A5
:10D8F0002C190CF1FF3304D2A04202D9ACF102037F
:10D900002C44241A43EA07401EB1D440002334605B
:10D910007360BDE8F0874746DDE76346F1E792BBF9
:10D92000431B01214FEA154EAFB2200CB3FBFEFCA6
:10D930000EFB1C330CFB07F840EA0343984561D902
:10D94000EB180CF1FF3004D2984502D9ACF102007B
:10D950002B44A3EB0803A4B2B3FBFEFC0EFB1C3369
:10D960000CFB07F744EA0344A7424DD92C190CF1EC
:10D97000FF3304D2A74202D9ACF102032C44E41BCA
:10D9800043EA0040C0E7C2F120039540944020FAEA
:10D9900003F12EFA03F34FEA154E9040AFB2034362
:10D9A000B1FBFEFC0EFB1C10190C0CFB07F841EA46
:10D9B0000041884522D969180CF1FF3004D288450E
:10D9C00002D9ACF102002944A1EB08019BB2B1FBE2
:10D9D000FEFC0EFB1C110CFB07F743EA01439F42C0
:10D9E0000ED9EB180CF1FF3104D29F4202D9ACF1F1
:10D9F00002012B44DB1B41EA004193E76046E3E769
:10DA00006146F7E76046A4E76346B8E7834206D974
:10DA100016B9002108467CE7C6E900E0F9E7B3FA49
:10DA200083F78FB9834201D3724508D8BEEB020455
:10DA300060EB030301209C461EB9002169E73846CC
:10DA4000FAE7C6E9004CF8E7C7F1200CBB400EFA34
:10DA500007F522FA0CF42EFA0CF1BA401C4320FA16
:10DA60000CF3B8404FEA144901431FFA84FEB3FB9C
:10DA7000F9F809FB18300B0C08FB0EFA43EA0043D7
:10DA80009A4540D9E31808F1FF3004D29A4502D9EB
:10DA9000A8F102002344A3EB0A0389B2B3FBF9F80F
:10DAA00009FB183308FB0EFE41EA03418E452CD9D1
:10DAB000611808F1FF3304D28E4502D9A8F10203A0
:10DAC000214443EA0040A1EB0E01A0FB029841452E
:10DAD000CE46434602D306D14D4504D20138B9EBB8
:10DAE000020E68EB0403002EA7D0B5EB0E0261EB2B
:10DAF000030101FA0CFC22FA07F3F9404CEA030394
:10DB0000C6E9003199E74046C5E74346D9E700003A
:10DB100037B50024164D6FF009034FF48062284694
:10DB2000144900940BF058FF1349284612F0BBFF2C
:10DB30001249134812F015FF224604211C2002F05E
:10DB400005FE01220F4BD3E8EF1FC3E8E02F0028AA
:10DB5000F9D105A3D3E9002328460B490BF07CFF3C
:10DB6000204603B030BD00BF389C1C000000000000
:10DB700078650020889200202861020067FF01007C
:10DB8000046C0020006C0020A8250020000000008C
:10DB900010B50B4BD3E8AF3F53B1FBF727FE06A3FD
:10DBA000D3E90023BDE81040064907480BF054BFF5
:10DBB00010BD00BFAFF30080389C1C0000000000C7
:10DBC000006C0020A82500207865002000000000DF
:10DBD00070B4174E0C46B042154608D00136B0421C
:10DBE0000FD0023EB04210D070BC0EF037BD0AA379
:10DBF000D3E90023C5E900230E4B0020236070BC4D
:10DC0000704707A3D3E90023F4E707A3D3E9002370
:10DC1000F0E700BFAFF3008002C0FF7F000000000C
:10DC200003C0FF7F0000000001C0FF7F0000000074
:10DC300002C0FF7F03004E80CA0704D5C30742BF5E
:10DC400001220C4B1A708A0704D5830742BF0122B8
:10DC5000094B1A704A0704D5430742BF0122074BFC
:10DC60001A700A0704D5030742BF0122044B1A7039
:10DC7000704700BF4F7300204E7300204D7300208B
:10DC80004C73002070B503788AB004460E4607AD89
:10DC9000032B20D8DFE803F002191B1D1149284689
:10DCA000FFF7D7FD059563781E210493A3783046CE
:10DCB0000393E3780C4A02932379019363790093E9
:10DCC000A3790FF0C5F80AB070BD0849E7E7084925
:10DCD000E5E70849E3E70A212846074A0FF0B8F8C4
:10DCE000E0E700BF583602007A3602005F360200D5
:10DCF000663602007036020035420200F8B500AF09
:10DD00008CB0084616461D466C460C4BC4E90531DE
:10DD1000FCF766FA00220A4BFCF7CCFA22460823ED
:10DD2000C4E90801C4E90A6542F8103F002344F23F
:10DD3000C001044801F0D8FDBD46F8BD9D36020083
:10DD40000000F43FA4290200F0B591B002AF07F142
:10DD500018050C4610F0D8FE2946FFF793FF6E46D3
:10DD60008AB002AA1A4BD461C2E90535194B136275
:10DD7000194B5362194B42F8103F00234FF44351A3
:10DD80001748184D01F0B0FD0020B5463C1D00F0CD
:10DD90003DFD00F02FFD0FCD0FC42B680222236044
:10DDA0000124114B11490094381D05F08FFA0346E8
:10DDB00038B10F4A21460A4810F09BF93C37BD465E
:10DDC000F0BD03210B4A06480FF0DFFAF6E700BF6B
:10DDD000E6360200BF450200000202040500000210
:10DDE000A4290200D02A0200582E0200602E020050
:10DDF0000A37020029370200F0B50C4689B000AF9F
:10DE0000054610F081FE3946FFF73CFFBCB16D4678
:10DE10008AB06A46164BD461C2E90537154B1362C6
:10DE2000154B5362154B42F8103F00234FF44151FC
:10DE3000134801F059FDAD462437BD46F0BD6E468E
:10DE400088B06A460F4BC2E905374FF400739383DD
:10DE50000D4B42F8103F4FF4E6512346084801F0BD
:10DE600043FD2846B54600F0D1FC00F0BDFCE3E7D9
:10DE700040370200BF450200000202040500000214
:10DE8000A42902006B37020003000001B0B582B084
:10DE9000044603680A2093FBF0F200FB123202AF43
:10DEA000C3F13201092A0BD8DFE802F00515182268
:10DEB00024272D2F3A440121294A2A480FF065FAD8
:10DEC0002368013B236023B90321274A25480FF02B
:10DED0005CFABD46B0BD254A0221EEE7C3F50363F7
:10DEE0000233234A1B0201211E4810F002F9E7E722
:10DEF000204AF1E70321204ADFE7C3F51363023329
:10DF00001E4A1B02EFE71E4AE6E74A4202F00702FA
:10DF100001F0070358BF534203211A4A0133E3E7D4
:10DF2000194A0121D21A0092184B194A0D4810F0D3
:10DF3000EAF8C5E76D4688B002AA164B5361164B46
:10DF4000936141F2342359430423D16142F8103FD5
:10DF500000234FF40451034801F0C6FCAD46AFE77F
:10DF600079370200A429020041390200AB370200D0
:10DF7000D3370200FD37020028380200553802006E
:10DF800087380200B43802003010DCBAEFBEADDED4
:10DF9000D63802000E390200A53B02002DE9F04FF1
:10DFA00089B0032102AF9D4A9D480FF0EEF903218D
:10DFB0009C4A9B480FF0E9F903219B4A98480FF0CF
:10DFC000E4F900F067F900F043FA00F0E3FA97484B
:10DFD00009F0E6FB034698B10121954A904810F0FC
:10DFE00088F8002004F066FC034678B1914A0121CC
:10DFF0008B4810F07EF800201C37BD46BDE8F08F3E
:10E0000003218D4A86480FF0C0F9EAE78B4D0321C2
:10E010008B4A83483C1D0FF0B8F90FCD0FC42B6815
:10E02000012523600222874B87490095381D05F0A2
:10E030004DF9044610B1854A0346D8E76D4688B0CD
:10E0400002AA834B5361834B93614FF40073938314
:10E05000814B42F8103F4FF4E6510346704801F0FF
:10E0600043FCAD4600F0B6FB7C4D7D4EDFF8F481FD
:10E0700000F0C6FB2B788146013423B100232B70BE
:10E0800050B300F059FC33783BB10023B9EB0300E7
:10E0900018BF0120337000F08FF9734B1A781AB152
:10E0A00000221A7000F04CFA704BDFF8C4911A7815
:10E0B000AAB1002202211A7059486E4A0FF065F980
:10E0C0003223C9F800306A48FFF7E0FE40F27120C1
:10E0D00000210CF007F8CBE700F0EEFBD3E7D9F80E
:10E0E0000030002BEFDCE30706D4204600F0FCF8FC
:10E0F00000F05CF900F09AFB204600F0CBF92046D6
:10E1000000F052FA204600F035FC5B4B6343B3F15C
:10E11000333F25D800F074FB8146002862D012F00E
:10E120000EFEEA468AB00DF108094FF47A7CA0FB96
:10E130000C0E524B47F61222C9E905340CFB01E1E3
:10E140000023FCF7C9FA4A460623C9E9080142F848
:10E15000103F00234FF44351314801F0C5FBD54631
:10E160000B22C4EBC403033393FBF2F102FB113324
:10E1700043B9434A1368013313600221414A2848D6
:10E180000FF0B7FF08FB04F23F4B9A4227D8C82292
:10E19000B4FBF2F3E9468AB002FB134302AA3B49FF
:10E1A0004FF47A7051610321916103F6B831B1FBEC
:10E1B000F0FC00FB1C116420B1FBF0F1D1610921DE
:10E1C00003F59673B3FBF1F31362052342F8103F96
:10E1D00000234FF42351124801F086FBCD4647F649
:10E1E000122075E712F0ABFDEA468AB00DF1080B7C
:10E1F0004FF47A7CA0FB0C0E254B47F61222CBE99C
:10E2000005340CFB01E10023FCF766FA5A460623AD
:10E21000CBE9080142F8103F4B469BE76339020007
:10E22000A429020096390200BC39020039DC000042
:10E23000093A02004E3A0200253A0200D02A0200B2
:10E240006D3A0200582E0200602E0200833A02004E
:10E25000A83A0200BC3A0200030000014F730020FC
:10E260004E730020A54FFAA44D7300204C7300207C
:10E27000EC680020CA3A0200CDCCCCCCFC3A0200BB
:10E28000E86800204E3B0200055BB005843B0200BD
:10E29000243B0200F8B500AF0E4C032120460E4A85
:10E2A0000FF01EFF6E4688B06A4603250B4B536184
:10E2B0000B4B936142F8105F00234FF4C851204686
:10E2C00001F012FBB546074A294620460FF008FF29
:10E2D000BD46F8BD942A0200C33B0200F73B020092
:10E2E000F53D02002D3C0200B0B52C4964240B68BA
:10E2F00000AF03F11102072390FBF3F3C3EBC30359
:10E30000C31A13440B60322390FBF3F103FB11019A
:10E3100090FBF4F304FB130303F58C538EB001F66A
:10E320007F0114336A4609B29BB21D4D55611D4DE4
:10E33000956191FBF4F504FB151109B21162B3FB71
:10E34000F4F104FB11335162C8219BB2936200EBDC
:10E35000400393FBF1F401FB1433643B1BB2D36223
:10E36000C0EBC00393FBF1F401FB1433643B1BB21D
:10E370001363142390FBF3F103FB11000A2300F253
:10E38000CA3080B2D561506342F8103F00234FF489
:10E39000A241054801F0A8FABD46B0BDF0680020D2
:10E3A0005A3C0200E53D0200942A0200014B186825
:10E3B000704700BFF06800202DE9F047044600AF29
:10E3C00003211B4A1B480FF08BFECCB10125DFF85F
:10E3D0006890DFF86880DFF85CA06E4688B06A4617
:10E3E0000423C2E90598D56142F8103F00234FF499
:10E3F00004515046013501F077FA0B2DB546ECD1AA
:10E4000002210F4A0B480FF06BFE01210D4A09480B
:10E410000FF066FE03210C4A06480FF061FE24B19E
:10E4200003210A4A03480FF05BFEBD46BDE8F087B2
:10E430009A3C0200942A0200DA3C0200D23D02001B
:10E44000153D0200453D02007A3D0200A13D02005B
:10E4500098B500AF0B4C032120460B4A0FF040FE4D
:10E4600088B06A46094B5361094B9361032342F814
:10E47000103F00234FF4C851204601F035FABD4645
:10E4800098BD00BF4C2A0200103E0200423E02002E
:10E49000ED3F0200F0B505026B429BB2ADB258BF32
:10E4A0005D420F2390FBF3F3C3EB031383B0984259
:10E4B000044602AF05F500250AD100F504533433B4
:10E4C00000932B0C0221194A19481B040FF01BFE64
:10E4D0001E2294FBF2F302FB13432BB901212B46BE
:10E4E000144A13480FF005FE052094FBF0F303EBEC
:10E4F0008303E31A17D16E468AB002AA0E4951610E
:10E500000E49C2E90615614201F0070104F0070453
:10E5100058BF4C42146242F8100F4FF42451044883
:10E5200001F0E2F9B5460437BD46F0BD763E020083
:10E530004C2A020055380200AA3E0200DE3F0200CB
:10E5400010B50E4C012120460D4A0FF0C9FD0221E5
:10E5500020460C4A0FF0C4FD012120460A4A0FF064
:10E56000BFFD03212046094A0FF0BAFD03212046D2
:10E57000BDE81040064A0FF0B3BD00BF4C2A0200B0
:10E58000D53E0200173F0200503F02007D3F0200CF
:10E59000B33F02000321024A02480FF0A1BD00BFB1
:10E5A000064002003C2A0200B0B510F0030382B01E
:10E5B000044602AF13D16D4688B002AA16495161D4
:10E5C0001649916141F234214143D161042142F85D
:10E5D000101F4FF40451124801F086F9AD461E2277
:10E5E00094FBF2F302FB13433BB90E4B0121009362
:10E5F0000D4A0E4B0A480FF086FD0F2394FBF3F3F0
:10E60000C3EB0312944205D10221094A04480C339A
:10E610000FF06FFDBD46B0BD0E3902006240020032
:10E620003C2A0200FE0FDCBAD6380200EFBEADDE97
:10E630003740020010B51C46002B4BD013785A1EF1
:10E64000042A41D8DFE802F0030D13153600234AEF
:10E65000022123480EF09BFE3222224B1A602046F4
:10E6600010BD214A03211E480EF091FEF7E71F4A14
:10E67000F8E701211E4A1A480EF089FE01211D4AC1
:10E6800017480EF084FE01211B4A15480EF07FFE4C
:10E6900001211A4A12480EF07AFE0121184A104848
:10E6A0000EF075FE0121174A0D480EF070FE012193
:10E6B000154AD8E7154A012109480EF068FE0022E4
:10E6C000134BC3F8EF2ECAE70221124A04480FF099
:10E6D00010FDC4E76FF00C00C2E700BF7D400200F0
:10E6E000AC290200EC680020AF400200D3400200D9
:10E6F000F9400200104102002F410200584102007F
:10E7000081410200AC410200DA410200E94102000D
:10E7100000B0ADDE1F42020001290CBF0122002221
:10E7200080B50D4B00AF1A700C4A88B00C4B08BF77
:10E7300013466A460B49C2E905134FF400739383ED
:10E74000094B42F8103F00234FF4E651074801F00F
:10E75000CBF8BD4680BD00BF507300203C42020094
:10E76000444202004D42020003000001AC290200B5
:10E770002DE9F04385B0E94604AF88B0164604465B
:10E780000D46984604AA0F4B53610F4B9361032328
:10E7900042F8103F00234FF4C8510C4801F0A4F890
:10E7A0002B23CD4602930A4B324601933B8C2946DC
:10E7B00000932046434611F06EF80437BD46BDE88D
:10E7C000F08300BF654202005B440200AC290200F6
:10E7D000884202000321024A02480EF0D8BD00BF61
:10E7E000B4420200AC2902000022014B1A707047AB
:10E7F000507300200022014B1A70704750730020A4
:10E80000014B1868704700BFF468002038B5064D0A
:10E810000446286808B105F08FF81CB1204610F0B6
:10E820001FF904462C6038BDF4680020F0B589B0AB
:10E830001A4B04461E6800AFDEB1194B1B78C3B1FA
:10E84000042518220021786007F1080013F0B0FABF
:10E85000144B3046FB6007F108013B1D3B61BD8254
:10E8600007F0A2FF034638B102210F4A0F480FF00C
:10E8700040FC2437BD46F0BD6E4688B06A460C4960
:10E8800051610C49C2E9061442F8105F4FF404517B
:10E89000064801F029F8B546EBE700BFF468002010
:10E8A00050730020142F0200F3420200AC29020032
:10E8B000174302004144020070B5174E88B0337808
:10E8C0005BB104F02FFE00230321144A1448337077
:10E8D00008B0BDE870400EF05ABD124D03AC0FCD2C
:10E8E0000FC42B680222236001240F4B0F490094B0
:10E8F00003A804F0EBFC034630B10D4A214608485A
:10E900000FF0F7FB08B070BD03210A4A04483470C9
:10E910000EF03DFDF6E700BFDE2800203E4302007A
:10E92000AC290200E42A0200702E0200782E0200B8
:10E930005A4302007E43020010B50A4C236833B9E3
:10E94000BDE810400221084A08480EF020BD03210E
:10E950000648074A0EF01BFD20681321BDE8104051
:10E9600010F092B8F46800209C430200AC29020029
:10E97000BF4302000A2290FBF2F3B0B502FB13037F
:10E98000044600AF93B9134A12687AB16D4688B055
:10E990006A461149516111499161032142F8101FE2
:10E9A0004FF4C8510E4800F09FFFAD46142294FB6F
:10E9B000F2F302FB134353B9032194FBF1F303EB8E
:10E9C0004303E31A074A0648043B0FF092FBBD4697
:10E9D000B0BD00BFF4680020D943020034440200F7
:10E9E000AC290200084402002DE9F04F91B00093D9
:10E9F00002F004030293C2F3C20301338407054605
:10EA00000E46DDF868800392059340F0BB81041D3B
:10EA100030B1072909D86FF01B0011B0BDE8F08FA5
:10EA200001F007063444C6F10806009B4FF00009C8
:10EA30004FF0040A591E4FF0FF334F460193CB4667
:10EA40005346CDF810900DB1009A22600598002829
:10EA500000F3E8809848009A824203D397488242A4
:10EA6000C0F0E080039AA4EB050E92074FEA9E00E7
:10EA700000F103810F2F00F2B180002D00F005811D
:10EA800007F140020DEB020C019A0CF8200C0CF877
:10EA9000102C049801300490E7E07A285DD84B28C8
:10EAA0000ED8472859D829282DD8252852D054D8EF
:10EAB00020287AD02338D0F1000B4BEB000B74E008
:10EAC0004C382E2849D8DFE800F0704848484848BC
:10EAD0004848484848484B484848484848484859A2
:10EAE000484B4B595959704B6D487048184B184852
:10EAF00048827F4B48484B487F0000204FF0000B76
:10EB00004FF0040A38E001222A38C0B202FA00F0BD
:10EB100010EA0E0F49D110F0625C2FD110EA020BFF
:10EB200043D06046013C5444B4FBFAF40AFB04F4BD
:10EB3000002D61D0A3EB050CA444B4453FF66BAFA8
:10EB4000002868D1042B47D158F8043B23600423E4
:10EB500004342AE0019A013A01924FF0000B24E0BC
:10EB600011F8010C6C2834D1002011F8023C8346C6
:10EB70006C2BC5D14FF0080A5346D3E708F10708BC
:10EB800028F00708073424F00704F8E802AB35B191
:10EB900006982044B0423FF63EAFC4E900AB4FF0C8
:10EBA000000B08344FF0080A534611F8010F0028F3
:10EBB00078D0BBF1000F7FF470AF2528F5D14FF06E
:10EBC000010B019B013301934FF0040AECE7584617
:10EBD00094E700208346A5E7082B02D06FF01500CC
:10EBE0001BE708F1070828F00708F8E80223C4E942
:10EBF000002308230834D8E768B9042B02D108F1B0
:10EC00000408A4E7082BE9D108F1070828F0070851
:10EC100008F10808EDE7059A013A059258F8042B27
:10EC2000009210E7039A900720D54FF0010CA4EB57
:10EC3000050E4FEA9E00BEF5007FCFD20F2FCDD834
:10EC4000F5B107F140020DEB020E019AC0B20EF8C9
:10EC5000200C0EF8102CBCF1000F3FF41AAF60F03E
:10EC60007F000EF8200C09F101090137C5F10802F7
:10EC70004FF6DA7E0434069297E74FF0000CDAE79D
:10EC8000BCF1000F01D00136EFE7029802360028F0
:10EC9000EBD10098CDE90631FEF7E3FDDDE9063161
:10ECA0000644E2E7631BB3F5806F97D245B9A6F13E
:10ECB0000804E018B1E600BFE81E0200D4620200BA
:10ECC000029A9B0828602B709DF81030C2B1EB703F
:10ECD00085F80290B9F1000F05D0002208A8C5F10F
:10ECE000010C97420ED14FF0000AC5F101030DF15E
:10ECF000200801930DF1300B574512D1601B8CE6B3
:10ED00006B70E5E710F8013B190608D50CEB040E13
:10ED1000B64503F07F033FF67EAE04F8013B0132B7
:10ED2000DFE7B9F1000F03D098F90020002A17DBC4
:10ED3000029BD3B11AF80B2004F8012B0022019B8F
:10ED400018191044B0423FF666AE98F800000099DA
:10ED500004F8010B2046039213F01DF8039A1444A3
:10ED60000AF1010A08F10108C6E798F8002055F8F1
:10ED700022300093029B009845F82230FEF771FD87
:10ED8000421CDCE76FF00D0047E600BF2DE9F04FB5
:10ED900097B000AFD7F880B03B62CBF3C003044616
:10EDA000894690F802A0FA62BB6141B945780078C3
:10EDB0000AEB800020444D4517D8A0EB0409E37806
:10EDC000FB61BAF1000F02D01BF0010F16D1FB69F5
:10EDD00053BBFB6A1BB1494620463A6A98474D46E9
:10EDE00028465C37BD46BDE8F08F461C3046FEF72E
:10EDF00038FD0130304409F10109DCE7626823780D
:10EE00007A62FA6A9900796104EB8301002A40F082
:10EE100001810E464FF000084D4601EB0A094E45B0
:10EE20004CD101EB0A0610E01BF0020FD1D0237881
:10EE30009A007A61626804EB83017A62FA6A002AB6
:10EE400077D14D46904601EB0A061BF0050F0CBF2B
:10EE500002230123FB62FB6906EB430A0BF002036A
:10EE6000BB625645BCD016F8021B16F8013C54F89C
:10EE70002390994B994502D3984B994536D3BB695A
:10EE8000002B40D0786A0EF0F5FC00283BD0E94614
:10EE90008AB06A46924B53617B6AC2E906314FF4ED
:10EEA000007313848F4B42F8103F00234FF412512C
:10EEB0008D4800F019FD023DCD46D2E716F8013B22
:10EEC000F96254F82300FEF7CCFCD7F88430F96AD5
:10EED00001304BB1D7F8883098453EBFD7F8843021
:10EEE00023F8180008F10108054498E7BB6923B12D
:10EEF000786A0EF0BFFC0028C9D11BF0010F05D1C4
:10EF0000FB6AED1AADE7BB6A002BAAD04846FEF7B4
:10EF1000A8FCD7F8843053B1D7F8883098453FBF64
:10EF2000D7F88420431C22F8183008F10108054462
:10EF300097E7BAF1000F73D01BF0040673D0D046E8
:10EF4000002607F1480052463B61B96212F023FFE8
:10EF5000B96A3B6901EB0A02BA62FA69F9695200BF
:10EF6000FA60BA6A02EB41023A610BF00202BA603F
:10EF70003A69B96A8A4258D162781BF0020F18BF09
:10EF800000217A6208BF4FEA5801B2181BF0010F46
:10EF9000D2B240F09F801BF0040F14BF4046002007
:10EFA000BB616270A070E17020463A6A7969FB6AC1
:10EFB0009847051EFFF614AFBB69414623707B6A74
:10EFC0003A6A6370FB6984F802A0E37007F14800B5
:10EFD000FB6A9847B0F10008C0F2BA807B69A9EBE0
:10EFE0000A01C91AFB683A6AC91AD7E90A0398479D
:10EFF0000028C0F2AF804FF0000BA84408EB0005DA
:10F0000007F1380AB34571D300213A6A0846FB6A12
:10F010009847E5E656464FF0000807F1380092E7BA
:10F020005646D04696E7B04694E7BA6A12F8021BF5
:10F0300012F8015CBA6254F82500274A904202D3C4
:10F04000264A90421ED3BA6932B1786A7B600EF0CC
:10F0500011FC7B6800288BD1BA6802BB08F128023A
:10F0600007F1300C08F10100944407F1580208F14F
:10F07000020852FA80F00CF8101C5FFA88F800F8C9
:10F08000105C75E7BA693AB1786A7B600EF0F2FB02
:10F090007B6800287FF46CAF1BF0010F09D006F1EC
:10F0A000280207F13000711C161806F8205CCEB259
:10F0B0005EE71BF0040F3FF45BAF08F1280207F195
:10F0C000300008F1010102EB000808F8105C5FFA5B
:10F0D00081F84DE7002063E7E81E0200D4620200D9
:10F0E0007D44020004000001242A02001BF80A30BB
:10F0F00054F8239087F83730D7F884302BB3D7F8FB
:10F1000088309B4521D2D7F8843033F81B80012109
:10F110003A6AFB6A07F13700984700281ADB054472
:10F12000B8F1000F06D14846FEF79BFB00F101083D
:10F130001FFA88F8414648463A6AFB6A9847002811
:10F1400008DB05440BF1010B5CE74FF00008DEE73C
:10F15000454645E6054643E6014B1860704700BF4B
:10F160009826002080B505460E46174698460BF0B7
:10F170000BF8034612F0AEFE0446DFF81890424644
:10F1800049F8003039463046A84754F8090001F0E4
:10F190005FFA00BF080000002DE9F047058B044628
:10F1A0002807904611D4022905F0070540F0CC80CD
:10F1B00020460EF00EFE78B10138218B042811D8BC
:10F1C000DFE800F0C2106D85950001290CBF45F005
:10F1D000100545F02005258388F31188BFF36F8F54
:10F1E000BDE8F08701F0070AAA4500F0A5800027D6
:10F1F000B9463E46A368002B00F0BC8041F00801F0
:10F20000218388F31188BFF36F8FA168002900F074
:10F21000BA800D68002900F0B68033465246204679
:10F22000D1F80480C047002D76D02B6829461D46B2
:10F23000F0E701F007035A1F012A1BD8002221F032
:10F240000701062B276889B2C4E9002209D13B4691
:10F2500003E0628B013262831B68002BF9D141F01D
:10F260000201204621830EF0B4FD00287AD041F03F
:10F27000200176E0042B0AD121F0070189B2204653
:10F2800021830EF0A6FD10B141F020012183218BD6
:10F2900001F0070AAA454FD00027B946AAE723691B
:10F2A00021F0070141F00601062DD3F800902183DB
:10F2B0002DD1B9F1000F3FD041F00801218388F32F
:10F2C0001188BFF36F8F20463949C84729E021F0E4
:10F2D0000701236941F0040189B2042DD3F8049099
:10F2E0002183E6D000274FF0040A3E4682E721F052
:10F2F0000701236941F0050189B2052DD3F8089073
:10F300002183D6D000274FF0050A3E4672E700273A
:10F310004FF0060A3E466DE72B4687E7B9F1000F2E
:10F32000D1D1EFF31188402383F31288BFF36F8F9D
:10F33000238B23F008032383258BEA062ED525F0A3
:10F340001003238305F007056669218B002EBFF6A5
:10F3500070AF00232768C4E9003321F0070141F0B2
:10F3600001012183218B4FF0000901F0070AAA4512
:10F370007FF440AF002F9CD041F00801218388F337
:10F380001188BFF36F8F002FC8D03D6839463346D0
:10F39000524620460EF049FD2F46F4E7AB067FF5B6
:10F3A0001BAF25F02003238305F0070500E700BF0E
:10F3B00057DE01002DE9F047044607464FF00109EA
:10F3C000DFF8508014B93846BDE8F08794FAA4F508
:10F3D000B5FA85F509FA05F32E0108EB05156FEA74
:10F3E000030A24EA03042B7B002BEBD058F80630E9
:10F3F0001B694BB94644736804222846196807EA1A
:10F400000A070EF0FDFDDDE7284698470028D9D110
:10F41000F0E700BFAC2A020030B5002289B00F49E6
:10F420000F4811F0D4FC002200230024CDE906236C
:10F430000E230C4DCDE903344FF440722846CDE93C
:10F440000144094B094900940AF0ACFB08492846DD
:10F4500011F029FB204609B030BD00BF75F4000053
:10F46000A05B0020083B00208DF70000A07E00205C
:10F470003145020001480AF0D7B800BF742A0020C5
:10F480002DE9F047804621480F460EF09DFD0646C7
:10F49000002833D000252846BDE8F087237B83B1C0
:10F4A0002368DB680BB120469847636883F80690B1
:10F4B00023681B69D3B963680422204619680EF0DB
:10F4C0009FFD013610345445E8D3B8F1000FE2D067
:10F4D000002DDFD02846FFF76DFF0546002FF7D03F
:10F4E000002140F239100AF0FDFDF1E7204698476F
:10F4F0000028E0D009FA06F31D43E2E705464FF085
:10F500000109034CDFF80CA0DDE700BF086900200B
:10F51000AC2A0200CC2A0200014B53F820007047AD
:10F520003C2F020008B5034608462BB1044A13607D
:10F5300000F070FC002008BD6FF01500FBE700BF75
:10F540009C26002010B5044C237813B903480AF018
:10F550006BF80123237010BD51730020742A002022
:10F5600010B5044609480EF02FFD3CB1084BD3E816
:10F57000EF1F0139C3E8E21F002AF8D1054811F056
:10F5800032FCBDE8104004480AF04EB80069002083
:10F5900004690020A05B0020742A0020002001469E
:10F5A000034BD3E8EF0FC3E8E21F002AF9D17047FD
:10F5B0000069002070B5FFF7F1FF0546074C084EC3
:10F5C000B44200D370BD63685B792BB123685B687C
:10F5D00013B12946204698471034F1E7AC2A0200BF
:10F5E000CC2A020010B5044C044920460EF08AFAD9
:10F5F000034B1C6010BD00BF3C290020282F0200D7
:10F60000F868002000230D4A10B513700C4A0D490C
:10F6100013600D4A0D481360FFF784FFFFF7E2FF08
:10F620000B4B0C4918468B4200D310BD1A1A5C686C
:10F630001211013222711033F5E700BF527300201E
:10F640000069002040420F0004690020C5DF01006E
:10F65000AC2A0200CC2A0200014600220023014805
:10F660000EF071BA3C29002001480EF00ABB00BF21
:10F670003C290020024B014618680EF056BB00BF23
:10F68000F868002001480EF08BBB00BF3C29002029
:10F6900070B5274B1878002849D0FFF7E5FF0546DD
:10F6A000002841D1234B244C1B68002B19DD11F09D
:10F6B00046FB4FF47A75A0FB050647F6122200239D
:10F6C00005FB0161FBF708F8D4E90032C01A40F2EB
:10F6D000E93361EB0201984271F1000101D3FFF7B8
:10F6E00069FFD4E9003213F57A7342F10002C4E9EC
:10F6F0000032BDE87040FFF7C5BF63685B7923B196
:10F700002368294620461B6898471034B442F4D336
:10F710002846FFF7AFFF094BD3E8EF1F0139C3E8D5
:10F72000E21F002ABED0F7E7054C064EEEE770BD9B
:10F730005173002000690020985B002004690020BC
:10F74000AC2A0200CC2A020070B50D4D297861B9AF
:10F750000120FFF795FE0B4C0B4EB44206D3FFF78A
:10F7600097FF0028FBD101232B7070BD63685B7984
:10F770001BB1236820469B6898471034EDE700BF13
:10F7800052730020AC2A0200CC2A020000212DE98D
:10F79000F0470846FFF774FE044658B340F21B6872
:10F7A0004FF0000912F096FB1B4B1C4A1B581360CC
:10F7B00033B11B4B1B68092B02DD1A4809F034FFDB
:10F7C0000025194FDFF85CA044B12046FFF7F2FD99
:10F7D000044618B94FF0FF384FF0FF39FFF758FFD4
:10F7E000064628B9B5B942464B46504609F056FF81
:10F7F0003546E9E74FF0FF384FF0FF39D2E72B6885
:10F800009B691BB100222846114698471035BD421E
:10F81000F5D3E8E7054DFAE708000000FC68002092
:10F8200004690020742A0020CC2A0200AC2A0200BD
:10F8300013B518480EF0C8FB174B1B7873B1EFF3E4
:10F840001184402383F31288BFF36F8FFFF720FFEB
:10F8500084F31188BFF36F8F02B010BD0F4B1B688C
:10F86000002BF9D050B9002200230D48CDE9002328
:10F8700047F6122200230AF081FFEDE70928EBD1B9
:10F88000074811F0B0FA074802B0BDE8104009F08F
:10F89000CBBE00BF0469002052730020FC6800202A
:10F8A000A05B0020742A002010B5064B04461B689C
:10F8B00098472146A06004480EF0C4F9BDE8104006
:10F8C000FFF7B6BF9C2600203C290020044A054BC8
:10F8D0009B1AB1EBD30F34BF52F8310000207047B0
:10F8E000A4290200AC2A02002DE9F04F8FB0C1F329
:10F8F0004A2804AF0D469146B8607B600C0DB8F104
:10F90000000F63D000264FF0040B4FF00A0A07F1F6
:10F910001403C7F80C80C7E907667E620193CDF82F
:10F9200008B0CDF800A007F11C0332464846F9683C
:10F93000FFF72CFAB0F5006F03461CD36C468AB073
:10F94000D9F8041004AB26481A46C3E9050140F271
:10F95000FF71D9614FF400711984224B42F8103FB6
:10F960004FF4125133462048FFF7BEFFA5462C370F
:10F97000BD46BDE8F08FC0F30A0804F11700184433
:10F9800020F0070080083B60FFF766FE68F3532510
:10F99000044690B13B6800F11001C7E9083607F151
:10F9A0001403F961CDE900A3CDF808B048460F4A29
:10F9B000F96807F11C03FFF7E9F968F353252A46B4
:10F9C00020467B68B9680EF03BFBD0E704F11700D6
:10F9D00020F007008008FFF73FFE0446EDE700BF78
:10F9E0004645020004000001542A020013E0010011
:10F9F0002DE9F04F87B00446DDE9105ADDE91279B0
:10FA0000934698460391BFB13B46524610210020D1
:10FA1000CDF80090CDF81490FEF7E6FFB0F5006F3A
:10FA200006460AD340F2FF730221174A174807B06F
:10FA3000BDE8F04F0EF05DBB3E4605F117003044C7
:10FA400020F007008008FFF707FE04F007040BF022
:10FA5000070BE40044EA8B1444EA462444EA0554C4
:10FA6000054640B13FB13B4652463146CDF8009085
:10FA70001030FEF7B9FF434622462846039907B0E7
:10FA8000BDE8F04F0EF0DCBA85450200542A0200B2
:10FA9000406820B1034BC01A40F3CF0070474FF0CD
:10FAA000FF307047A42902000EB403B503AB53F82E
:10FAB000042B01460448019301F0F6F802B05DF80A
:10FAC00004EB03B0704700BF55E10100CA0605D43E
:10FAD0008B064CBF02490349FFF7E6BF704700BFE2
:10FAE000BE450200BD4502002DE9F04F89B09B469E
:10FAF000149B9DF84CA00693159B04460593169BFA
:10FB00000D469046179E0493BAF1000F00F09D80B9
:10FB100006F4807307930EF071FA06F002090246AC
:10FB200000283ED020469149FFF7BEFF0746B9F1B5
:10FB3000000F08D016F0440F35D12A4620468C49D4
:10FB4000FFF7B2FF074406F0010353B1894B20468B
:10FB500053F82A20884B8949002A08BF1A46FFF724
:10FB6000A3FF06F48073002B49D006F00803002B96
:10FB700063D1B8F1000F66D0424620468049FFF7B6
:10FB800093FF0546069B3D44002B6DD1049B002B43
:10FB900073D1F30700F1E48031462046FFF796FF6A
:10FBA000D8E00746C3E7774B18680028CAD0764BE1
:10FBB0004FF47A791B684FF03C0CB5FBF3F5B5FBBD
:10FBC000F0F14FF4616300FB115509FB05F5B1FB42
:10FBD000F3F2B5FBF0FE03FB121100FB1E55B1FB67
:10FBE000FCF309FB05F5B5FBF0F50CFB1311204602
:10FBF0000091CDE901E56549FFF756FFA2E706F060
:10FC00000803EBB1624B204653F82A206149FFF705
:10FC10004BFF0546B8F1000F05D042462046584933
:10FC2000FFF742FF0544BBF1000FABD05A46204618
:10FC30005949FFF739FF0544A4E74FF0000BE1E70E
:10FC400006F00805E6E745469CE7BBF1010F069B79
:10FC500006D1002B64D1049B002B7BD000250CE047
:10FC6000002BF8D04D485CE04D48069B22464D499C
:10FC70000DF0CFFD049B002B68D0DFF82C81DFF85E
:10FC80002C91049F3146102F204628BF10274FF09B
:10FC9000000BFFF71BFF5D4545DC059B49462046F1
:10FCA0001A78FFF701FF4FF0010B1BF0070F03D18C
:10FCB00041462046FFF7F8FE5F453BD9059B494684
:10FCC000204613F80B20FFF7EFFE0BF1010BBBF101
:10FCD000100FEAD14FF0000B20463549FFF7E4FE44
:10FCE0005A46059B20469A5CA2F120015F2928BF55
:10FCF0002E223049FFF7D8FE0BF1010BBBF1100F9C
:10FD00001DD01BF0070F03D141462046FFF7CCFE64
:10FD10005F455A46E5D841462046FFF7C5FEEBE76A
:10FD20001F485546A1E741462046FFF7BDFE0BF1AF
:10FD3000010BB0E720462049FFF7B6FEC5E7059B5B
:10FD40003B440593049BDB1B04939AD1BAF1000F4B
:10FD50007FF41FAF204609B0BDE8F04F0EF0EDB9BB
:10FD60002046054A0549FFF79FFE15E7C5450200F5
:10FD7000C94502004C2F0200C04502003D50020060
:10FD8000EE450200106900200C690020D2450200F7
:10FD9000602F0200F2450200F845020083E10100F5
:10FDA00055E10100A90C010005460200FD450200D5
:10FDB00007460200094602000346020042F20F73A2
:10FDC00073B58B4228BF0B4605680446052168467B
:10FDD0000D4A0DF03DF80646636828460B225B6825
:10FDE0000A490EF09CF963683246694628465B680A
:10FDF0000EF095F963681B2228465B6804490EF0F3
:10FE00008EF902B070BD00BF2561020028460200D5
:10FE10000C46020000210123064A904206D8064AF9
:10FE200001B901231360054B186070470121400898
:10FE30005B00F2E740420F000C69002010690020CF
:10FE40000122014B1A70704753730020014B0020B0
:10FE500019607047286900200148FFF7AFBF00BF55
:10FE6000902F020010B5064B0C461868FFF754FBA4
:10FE70002146BDE8104003460F220248184700BF44
:10FE800028690020902F02000122F8B5084B094D87
:10FE9000094E1A70D5E900470CB92C60F8BD21460F
:10FEA00030463A4600F01EF8241A0644F4E700BF34
:10FEB000547300201C6900205573002010B9074BB3
:10FEC00018707047064B1B781BB141F2883010F058
:10FED00057BB9D2000210AF005B900BF53730020D5
:10FEE000547300202DE9F04780460E460424DFF8C5
:10FEF00074901D4F99F80050A5B910F034FB3246AC
:10FF000082464146284608F0D1FF0546504610F08B
:10FF100032FBE5B101233B7099F8003073B93046EC
:10FF2000BDE8F08732464146002008F0BFFF054695
:10FF3000EFE72046651EFFF7C1FF2C46002009F0C1
:10FF40003FF80028EBD03B78002BF2D1E7E73B7875
:10FF5000002BE4D0013C2046FFF7B0FF3B78002B9C
:10FF6000C8D1DCE75473002053730020014B0360B9
:10FF700000207047A02F02001FB507240294044CF4
:10FF80000194BDF8184000940FF085FC04B010BD3A
:10FF90002329002008B504480DF095FCBDE8084071
:10FFA00002480DF090BC00BF77460200AC4602004C
:10FFB00008B50348034A0021121A0EF03FF908BDA4
:10FFC000382C0020A07E0020074808B5074A0849C1
:10FFD000121A0EF035F9BDE808400648064A0749EE
:10FFE000121A0EF02DB900BF00210020342C002081
:10FFF000DC620200F820002000210020D462020010
:020000040001F9
:100000002DE9F04706460C4600AF002936D0D1E96D
:100010000012E9468AB06D46A3684FF0050AA8466B
:100020001F48C5E90723C5E9050148F810AF0023BB
:1000300042464FF421511B48FFF756FCD4E9031206
:10004000CD466369AD461848C5E90723C5E90501F2
:10005000C5F810A0002342464FF421511148FFF784
:1000600043FCCD46E3690121104A0E480EF041F8E9
:10007000A36901210E4A0B480EF03BF8012E07D16F
:10008000EFF305830B4A31460648103B0EF031F87A
:100090002146304608F0F2FFBD46BDE8F08700BFBC
:1000A000DA4602008C2A02000947020038470200A3
:1000B000474702007547020030BFFFF7FDBF00BF92
:1000C0002DE9F04105460B4EDFF82C80324606EB59
:1000D0000807CC1B2046094911F05DFEA0194246D5
:1000E0000021083C11F064FEC5F8844007F10800C7
:1000F000BDE8F0810000000004000000CC2A0200EE
:10010000054B5A699B689A421FBF044A536843F0E3
:1001100080535360704700BF186C002000ED00E072
:1001200070B52A4C06460D4629482A490EF095F826
:10013000A36ADB0647D5264827490EF08EF8112022
:10014000A36A1C0704D5224824490EF086F8122021
:100150001E4CA36A990712D521491D480EF07DF85F
:10016000636BA26A120609D501211E4A18480DF0D8
:10017000C0FF1EB1A36A23F08003A3621320134CB7
:10018000A36ADE0704D5124817490EF066F814205A
:10019000A36A9C0604D50E4814490EF05EF815209B
:1001A0000A4B9A6AD10658BF9A6A9A6A920642BF67
:1001B0005A6A22F400525A629A6A42F0FF029A6224
:1001C00000232B7070BD1020BAE700BF00ED00E0E7
:1001D0008C2A0200884702009E470200D147020095
:1001E000E4470200FC4702001248020031480200C6
:1001F00010B5244C244925480EF02FF8A36A990124
:100200003ED5224822490EF028F81E20A36ADA01C2
:1002100004D51E481F490EF020F81F20194CA36A70
:10022000DB0204D519481C490EF017F80220A36A16
:100230001C0304D5154819490EF00FF82120114C64
:10024000A36A590304D5114815490EF006F8222077
:10025000A36A9A0304D50D4812490DF0FEFF23202E
:10026000084CA36ADB0304D508480F490DF0F5FFDD
:100270002420A36A6FEA03436FEA1343A36210BD0D
:100280001D20C3E700ED00E0604802008C2A020058
:10029000784802008B480200A5480200CF480200BF
:1002A000ED480200124902002C49020070B5294CA9
:1002B00006460D46284829490DF0CFFFA36AD90408
:1002C0003CD5254826490DF0C8FF1720A36A1A051A
:1002D00004D5214823490DF0C0FF18201D4CA36A06
:1002E0009B0512D51C4820490DF0B7FFA36BA26AED
:1002F000100409D501211D4A17480DF0FAFE1EB160
:10030000A36A23F40043A3621920124CA36A59057F
:1003100004D5114816490DF0A0FF1A20A36ADA058A
:100320000ED50D4813490DF098FF1B20094A936A1A
:1003300043F47F43936200232B7070BD1620C5E702
:10034000A36A9B04F2D504480B490DF086FF1C20DC
:10035000ECE700BF00ED00E08C2A020057490200E4
:100360006D490200D14702007E4902009749020010
:10037000AC490200C7490200314802002DE9F041B2
:100380008AB0654B0446D3F80480002600AFC8F35A
:10039000080586F31188BFF36F8F02F07F43B3F136
:1003A0007F4F07D102F00C03082B12D15B495C4848
:1003B0000DF053FF002634460023FB71EB1E092B82
:1003C00000F28980DFE803F00A7F827B87878787D6
:1003D000878510074CBF0C460126EDE75149504870
:1003E0000DF03BFF00234C4DFB71EB6A9A0705D5DE
:1003F0004D494B480DF031FF002331E0EB6A002BF3
:1004000001DA4A49F5E7EB6A5B00F5D5484944480B
:100410000DF023FF6B69A26943F480736B61BFF336
:100420004F8FBFF36F8F6B6932F8022C23F4807308
:100430006B61BFF34F8FBFF36F8F4DF602739A421C
:1004400007D0AB6ADBB26BB30120F91DFFF768FE82
:1004500037E023680121374A31480DF04AFE23680E
:10046000FA79DAB907F1080504F1200C2A46206868
:100470006168083403C264451546F7D17A6A002ED4
:1004800045D0C2F3080121B96FEA52226FEA422235
:100490007A62184607F10801FFF7B2FD2837BD461A
:1004A000BDE8F081AB6A13F47F4F04D00120F91D41
:1004B000FFF7FCFE05E0AB6AB3F5803F9CD3FFF786
:1004C00097FE0346CCE70020F91DBFE70020F91D89
:1004D000EEE719498DE7194A18F4F87FE8468AB023
:1004E000174B18BF13466A461649103DC2E905135B
:1004F0004FF400731384144BD56142F8103F00236E
:100500004FF411510648FFF7EFF9C54674E722F49E
:10051000FF7222F00102BBE700ED00E00D4A02008D
:100520008C2A0200F9400200384A0200594A0200AF
:1005300010410200674A0200834A0200F4490200A7
:10054000DF490200A74A020004000001064B5A6975
:1005500042F010025A615A6942F480625A615A6943
:1005600022F008025A61704700ED00E0EFF30880C6
:10057000EFF3098101B57246FFF700FF01BD00BF2F
:10058000002080F31488BFF36F8F002080F30A8867
:1005900080F30B880F4880F3088807F0ABFF00203A
:1005A0000D490860BFF34F8F00F02CF8402080F316
:1005B00011880A484FF40061401880F30988EFF36E
:1005C00014800221084380F31488BFF36F8F00F07A
:1005D000E5F80000C8AF002094ED00E08896002008
:1005E000002318460649D1F89020C2F3072293420F
:1005F00000DB7047C1F89830C1F8A0000133F6E77E
:1006000000ED00E010B572B6002484F31388FFF704
:10061000E7FF23464FF0FF300C4A03F1200101337E
:10062000102B42F82100F8D100234FF0FF30074A89
:1006300003F160010133102B42F82100F8D162B6BA
:10064000BFF34F8FBFF36F8F10BD00BF00E100E01D
:10065000084B9B6883420BD1EFF3058343B1064BF4
:100660005A6842F080525A605A6A22F400425A6232
:1006700009F090BD186C002000ED00E016498A6872
:100680004FF030001044EFF3098C80E8F01F402059
:1006900080F31288BFF36F8F104F4FF000664A69E6
:1006A0008A603E60D2F884000D4C2060D2F8880049
:1006B0000023C2F8883080F3118802F1300090E8FE
:1006C000F01F8CF3098802F1000004B50DF0CDFD98
:1006D000BDE8044070470000186C002004ED00E005
:1006E0002C6900201EF0040F0CBFEFF30880EFF31D
:1006F0000980816911F8021C0229FFD001B57246F8
:100700000DF0A0FD01BD00BF00B2002807DB0123F2
:100710004109034A00F01F00834042F8213070472E
:1007200000E100E000B200280CDB01220649430989
:1007300000F01F008240203341F82320BFF34F8F89
:10074000BFF36F8F704700BF00E100E0D30748BFE1
:10075000002100B258BF02310028ACBF00F1604058
:10076000064A4FEA4113DBB2ABBF00F5614000F02F
:100770000F0080F800331354704700BF14ED00E001
:10078000044B054A23F07F039360BFF34F8FBFF301
:100790006F8F70470000000000ED00E008B5FFF724
:1007A000EFFF074AD2F8883023F47003C2F888308C
:1007B000FFF7FEFBFFF708FC00F046F808F07EFDAF
:1007C00000ED00E042F8203C009B0B4942F81C3C45
:1007D000019B21F0010142F8183C029B42F8081CE1
:1007E00042F8143C4FF0807342F8043C0023203A56
:1007F0000265C0F88830704765F1000000B50D4B08
:1008000015469860D0F884200B4B0E461A60436F53
:1008100083F30B882C4686F309880020034B984706
:100820002046002100220023014C204779E20100EC
:1008300065F10000186C00202C6900201022014B8B
:100840001A61704700ED00E00023402040F20F12D3
:1008500010B5044CE1180133934281F80003F9D13B
:1008600010BD00BF00E100E008B5EFF30583064AC4
:10087000103B02EBC30152F8330049688847BDE8DA
:100880000840FFF73DBC00BF882002001FB5094C9F
:10089000094A23460121094800F012F90023039375
:1008A000074B0121E41A01A80193029400F012F908
:1008B00004B010BD00F00220000000202C30020027
:1008C000382C002010B50C7A0B6804F01F0223F0BE
:1008D0001F031A43CB68640923F01F03054943EA49
:1008E000440343F00103C1F89800C1F89C20C1F80B
:1008F000A03010BD00ED00E010B50A4BD3F89030E9
:10090000C3F30723013B984208D901210346064A55
:1009100006480DF0EEFB6FF0150010BDFFF7D2FF9B
:10092000FBE700BF00ED00E0BE4A02006C2A0200B7
:100930002DE9F04F8946144606464FF00008514D08
:1009400085B0C84527DAD6F804A0BAF1000F44D024
:10095000BAF11F0F17D91AF01F0F14D1D6F800B033
:100960001BF01F0F0FD158460DF0A9FC07460AEBEC
:100970000B0001380DF0A3FC874210D06FF0150773
:10098000414A3B4601E04346404A012140480DF0C0
:10099000B0FB6FF01504204605B0BDE8F08F17F1ED
:1009A000160FEDD0BC42EBDDC5F89870D5F89C1061
:1009B000C5F89870D5F8A03021F01F0143F01F0B47
:1009C000D6E900321A44994202F1FF3A1DD1D345CB
:1009D00007D13146F8B20DF07BFC08F101080C3666
:1009E000AFE73146C5F89870D5F89C3022F01F0269
:1009F00003F01F031343C5F89C30E0B20DF068FC10
:100A000010F1160FC5D0441CE7E7C5F89870D5F86B
:100A1000A020013B23F01F0302F01F021343D34524
:100A20003146E0B2C5F8A030E8D00DF051FC10F12D
:100A3000160FAED0C5F89870D5F89C209DF80830F8
:100A40000BF1FF3B62F304038DF80830D5F8A030BA
:100A50009DF808205B0863F347128DF80820D6E95B
:100A600000321344009323F01F035B44A3EB0A03FB
:100A7000013023F01F036946C0B20393FFF73CFF28
:100A8000BEE700BF00ED00E0074B0200E44A0200B1
:100A90006C2A02000522044BC3F89420BFF34F8F49
:100AA000BFF36F8F704700BF00ED00E0BFF35F8FB3
:100AB0000022024BC3F89420704700BF00ED00E015
:100AC00010B5034C2278FFF733FF207010BD00BF34
:100AD000657300202DE9F74F294D8A4606464FF0F1
:100AE0000008AB46274FD0451BDAD6F80490B9F181
:100AF000000F3FD03168084601910DF0E0FB0199ED
:100B0000044609EB010001380DF0D9FB84424FF097
:100B100014021D4B08D002FB08F36FF015024BF8CE
:100B2000032003B0BDE8F08F14F1160F2C60F8D04D
:100B30001978A142F5DD02FB08B0C7F89840C7F864
:100B40009840D7F89C4000F10801007B64F3040052
:100B50000871D7F8A0000C79400860F347140C71B5
:100B6000D7F89C1021F01F016960D7F8A01021F080
:100B70001F01296108F1010814350C36B3E700BFE5
:100B80003069002000ED00E065730020F0B54149B8
:100B9000414CD1F890302568C3F307239D4287B0BC
:100BA00075D80020FFF782FF3C4BC1F8C03085426A
:100BB00016D13B4C01A82570FFF7D8F90025064651
:100BC000384FAE4213D1002023783249D1F890201B
:100BD000C2F30722934254DBFFF75CFF00202FE0B3
:100BE000616801EB0011FFF76DFE0130DFE701994D
:100BF000280101EB0513DA683A40B2F5001F21D055
:100C0000B2F5800F2BD0B2F5801F38D15A689B689F
:100C10000958013B22F01F0003440120844623F0C1
:100C20001F0340EA4C10CDE902218DF8100002A903
:100C300020780593FFF760FE00281DDA6FF015009D
:100C400007B0F0BD5A689B680958013B22F01F00AD
:100C500003444FF0020C012023F01F03E1E75A6820
:100C60009B680958013B22F01F0003444FF0000C21
:100C7000062023F01F03D4E72378013323700135C6
:100C80009FE7C1F89830C1F8A00001339EE74FF00C
:100C9000FF30D5E700ED00E038300200AAFF440045
:100CA000657300200000F0FFF0B587B007460E46E0
:100CB00014460021102268461D4611F079F80223DF
:100CC0008DF80230054B2A4621466846CDE9047668
:100CD00001930CF0E9F807B0F0BD00BF03E3010099
:100CE00008B502480CF094F8FEE700BF394B02004B
:100CF00008B5024B1B689847002008BD44690020D6
:100D0000034B044A1860937843F0020393707047D2
:100D100044690020B826002008B50649064821F09D
:100D20000701C1F1005202F53C320CF01AFD00201F
:100D300008BD00BFDAC200204869002070B54169D3
:100D40000446867A0A4D59B1437ADB0706D42C2330
:100D500003FB06535B6A1B689B689847002363612B
:100D60002C20214606FB0050BDE870400FF068BD06
:100D7000D42A00202C22024B02FB0030704700BF17
:100D8000D42A00202C21827A054B01FB02339A6A77
:100D90001B7F801A1B3323F00303B0FBF3F0704773
:100DA000D42A002038B52C24827A064B04FB023367
:100DB0005B6AD3E901240C601568FFF7E3FF04FBCD
:100DC000005038BDD42A00202DE9F04385B00546F7
:100DD000684690461C4603910FF0B3FFDDE90067BB
:100DE000EFF31189402383F31288BFF36F8F6B8B6E
:100DF000002B41D02A8B9A4225D900220023284675
:100E000008F0E0FB0446F0B189F31188BFF36F8F5F
:100E1000039B002B41D032463B4668460FF0B6FF9D
:100E20002C21A27A254B204601FB02335B6A03A9E1
:100E30001B681D68DDE90023A847606170BB204680
:100E4000FFF77CFF24E0698B4B1E6B8389F31188CD
:100E5000BFF36F8F2B7F2A8BAC6A1B3323F0030306
:100E6000521A02FB0344154B154AEB1A9B105343CD
:100E7000A3722B7FE372CBE789F31188BFF36F8FE7
:100E800023464246284608F09DFB04460028BFD171
:100E90000024204605B0BDE8F083636101230025EE
:100EA0002381039B29466382E27A656004F118007E
:100EB00010F07EFF63692582E360EAE7D42A002010
:100EC000A38B2EBA70B52C250C4C00B970BD037ADB
:100ED0004668002BFAD0013BDBB20372002BF5D140
:100EE000C3604360837A05FB03431B6A13B19847D1
:100EF0003046EAE7FFF722FFFAE700BFD42A0020D6
:100F000008B5234A234B1A6005F0BAFD4FF47A6105
:100F10002148D0F82436C3F30802C3F309434B43F6
:100F200082F480721D49883201FB02334FF4FA21AA
:100F30005B00B3FBF1F201FB12331949B3F57A3FC1
:100F400028BF0132C1F80429D0F820364FF47A6066
:100F5000C3F30802C3F30943434342F21C5082F433
:100F6000807202F2172200FB02334FF47A701B0AE0
:100F7000B3FBF0F200FB1233B3F5FA7F4FF001033D
:100F800028BF0132C1F81C27C1F80036002008BD77
:100F90000020A1079028002000C0FF00F82A008050
:100FA0000000125048B1054B054A1B68B3FBF2F331
:100FB0005843044B43F00103184770479028002022
:100FC00040420F00402E02000E4B402928BF402116
:100FD00070B51D460C4C4618B04203F1020304D113
:100FE000002305F81130074870BD02781209A25C91
:100FF00003F8022C10F8012B02F00F02A25C03F898
:10100000012CE9E784730020734B020030B50378AC
:101010008BB0044607AD032B21D8DFE803F0021A9A
:101020001C1E12492846FCF714FC059563781E2106
:101030000493A3780E4A0393E3780E48029323792E
:10104000019363790093A3790BF002FF09480BB079
:1010500030BD0949E6E70949E4E70949E2E70A2121
:101060002846084A0BF0F4FEDFE700BF58360200BE
:101070007A360200667300205F3602006636020090
:1010800070360200354202000122014B1A7070478F
:10109000067C002042F210710148FEF743BA00BFFF
:1010A000B9E4010013B500244FF48063044A0549F4
:1010B0000094012007F08EFF204602B010BD00BF53
:1010C00005740020844B020070B51D460023037197
:1010D0000823837105230446124E43714280C0F8F1
:1010E0000710324601210DF0EFF902212046321D92
:1010F0000DF0EAF90421204606F108020DF0E4F9AA
:101100000321204606F10C020DF0DEF907212046EE
:1011100006F110020DF0D8F9637904352B442380D1
:1011200070BD00BF6C690020023803280CD8DFE8CE
:1011300000F00205070905480DF0DCB90448FBE79B
:101140000448F9E70448F7E70448F5E76C6900202C
:101150007069002074690020786900207C69002093
:1011600070B5154E0A463368144D5C18B4F5806F9F
:101170000AD92B88346002339C4204D36888FFF775
:10118000D3FF0023336070BD0146E81810F003FE62
:101190002B88346002339C42F5D3094B22461B78DE
:1011A0002946012023B107F0C5FE0028E6D0E8E774
:1011B00007F0ECFEF9E700BF546900200578002035
:1011C000067C002030B52A4BABB009AA5A60002338
:1011D000102228480D4609930CF0E1FF264CD4E874
:1011E000EF3F43F00102C4E8E12F0029F7D1DB070C
:1011F00004D522480DF07EF92BB030BD099B0D229D
:101200000633A9689BB203A8FFF75EFF2B8803256E
:10121000C3F38213042B8CBF0723194A9DF81110C6
:1012200098BFD35C063103A88DF808308DF80950BB
:10123000FFF796FF022102A8FFF792FF2946114807
:10124000FFF78EFF09990AA8FFF78AFF0023012103
:101250000DF107008DF80730FFF782FFD4E8EF3F6C
:1012600023F00103C4E8E23F002AC5D0F6E700BF3F
:10127000606900208C300200806900207C690020B9
:101280008E4B0200934B0200F0B507460E46154602
:10129000164C87B0D4E8EF3F43F00102C4E8E12FD9
:1012A0000029F7D1DB0704D507B0BDE8F040FFF710
:1012B0003BBF0DF001F93A460146ABB26846FFF775
:1012C00003FF9DF8051068460631FFF749FF2946E0
:1012D0003046FFF745FFD4E8EF3F23F00103C4E8B1
:1012E000E23F002AF7D107B0F0BD00BF80690020BF
:1012F00030B500240A4D0B4B87B028460393CDE947
:1013000004440FF075FB03AB2846009340F6380207
:101310000A23054908F060FB204607B030BD00BF36
:10132000D85B0020A14B0200A081002001460148AB
:1013300008F092BBD85B0020037830B5012B13D0A6
:10134000022B27D07BB90A46184B03F1100453F83F
:10135000045BA34242F8045BF9D11B781370438805
:101360004B731B0A8B7330BD0A46104B03F11004FC
:1013700053F8045BA34242F8045BF9D11B78137065
:101380004368C3F307224B731B0CCB731B0A8A738E
:101390000B74E8E700F1100350F8042B984241F871
:1013A000042BF9D103780B70DDE700BFAA4B0200D4
:1013B00010B50DF02CF90FF070FB0B4C18B1D4E800
:1013C000AF3F63B910BD08F0BDFDD4E8AF3F1BB916
:1013D000BDE8104008F0CABD0A209847F8E70A2087
:1013E000BDE81040184700BF8469002038B50446A6
:1013F00008480CF097FF054648B1631EDBB21F2B6F
:1014000096BF054A0021D15C0C300CF0FAFF28464B
:1014100038BD00BFB02B0020BB4B0200034BD3E80C
:10142000EF2FC3E8E10F0029F9D17047846900204C
:101430000F2810B50CD80D280CD90A480CF072FFF3
:10144000044618B104210C300CF0DBFF204610BD1F
:101450001328F2D009B10448F0E70220BDE810409B
:10146000FFF7C4BF082C00202C2B0020C3680221EA
:101470001B78024A02480DF03AB900BFEA4B02005D
:10148000EC29020070B5C6683378B6F8014083B91C
:101490000F21204602F07CFBF378054650B90A4A3A
:1014A000118831B96FEA04506FEA10501080074A72
:1014B000137070BD4372012102F080FA2846BDE826
:1014C000704002F039BA00BF38730020077C00205A
:1014D00070B5C3681D78BDB9B3F801600F213046FF
:1014E00002F056FB044638B93346BDE8704001218E
:1014F000064A07480DF0FBB8294602F05FFA20467D
:10150000BDE8704002F018BA70BD00BF124C020076
:10151000EC29020010B5C3680121B3F80140204650
:1015200002F036FB38B92346BDE810400121044AD9
:1015300004480DF0DCB8BDE8104002F0FDB900BF72
:10154000384C0200EC290200012110B50C300CF0DF
:1015500079FFBDE8104003780121024A02480DF0EE
:10156000C6B800BF5C4C0200EC290200014610B571
:1015700008480CF0DBFE084908480FF00EFA031E7D
:1015800006DABDE810400121054A06480DF0AFB863
:1015900010BD00BF84250020C8270020885C0020E3
:1015A0007E4C0200EC29020010B5084C01460622D0
:1015B00094F86F0002F0EEFD38B994F86F00052240
:1015C000BDE81040024902F0E5BD10BD38240020FE
:1015D000594B02000121024A02480DF086B800BFB3
:1015E0009B4C0200EC2902000B46B0B50D8A00AFFF
:1015F00004462946D868FFF7E7FC8AB06A46094BDB
:10160000C2E90750C2E9053440F202439384064B15
:101610004FF43251054842F8103F0DF075F8BD46C1
:10162000B0BD00BFB54C020005000001EC2902006E
:1016300070B5C5680121B5F80160304602F0A8FA1E
:10164000044638B93346BDE8704001210B4A0C48C6
:101650000DF04DB82B783BB9D5F80330C0F8993070
:10166000D5F80730C0F89D30201D4FF480310DF0C3
:1016700040F82046BDE8704002F05EB9384C0200E8
:10168000EC290200B0B53C28044600AF1AD101F0A5
:1016900019FE6FF4807110300DF039F80020FFF75B
:1016A00083FF054630B90121114A12480DF01DF89B
:1016B000BD46B0BD4472002102F080F9284602F018
:1016C0003BF9F5E76D468AB06A460B4B4FF4125171
:1016D000C2E90530094B0748D36140F20133138456
:1016E000074B42F8103F0DF00FF8AD46E0E700BFA2
:1016F000D74C0200EC290200F84C0200BF45020062
:10170000040000012DE9F74F002380468946174663
:10171000DFF804A1DAE8EF4FCAE8E23F002AF9D186
:10172000264644B9434601213C4A3D4803B0BDE842
:10173000F04F0CF0DCBF2046FFF724FB4FF00C0B02
:10174000384D0BFB0050438843451BD02046FFF724
:1017500019FB0BFB0050438801210093324A43469A
:101760002F480CF0D0FCDAE8EF3FCAE8E26F002A1D
:10177000F9D1002B4DD01E46304603B0BDE8F04FE6
:10178000FFF7A0BBA74208D020460CF0C6FD3A8A5E
:10179000F96804F10C000CF02BFE2046FFF7F2FA7A
:1017A0000C2707FB00504368ABB1B9F1000F12D111
:1017B0002046FFF7E7FA012107FB00504268D2E913
:1017C0000003127A03F01F07B9405B09DAB100EB9E
:1017D00083000CF08EFF2046FFF7D4FA0C2707FB9E
:1017E00000508368002BC7D02046FFF7CBFA784320
:1017F00005F800902046FFF7C5FA07FB0055A868DA
:1018000007F012FFB8E7C94300EB83000CF07FFF3D
:10181000E1E703B0BDE8F08F80250020144D020001
:10182000EC290200886900203C4D020037B50446CF
:10183000084602EBC3039A4202D16FF05E0010E04B
:10184000114611F8085BA54211D1038A51789942DB
:1018500009D908480121084A00940CF054FC6FF0A3
:10186000150003B030BD536898470020F9E70A46D9
:10187000E1E700BFEC2902006F4D02002DE9F843BB
:101880000C4608F05FFBE1680D786B1E042B1ED838
:10189000DFE803F01F191D031B000320228A01311A
:1018A000013AFFF7F1FC022D7BD0042D13D02B461B
:1018B0000121414A41480CF01AFF2046FFF702FB84
:1018C0006FF0150413E00520E8E71320E6E7FF209A
:1018D000E4E70220E2E7238A022B0DD8384A374892
:1018E00001210CF004FF2046FFF7ECFA002408F079
:1018F0003DFB2046BDE8F883E26850783E280AD1D7
:10190000032B01D12F4AEAE7D378012B01D00A2B10
:1019100047D1032604E00CF0D6FE0646F0073ED57C
:1019200004F10C0528460CF0A5FD012107462846C8
:10193000B4F810900CF07EFD022128460CF082FDD8
:10194000804600783E2816D1E3681B78012B2CD006
:101950000A2B2AD0022541F245131B4A1B491C4879
:101960000BF0BEFF002383F31188BFF36F8F0323B7
:10197000184602DF04E00CF0A6FEC1070546EAD5D2
:10198000144A0623214698F800000CF0C8FEAA0766
:101990000DD56369A4F8109013FA87F7E760B307D1
:1019A000A4D52046FFF7E2FDA0E70325E8E720469F
:1019B000FFF788FAF3E700BF374E0200EC29020078
:1019C000914D0200AD4D0200CD4D0200014E0200CE
:1019D0001A4E02001031020010B5012104460C30ED
:1019E0000CF030FD2146BDE810400223014A00788A
:1019F0000CF095BE4031020073B53E480CF0ABFCD4
:101A00000446002873D000F10C0528460CF022FD96
:101A10000228034603D0042847D0374A03E0238A2C
:101A2000032B05D8354A012135480CF060FE13E040
:101A3000042128460CF006FDFF2342880688237601
:101A4000238AC6F30B009A42608309D001210092D9
:101A50002B482C4A0CF057FB2046FFF733FA12E0D4
:101A60000F2102F095F8054610B9638B264ADAE794
:101A700002F0B4F821462076320B284601F0E2FE4F
:101A8000284601F059FF214BD3F84C317BB3204954
:101A900020480EF082FF031E29DA01211E4A184851
:101AA00002B0BDE870400CF022BE284602210CF0C6
:101AB000C9FC054600783E2812D00CF004FE10F058
:101AC00002060DD140F6A843144A154915480BF0FB
:101AD00007FF86F31188BFF36F8F0323184602DFD9
:101AE00004232146104A28780CF019FEB4E702B00E
:101AF00070BD00BF84250020E04E02004B4E020066
:101B0000EC2902006C4E0200904E020038240020A6
:101B1000C8270020885C00207E4C0200CD4D0200CA
:101B2000B24E02001A4E02005031020010B50121DF
:101B300004460C300CF086FC2146BDE8104006231C
:101B4000014A00780CF0EBBD70310200F8B50121BC
:101B5000044600AF0C300CF075FC067800232146DB
:101B60003046104AFFF762FE5F3018D1258AE068E0
:101B70002946FFF729FA6C468AB06A460A4BC2E941
:101B80000750C2E9053640F202439384074B4FF4F5
:101B90003251074842F8103F0CF0B6FDA546BD464D
:101BA000F8BD00BFA0310200F44E020005000001A4
:101BB000EC2902002DE9F04F83B00123D0F80C800E
:101BC000018A98F8004000AF03EB84038B425ED992
:101BD0006D468AB06A46C2E9073105232E484FF4A4
:101BE0002151C2E905042D4842F8103F0CF08CFD4C
:101BF000AD460C37BD46BDE8F08F4B460121284A63
:101C000026480CF074FD013598F800309D42F0DA5A
:101C100008EB8503B3F801900F214846B3F8036041
:101C200001F0B6FF04460028E7D000F1C00936B144
:101C3000636943B95A46012118480CF056FD204605
:101C400001F07AFEDFE7A1691A688B4220466261E3
:101C500008BFA2617B6001F097FD07F0E5FC7B689F
:101C6000C3F800A0226A7AB9C4E90733D9E8EF3F84
:101C7000013BC9E8E23F002AF8D100212046013E9D
:101C800001F08EFDB6B2D2E713602362EEE70025C5
:101C9000DFF810B0AA46B7E7264F0200EC29020091
:101CA000514F02006D4F020073B5C5680121B5F8B0
:101CB0000160304601F06CFF044640B93346012113
:101CC0003B4A3C4802B0BDE870400CF010BD2B7898
:101CD000061D1A2B19D1C378012B50D14FF4804126
:101CE00030460CF006FD42040FD4D4F88C3069461F
:101CF0000093D4F894302046019302F023FD20464F
:101D000002B0BDE8704001F017BE2B78BBBB40F2BB
:101D1000E242B5F8033028495343C4F88830B5F897
:101D20000520A4F89020B5F80720A4F89220A3F588
:101D3000EA520C3A8A4204D90221204A1D480CF08A
:101D4000D6FCB4F89030B3F5FA7F04D302211C4AD4
:101D500018480CF0CCFC40F67641B4F89230A3F170
:101D60000A0292B28A4204D90221164A11480CF0A2
:101D7000BEFC6FF4805130460CF0C9FC13E0D6E88D
:101D8000AF3FDB04F5D52B78202BF2D194F89830B7
:101D9000002BEED0013B84F898300B4A002304F16D
:101DA000400007F083FE204602F0F0F8A7E700BFEE
:101DB000384C0200EC29020095F03C00844F0200F0
:101DC000AB4F0200D24F02005A620200054BD3E82B
:101DD000AF2F02F00B02D3E8EF1FC3E8E02F00287B
:101DE000F9D170470C25002010B5C1E900239DF8FA
:101DF00008300C460B72FEF7C5FF0C22024B02FBAB
:101E000000335C6010BD00BF88690020F8B5024651
:101E10000B4610480CF086FA0446C0B104210C3081
:101E20000CF0D5FA2046FEF7ADFF0C2700260A4D30
:101E300007FB005046802046FEF7A4FF07FB00503A
:101E400086602046FEF79EFF07FB00556E60204629
:101E5000F8BD00BF842B00208869002010B504461F
:101E600092B04422064901A80FF095FF102C9DBFA7
:101E700012AB03EB840454F8440C024812B010BDBA
:101E8000F82A0200FE4F020010B5C16804460B7824
:101E9000013B042B17D8DFE803F0031216181400D7
:101EA0000220228A0131013AFFF7EEF9084B214660
:101EB000BDE81040D3F86C0183689B681847042084
:101EC000EFE71220EDE7FF20EBE70320E9E700BF93
:101ED000382400202DE9F84F042100AF45480CF0CC
:101EE00008FC6D4688B06A46434B4FF4E651536197
:101EF000424B434893614FF400739383414B424CF0
:101F000042F8103F0CF000FCAD46E2793F4B404EEA
:101F10002046012A88BF1E46FFF778F88AB06A4635
:101F20003C4BD061C2E905363B4B4FF42351136261
:101F30003A4B334842F8103F0CF0E6FBA346AD465F
:101F40000125374EDFF8DC80DFF8B490E3790BF140
:101F5000070B9D4238DB94F870506E462846FFF719
:101F60007DFF8CB06A46B4F87210B4F87630C2E9DE
:101F700007514FF400755362DFF8ACC02B4BC2E938
:101F800005C015854FF4535142F8103F1C480CF022
:101F9000BBFBB54694F871603046FFF75FFF8AB02F
:101FA0006A46B4F874302249C2E90763214BC2E99A
:101FB000051095844FF43351114842F8103F0CF04E
:101FC000A3FBBD46BDE8F88F5846FFF71FF8EA4669
:101FD0008AB06A4640F20133C2E90565D0611384D4
:101FE0004FF41351484642F8108F0CF08DFB013529
:101FF000D546ABE70C2500200A5002001C50020019
:10200000EC290200030000013824002006500200E1
:10201000BF4502002050020000020103040000023C
:102020002F50020004000001405002000600000191
:102030007E5002000500000100487047BC3A0200D3
:10204000014807F0C3BC00BFB827002070B50546A3
:102050000C4659B94FF0FF304FF0FF31FFF7D6FE75
:10206000044618B96FF06805284670BD2046FEF793
:1020700089FE0C22184BA61802FB003330465D8007
:102080000CF0F8F903280BD9032130460CF0C1F904
:102090000580238A0121033B837030460CF0C1F98F
:1020A00040F635439D420FD12046FFF7EDFE054631
:1020B0000028D9D003460121084A09480CF017FB33
:1020C0002046FEF7FFFECFE7214606480EF0ADFBA7
:1020D0000025FFF7B5FFC7E788690020A55002007B
:1020E000EC2902008C25002073B5C368D9789A7852
:1020F0001E8842EA0122ADF8002059791A79B4B25B
:1021000042EA0122ADF80220D9799A79204642EAC2
:102110000122ADF804201A7A5B7A012142EA0323F6
:10212000ADF8063001F034FD054658B901211D48CF
:1021300023461D4A0CF0DBFA022120460CF03EFB40
:1021400002B070BD694601F06DFF38B91E2120460E
:102150000CF034FB284601F0EFFBF1E74FF0FF30C5
:102160004FF0FF31FFF752FE04460028F2D00E2157
:102170000C300CF037F900230680C0F80A30BDF8A7
:10218000003021464380BDF802308380BDF8043022
:10219000C380BDF80630038142F22000FFF756FFEE
:1021A000D8E700BFEC290200384C020038B50246DF
:1021B0000B462B4DD5F8541109B9002038BD05F553
:1021C000987007F06BFA0028F7D10022002305F57C
:1021D000AA7007F0F7F9044668B940F6B843214AF7
:1021E000214922480BF07CFB84F31188BFF36F8FE9
:1021F0000323184602DFD5F848315BB101211C4AA0
:102200001C480CF072FAD5F84801FEF75BFE00237B
:10221000C5F8483120460CF0B4F8C5F8480120460E
:10222000FFF732FE0346C8B10121134A11480CF0F2
:102230005EFA124807F0F8F92046FEF7A3FD0C22DB
:102240000F4B02FB0033588818B122461F21FFF7BD
:1022500059FA2046FEF736FEFFF7F2FE0120ADE701
:1022600038240020CD4D0200DE4B02001A4E020041
:10227000C7500200EC290200A5500200682500208A
:10228000886900202DE9F04F87B0064690460C463D
:1022900000AF71B94FF0FF304FF0FF31FFF7B6FDDF
:1022A000044668B96FF0680528461C37BD46BDE88E
:1022B000F08F887AFEF75EFD514B834240F09980A3
:1022C0000122002138460EF0C9FA2046FEF75AFDD9
:1022D0000C23DFF830B103FB00B0876020460CF020
:1022E00050F801463046FFF7B1FE054618B12046CA
:1022F000FEF7E8FDD8E70FF0EDFD434B1A58434BCE
:102300009A421DD142480EF0A5FA0021824641486A
:10231000FFF74CFF814688B94FF4F9733E4A3F49B5
:102320003F480BF0DDFA31463E480BF0D9FA89F30D
:102330001188BFF36F8F0323184602DF5445E1D1A4
:1023400000233846334A07F0A9F9814698B14FF483
:10235000FC73314A344932480BF0C2FA4A463146DE
:1023600032480BF0BDFA002383F31188BFF36F8F5F
:102370000323184602DF2046FEF704FD0C235843D2
:102380001BF80090B9F1000F2DD06D468AB06A4657
:10239000274BC2F81C90C2E90536264B4FF4325148
:1023A000136240F202439384234B244842F8103FC7
:1023B0000CF0AAF92046AD46A9F10909FEF782FD05
:1023C000B9F1090F0CD8DFE809F0170B0B08050B62
:1023D0000B0B0B146FF00B0566E76FF00C0563E752
:1023E0006FF0040560E7B8F1000F80D0C8F8004036
:1023F0005AE76FF0150557E76FF06E0554E700BF19
:10240000842B002088690020080000004867002015
:102410008C250020B4C40400CD4D0200E25002001F
:102420001A4E0200EA5002000A5102001351020043
:1024300058510200BF45020005000001EC290200CE
:102440000022F0B585B0114640F6034002AFFFF719
:1024500019FF044600285BD1FFF7B8FC214641F282
:1024600003003A1DFFF70EFF0446002850D17A689A
:10247000AF4DD16805F17803D1F80100D1F805100E
:1024800003C31046FEF71EFD214641F201003A1D2E
:10249000FFF7F8FE044600283AD17868C3685A78F6
:1024A00085F870205A88A5F872201A7985F871206D
:1024B000B3F80720A5F87420B3F80530A5F87630F6
:1024C000FEF700FD214641F202003A1DFFF7DAFE59
:1024D0000446E8B9D7F804C005F18006DCF80C2002
:1024E000531C4132344618685968083303C4934278
:1024F0002646F7D16046FEF7E5FC95F87C30580695
:102500000AD401218B4A8C480CF0EFF86FF01204CA
:1025100020460C37BD46F0BD002142F203003A1DB3
:10252000FFF7B0FE04460028F2D17A68834BD168E9
:10253000D1F80100D1F8051003C31046FEF7C2FC24
:10254000214642F202003A1DFFF79CFE0446002895
:10255000DED17E68F468B4F801309AB292B1E278C4
:1025600082B1A5F80431E378032B06D003220221BF
:1025700000927148724A0BF0C6FDE278714811462C
:102580000EF06CF93046FEF79DFC1F2395F87C6039
:10259000A5F8203116F0200618D14FF0FF304FF08B
:1025A000FF31FFF733FC044600287ED002210C30B7
:1025B0000BF018FF0123214603704670324640F6A7
:1025C0006D40FFF75FFE04460028A1D195F89C30CE
:1025D000190712D5002142F21C003A1DFFF752FEE6
:1025E0000446002894D17868C368D3F80120D3F852
:1025F0000530C5E93823FEF765FC4FF0FF304FF09A
:10260000FF31FFF703FC044600284ED008210C30B0
:102610000BF0E8FE95F8D83095F8D92013F0020FAA
:1026200014BF2F230F2312F0090F4FF0000218BF21
:1026300043F4006303701B0A214643708270C2702A
:10264000027142718271C27142F20100FFF71AFEFB
:10265000044600287FF45CAF95F87C30B5F804118F
:102660009A0625D4C9B941F205003A1DFFF70AFEC2
:10267000044600287FF44CAFB5F804317C684BB9B0
:10268000E368B3F80120A5F804219A882D48114683
:102690000EF0E4F82046FEF715FC4FF0FF304FF047
:1026A000FF31FFF7B3FB044660B96FF068042FE712
:1026B0000029F2D10121244A1F480CF016F86FF0CE
:1026C000040425E708210C300BF08CFE1023037066
:1026D0008823002243700226202321468270C67080
:1026E000027142718271C37140F60140FFF7CAFD69
:1026F000044600287FF40CAF01463A1D4FF6014016
:10270000FFF7C0FD20B3114A02210B480BF0EDFF8B
:1027100000F0AAFC044600287FF4FAAE01F010FE97
:10272000044600287FF4F4AEFFF7D4FBF0E600BFC8
:102730003824002077510200EC29020010250020E7
:102740009B51020040250020E1510200045202008A
:102750007B686E46DC688AB0B4F80130032B96BF04
:10276000424A434952F8231002AAD3614FF400733E
:1027700040481384404BC2E9050142F8103F4FF432
:1027800013513E480BF0C0FFB4F80120B546022AB1
:10279000B4F8033049D1052B47D8394A52F82310F1
:1027A0006E468AB002AAD3614FF400733548138491
:1027B000314BC2E9050142F8103F4FF413512F4845
:1027C0000BF0A2FFB546637994F806C0032B98BFBF
:1027D0002D4AB4F80760D4F809006C468CB094BF59
:1027E00052F82310224902AAC2E9073C4FF40073B1
:1027F000DFF898E09385264BC2E905E1C2E909605C
:102800004FF4735142F8103F1C480BF07DFFA54672
:102810007868FEF757FB00214FF602403A1DFFF79C
:1028200031FD044618B11B4A6EE71149B8E77868D4
:10283000C368B3F80130A5F8C130FEF743FB95F843
:10284000C1305B077FF564AF21464FF603403A1D68
:10285000FFF718FD08B1104A56E77868C3685B783F
:1028600085F8C030FEF72EFB52E700BF00310200B2
:10287000FE4F02002852020004000001EC29020071
:10288000E830020041520200D830020059520200E2
:102890000700000186520200AF52020010B5FFF798
:1028A000CFFD034B1B6813B1BDE81040184710BDA6
:1028B000A069002073B5304D0646D5F86C010DF0C7
:1028C0007BFE48B901212D4A2D480BF00EFF6FF019
:1028D0001204204602B070BD00212A4B08462A4A45
:1028E0000BF010FE6FF0020105F1D4000BF00FFFAA
:1028F00001210BF0FEFE10EA010439D1234B1E60CA
:102900000A4605F598700DF0A9FF05F5AA700DF0BF
:1029100080FF1F480EF06CF86FF007034FF4006261
:102920001C491B48009407F057F81B4918480EF043
:10293000BAF8D5F86C01194983681B6898470446B2
:1029400030B103460121164A0D480BF0D0FEC0E716
:10295000024601460820FEF797FC26B902B0BDE802
:102960007040FFF76DBD05F1C40007F02FF8B0E728
:102970006FF07704ADE700BF38240020D852020082
:10298000EC2902001C5002006D4B0200A0690020DF
:10299000885C0020D8890020F05202007D180100D8
:1029A000F95202002DE9F04784B00026594BB0F8E7
:1029B0000190198849F47042914204BF1E80564B21
:1029C00000F1040808BF1E78C3780546012B08BF34
:1029D000524B404600AF14BF002493F86F400BF0F9
:1029E00012FE414668B34FF0010A07F108000BF0F0
:1029F000FFFDD5F81130C7F80130B5F81530A7F84C
:102A00000530EB78012B31D04046FEF7FFFA6C46DB
:102A100088B06A46424B4FF4E251C2E905304FF4A8
:102A2000007393833F4B404842F8103F0BF06CFE1D
:102A30001321A54648460BF0DDFE1037BD46BDE824
:102A4000F08720460BF056FF0346006895F804A077
:102A5000B8609A889B796868BA81BB73B8F804201B
:102A600098F806303860BA80BB71CAE707F10800F1
:102A7000FEF79AFD04460028C6D00346B5F80120AB
:102A800023F8702BBA7BB868B98920679A7140F235
:102A9000E2429980B5F8173053430022C4F88830D9
:102AA000B5F81930A4F89030B5F81B30A4F892307E
:102AB000EB786272012BE3701AD187F800A0BA8814
:102AC000BB793868A4F87B2084F87D30C4F877009F
:102AD00000F0F8FB237A1149C3EBC3035A18CB5813
:102AE000C4F87E309388A4F88230937984F88430D7
:102AF0000721204600F062FF26B1012120466672C0
:102B000000F05CFF204601F0A5F8204600F014FF1D
:102B100093E700BF38730020077C00203824002092
:102B20001553020003000001EC29020000B5C36840
:102B300089B0187820B109B05DF804EBFEF7A2BDAA
:102B4000B3F801208DF80000ADF80120DA788DF897
:102B50000320B3F80B20ADF81720B3F80D20ADF823
:102B60001920B3F80F20ADF81B205A7C8DF81D20DA
:102B7000586801901A899B7AADF808208DF80A30C0
:102B8000084B68461A689B88CDF80B20ADF80F30CB
:102B9000CDF81120ADF81530FFF704FF09B05DF84E
:102BA00004FB00BF6D4B020038B5042104460C3015
:102BB0000BF048FC034640885D7818B1224619782E
:102BC000FEF7A0FD35B1044806F02EFDBDE8384003
:102BD000FFF736BA38BD00BF68250020B0B50446FF
:102BE000032100AF0C300BF02DFCE3680578197859
:102BF00040F63543B0F80100984215D16C468AB0D2
:102C00006A460F4B0F48C2E905310F4B4FF4125182
:102C1000D36140F2013313840C4B42F8103F0BF0A8
:102C200073FDA546BD46B0BD10B12246FEF76AFD54
:102C3000002DF7D0064806F0F7FCFFF701FAF1E7A0
:102C400031530200EC290200BF45020004000001DC
:102C500068250020F8B506460024094DEF79E3B257
:102C60009F4202D86FF0010007E0294630460BF082
:102C700037FE0735631C08B12046F8BD1C46EEE759
:102C80003824002070B51A4E0622314605460FF052
:102C900097F838B34FF0FF304FF0FF31FFF7B6F839
:102CA000044608B3062229460C300BF0A1FB21464E
:102CB000002242F20500FFF7E5FA044648B110F1A0
:102CC0000D0F04D102210B4A0B480BF011FE2046D8
:102CD00070BD33462A6843F86929AA88B280012268
:102CE00083F868200024F2E76FF06804EFE700BF84
:102CF000A124002078540200F429020037B50446CC
:102D00000D4689B1284618490BF0EAFD60B9174A0B
:102D10002968C4EBC4041151A318AA889A80AA791F
:102D20009A71002003B030BD68460BF053FC0028B8
:102D3000F8D16846FFF78EFF0028F5DA0B4A0098B5
:102D4000C4EBC40410519DF80610BDF80400A3188C
:102D500098809971002DE4D012592A609A88AA802F
:102D60009B79AB71DDE700BF604B02003824002087
:102D700070B50446B1B9C0B11F490BF0B1FDA0B99F
:102D80002046FFF767FF00282FDA2378012B04D1B4
:102D9000A37903F0C003C02B07D00121174A1848BC
:102DA0000BF0A6FD6FF0150070BD164DEB79012BF1
:102DB0001ED005F1D403D3E8AF3FDB0707D4002CC6
:102DC000F0D020460C490BF08BFD0028EAD1EE79BB
:102DD0002146731C3046EB71FFF790FF08B930466F
:102DE000E2E7EB79013BEB71DEE76FF07700DBE7C1
:102DF0006FF00B00D8E700BF604B02008754020061
:102E0000F4290200382400202DE9F341044640B99A
:102E10001A4A02211A480BF06BFD002002B0BDE8EF
:102E2000F081002141F2090001AAFFF72BFA0546C3
:102E300008B1144AEDE7019E0622D6F80C8012492B
:102E400008F1010738460EF0BBFF28B106223846CC
:102E50000E490EF0B5FF18B93046FEF733F8DCE73F
:102E6000D8F801303046C4F80130BB882570A4F88A
:102E70000530FEF727F80120D0E700BFB554020067
:102E8000F4290200CE5402006D4B0200674B020091
:102E900007B56846FFF7B8FF044BD87118B169460B
:102EA0000020FFF72BFF03B05DF804FB382400205F
:102EB000F0B5304D89B0EC79002C53D195F8C26053
:102EC00016F0010610D12C4A02212C480BF010FDFF
:102ED000EC71162600240127EB79E0B298422CD33E
:102EE000002B3FD000203BE06A4621464FF60940C8
:102EF000FFF7C8F908B1224AE6E7DDF800C0DCF8C0
:102F00000C104B7823B96046FDF7DCFF1D4ADBE768
:102F10008B1C02AA01F1120417461868596808337D
:102F200003C7A3423A46F7D11868344638609B88F5
:102F30006046BB80FDF7C6FFCAE708AB06FB00335F
:102F400053F8182C33F8143C6946CDF80120ADF83D
:102F500005308DF80070FFF7D1FE01340028BBD09A
:102F600009B0F0BD0021084609B0BDE8F040FFF708
:102F7000FFBE00BF38240020EC540200F4290200F8
:102F800018550200385502002DE9F0410D4617464C
:102F90001C46064650B14BB10A03037811D56D07A4
:102FA00008D501212D4A2E480BF0A2FC6FF0150028
:102FB000BDE8F0810BF0ABFC0028F9D101232370B0
:102FC000F6E7A9072ED027480FB1AA0608D4C3EB0D
:102FD000C302825C012A13D002B922700020E7E705
:102FE00090F8D820510635D5C3EBC302825C012A84
:102FF00006D002B92270237843F002032370EDE774
:103000004FF00108072111FB0381014430460BF00A
:1030100076FC0028CCD184F80080002FDED0AB06EF
:10302000DCD5E8E76A0712D50E49C3EBC3028E5C14
:10303000012E09D1072212FB036319440BF05FFC38
:103040000028B5D12670EAE7002EE8D1FAE70BF0A8
:103050005EFCB3E76FF08500AAE700BF6155020090
:10306000F42902003824002038B5104DEB7913B153
:103070000024204638BDFFF70BFF044628B10C4A58
:1030800001210C480BF034FCF3E7EB79002BEFD176
:10309000FFF70EFF04460028F1D1681CFFF7F2FD90
:1030A00004460028E5D0044AEAE700BF382400209F
:1030B00080550200F42902009F5502002DE9F74FC8
:1030C0008A4601904FF0FF314FF0FF30FEF79EFE31
:1030D000044600284ED020210C300BF083F94FF02D
:1030E000000980464D46202200210EF061FEDAF8EC
:1030F000007008F1010BDAF80420914509D3002291
:103100002146019888F8005003B0BDE8F04FFFF762
:10311000B9B87A78A81C81181F2997F800C015D96A
:10312000BCF1090FC0F11F0201D1002A0CDC012102
:10313000124A13480AF0D4FF2046FDF7C3FE6FF091
:10314000150003B0BDE8F08F4FF0080CD6B2711C2B
:103150000BF80510691CC9B20BF801C0023679687A
:103160005BFA80F02E440EF016FEF5B209F101096B
:103170000837C0E76FF06800E3E700BFC255020000
:10318000B4290200F8B545680646690535D40469D6
:1031900014B115F0030330D0194F3078FB79834216
:1031A0002BD9C0EBC0000722164938440EF008FEA8
:1031B000A8B115F0030306D197F87020082A02D8A9
:1031C000B2689F2A19D915F0300F09D0ACB1EA06C0
:1031D0000AD405F46035B5F5603018BF0120F8BD9C
:1031E000EB0601D4002CF4D1D6E902239A4204D88C
:1031F0001F2A02D9B3F5804FEBD90020EFE700BFBB
:1032000038240020604B0200F7B5CDE90001694683
:1032100042F2080016461D469DF82070FFF74EFF4B
:10322000044648B95FB90B4BD3E8EF1F41F00401E6
:10323000C3E8E21F002AF7D1204603B0F0BD69467B
:1032400042F20900CDE90065FFF738FF0028EAD017
:103250000446F1E760240020F8B5044614F8097B21
:10326000154B05460E4607222046144983F86F7019
:103270000EF0A6FD70B93846114900F00FFF044664
:1032800010B96FF00B00F8BD052100F097FB00208E
:103290003460F8E72146384600F044FF40B9214643
:1032A000287800F0FBFE04460028EAD00621ECE76F
:1032B0006FF01500E7E700BF38240020604B0200E4
:1032C000594B020000487047502400202DE9F04F70
:1032D0009A460023D0F810B0894EBBEB030489B0A6
:1032E0000546304618BF012403930BF03AFB0F4606
:1032F0004107914640F1E5802846FFF743FF60B95A
:103300006FF015043846002340F20111994540F052
:10331000E180204609B0BDE8F08F28460BF00EFB97
:1033200080460028ECD0A6F1AC000BF01AFBC205D9
:10333000C0F3002300F1C880CDE90533CDF81B3080
:10334000AB686868ADF81030EB68ADF812300BF080
:10335000F9FA8DF81D00D6E8EF3F23F48073C6E834
:10336000E23F002AF7D12A780DF1150306F8BC2CAC
:1033700006F8652C69682246A6F1BC00FFF704FE3A
:1033800004460028BED1A6F1B303BBF1000F11D053
:103390002A69116846F8B31C9188998092799A71CC
:1033A0006B689E0749D1980502D4BAF1000F58D036
:1033B00002230BE0534A116846F8B31C91889279B6
:1033C00099809A716B689C07EDD05B468DF814303C
:1033D0004FF0FF304FF0FF31FEF718FD0446002894
:1033E00075D00F2204A90C300BF002F82146002200
:1033F00042F20600FEF746FF0446002882D1BBF1E8
:10340000000F32D06B6899073BD101213E480BF089
:10341000C0FA044600283CD001213C4A3C480AF04E
:103420005FFE039D002D3FF46DAF2846002100F0A4
:10343000C5FA284600F080FA64E713F0100F0CBFBD
:10344000012304238DF814302B691A68CDF8162057
:103450009A88ADF81A209B798DF81C304FF000083F
:10346000B6E703238DF81430F8E75246494638464C
:10347000129BCDF80080FFF7C7FE04460028C1D09C
:1034800040E7214803A9FFF7E7FE04460028BCD027
:1034900038E7039808B100F04FFA6A681D4812F047
:1034A000030218BF012209210BF05EFA42460A21ED
:1034B0000BF05AFA6A680C21C2F380020BF054FA3E
:1034C00020E76FF00A041DE76FF077041AE76FF04A
:1034D000680417E702888A4204D1426812B1127860
:1034E000D20702D40133083010E70B490B480DF026
:1034F00085FA00230A4A094806F00CFB09E700BFD9
:103500000C250020604B020050240020DB550200F7
:10351000B429020060240020A135010068240020A5
:103520001C4E0E0010B518480BF059FA17480BF056
:1035300018FA0346DA05C0F3002023D513480BF030
:1035400010FA830515D51249072212480EF038FCEF
:1035500003461149087E93B90522104900F01AFE6E
:10356000044630B10021417200F028FA204600F0F4
:10357000E3F9BDE81040002103480BF00ABA062227
:103580002131EBE710BD00BF502400206024002053
:10359000604B02005924002038240020594B0200BF
:1035A00010B5FFF7BFFF034630B1BDE81040022160
:1035B000024A03480AF09DBD10BD00BFF655020047
:1035C000B429020070B505460B4B1C6844B154F891
:1035D000143C143C13B12846697A98476469F5E7AE
:1035E000064C074EB44200D370BD236813B1284681
:1035F000697A98471834F5E7D86900206C290200E9
:103600008429020010B50446FDF7BCFB044901EB18
:10361000001120460BF038F8BDE81040FEF710BD51
:10362000A4690020002270B50446D1E9015607487C
:10363000C1E901220DF0F9F83DB1314620462B4693
:10364000BDE870406FF06D02184770BDBC2A0020C5
:1036500070B50546002200230E4806F01FF8B8B9E1
:103660000D4B1C6834B154F80C3C143C03B1984722
:103670006469F7E7094C0A4EB44204D32846BDE812
:10368000704006F0A3B9A36803B198471834F3E774
:1036900070BD00BF8C2A0020D86900206C29020070
:1036A000842902002DE9F843044640270025DFF86D
:1036B0005080EFF3118387F31288BFF36F8FE169B6
:1036C00029B983F31188BFF36F8FBDE8F883206AAF
:1036D0000A68814208BF2262E26183F31188BFF366
:1036E0006F8FD1E901694046C1E901550DF09DF8A0
:1036F0001EB1002249462046B047FEF7A1FCD8E79C
:10370000BC2A002037B50446031DD3E8EF2F42F44E
:103710008061C3E8E51F002DF7D151052AD4D3E815
:10372000AF3F13F4803F144D14D095F8D930DA0729
:1037300020D5022300211A46204600910BF099F86B
:103740000346B8B101210D4A0D4803B0BDE8304031
:103750000AF0CFBC95F8D8301B07E6D50BF06EF811
:10376000034620B10121074A05480AF0C2FCA37AAA
:10377000072BDAD003B030BD382400203D560200BC
:10378000CC2902001C5602000448B0F8043100F5B0
:103790008470002B08BF0020704700BF3824002031
:1037A00030B504460EF096FB0D460D4A0D498BB020
:1037B0000858D2F89010884205D120460BB0BDE8D9
:1037C0003040FFF76FBF2434214610460DF0E5F876
:1037D0001DB1694620460DF0F0F80BB030BD00BFBA
:1037E000486700200800000038B5002204468A42DD
:1037F00002D10024204638BD012004F1C803D3E8DB
:10380000EF5F002D04D1C3E8EC0FBCF1000FF6D13F
:1038100002D0D0340244EAE7002CEAD0C8220021CA
:1038200020460EF0C5FA04F1400004490DF0E6F818
:10383000034904F124000DF094F8DBE74142010054
:1038400007EA0100F7B516460D4601210446FFF7C9
:10385000A7FF012E23D0022E50D123693BB130485F
:103860000121304A0AF03CFC20460BF0F0F82561BB
:1038700021690B8A012B51D9CA681288043292B28D
:1038800093424BD341D9012100922548264A0AF0A0
:103890003AFC204603B0BDE8F0400BF0D8B82069F0
:1038A00040B9224A31461E480AF01AFC20460BF065
:1038B000CEF801E02F8A2FB9284603B0BDE8F040CA
:1038C000FDF700BB0C300AF0D9FD87420CD9184A2D
:1038D000314613480AF004FC00222046216900F01A
:1038E00005FF00232361E7E720692A8AE9680C3095
:1038F0000AF07EFD2846FDF7E5FAB9E701213346D7
:103900000C4A07480AF0F5FBD0E7002301222046C5
:10391000236103B0BDE8F04000F0E8BE03B0F0BDA5
:10392000CC29020054560200D456020071560200FF
:103930008F560200B656020008B5C830D0E8EF3FF7
:10394000013BC0E8E23F002AF8D13BB9044805F04A
:103950006BFEBDE80840034806F038B808BD00BF5C
:103960008C2A0020E827002010B504460BF078F8D8
:1039700006F0E8FA104B04F1BC02D3F8241149B95F
:10398000C4F8BC10D3F8281189B9C3E9492206F05C
:10399000EDFA06E08A4208D106F0E8FA2046FFF781
:1039A000CBFFBDE81040FEF74BBB0968E7E70A60B4
:1039B000C3F82821EBE700BF38240020F8B5867A49
:1039C00004468E420D4600AF1BD1082E98BF554BC2
:1039D0006C4688B094BF53F82630534B6A4653491F
:1039E000C2E905134FF400739383514B42F8103F23
:1039F00000234FF4E4514F48FBF776FFA546BD4640
:103A0000F8BD81720EB90BF02BF8A37A082B00F2E7
:103A1000858001A252F823F06D3A0100C33A0100FB
:103A2000FF390100FF390100FF390100FF390100B2
:103A3000FF3901003D3A0100FF39010000213E48F5
:103A400006F0D4FE0023C4E90D33E378012BD6D170
:103A5000A3783A4A012B08BF032304F1400008BFB2
:103A600084F89830002306F021F8C8E7082EC6D85D
:103A7000DFE806F02005171C1C1C1720200004F1AD
:103A8000400528460CF0C6FF01212046FFF788FEBE
:103A900020460AF0DCFF00220023284606F03AF810
:103AA000ADE7637A13B12046FFF78CFD2046FFF7A0
:103AB00043FFA4E72B46224A02211E480AF019FBC5
:103AC0009DE7637A3E2B0FD16D4688B06A461D4B49
:103AD000C2E90534032342F8103F00234FF4C451D8
:103AE0001448FBF701FFAD46174D05F58476616973
:103AF00011B9FEF7A5FA82E7A2690B68914208BFE7
:103B0000A36120466361FFF78DFDB5F80431002BFA
:103B100014BF3046002005F087FDE8E70B4A2B462E
:103B2000CAE700BFB4310200EF560200F9560200A6
:103B300003000001CC290200F82700205A6202008D
:103B40000A5702002157020038240020485702007B
:103B5000F8B5074609480D4616460AF081FF0446A7
:103B600050B183781F4203D1BDE8F840FFF7E4BEAF
:103B70003146A8472046F7E7F8BD00BF385D002072
:103B8000002201200149FFF7E3BF00BF43EA010023
:103B900070B505460E480E460AF062FF0446A0B115
:103BA000837A012B02D0073B012B0CD82388AB4230
:103BB00008D1A3781E4209D102212B46054A0648A6
:103BC0000AF097FA2046FFF7B7FE0024204670BDA2
:103BD000385D002064570200CC290200034BC01A54
:103BE000034B00115843C0B2704700BF385D00203E
:103BF000C54EECC470B51C46144305460E460DD0A8
:103C00000EF068F90E49D1F890400E4909588C42DF
:103C100006D102210C4A0D480AF062FA002213462E
:103C20000B49002D14BF284608460AF07BFB0446CA
:103C300018B1711D0C300AF0CAFB204670BD00BFE0
:103C400048670020080000007B570200CC290200D2
:103C5000D42A002010B50446054805F0B7FE2046DA
:103C600000F092FC2046BDE81040FFF7ABBC00BF5F
:103C7000D82700202DE9F04F002387B000AFFB606C
:103C80007B61BA4B5A8B3AB1B94DD5F824413CB956
:103C90001C37BD46BDE8F08F1B68002BF4D1F7E759
:103CA00054F8BC3903B1BC3B0026B24901E01C46C4
:103CB0001346B5F80421002A00F05681D5F81021EA
:103CC0004AB904F1BC06002BE2D0D3F8BC20002A8C
:103CD000EDD0BC3AEBE70A68002AF2D0D4F8A8206D
:103CE000002AEED0D4F8AC20002AEAD0D4F8B020D4
:103CF000002AE6D0A37A072B68D1204690470028F7
:103D000064D004F1C003D3E8AF3F022B5EDC204651
:103D10000AF0A6FE04460028BAD0A37A072B40F08A
:103D200020812046D4F8A830B5F8041107F110021C
:103D300098478146002800F00481B5F804213B69CA
:103D40009A4208D30146D4F8AC60204607F1140328
:103D500007F10C02B047D7E9038A7B693B60B9F8E9
:103D60001030002B00F0F78048460AF0A3FC786082
:103D7000002840F0F380B5F80431DFF8FCB1002BE7
:103D800014BF584600200022002305F087FC78B9B4
:103D900000220023774805F015FC064600283BD199
:103DA000B5F80431002B18BF5E46304605F03CFCE8
:103DB0006FF00B054846FDF785F8B8F1000F00F0ED
:103DC000AA802A4620463968C047A4E0D4F8BC300F
:103DD00004F1BC02C6B9D5F82811C5F824318A42CD
:103DE00001D1C5F8283100232046C4F8BC30D4F8EE
:103DF000B0309847002890D0A37A072B40F0B180CC
:103E00002046FFF7B1FD88E73360D5F828319A42A4
:103E100008BFC5F82861E6E73B68C0F80480836006
:103E2000B5F804B10022DA454FF000034FF000016D
:103E30004E4898BF1FFA8AFBFCF7C6FF804650B178
:103E4000FCF7A0FF4D4B5A4603EB00134946404692
:103E50000AF0F5FB8046B5F8043194F8C4909A4511
:103E600084BF01237B607B689CBF09F102095FFA74
:103E700089F984F8C43004F1C00ADAE8EF3F01336D
:103E8000CAE8E23F002AF8D100233360A369002B7F
:103E90005BD1C4E90566A378012B59D108F10C0B5D
:103EA000042158460AF0B5FA238809F0FD0943EACF
:103EB00009330380B8F810300221043B4380584690
:103EC0000AF0AFFA4046FDF7DFFF8146002848D0F0
:103ED000DAE8EF3F013BCAE8E23F002AF8D1314679
:103EE00004F114000AF092FD254A4B4601212548B1
:103EF0000AF0FFF84046FCF7E5FF20463146FFF7A1
:103F000091FBB5F804311C48002B08BF002005F0D8
:103F10008BFB6FF004056E4688B06B461A4ADC6175
:103F2000C3E905251A46042342F8103F4FF4015116
:103F300014480023FBF7D8FC1321B54620460AF0AD
:103F4000A3FD2046FFF7F8FCA2E61E60A661A2E7EB
:103F50006FF01509BCE76FF079052BE76FF00405EA
:103F600028E7FEF76DF8ECE79368FFDE582B00209A
:103F700038240020BC2A002040250020A46900200D
:103F8000A5500200CC290200A457020040F2E243EF
:103F90002DE9F041D0F888600446B6FBF3F6031D26
:103FA000B6B2D3E8AF2F920413D5B0F88C20B2424A
:103FB0000FD8B0F88E20B2420BD3D0E92412914230
:103FC00007D1D3E8EF1F21F40051C3E8E21F002A14
:103FD000F7D1114B1D6865B155F8047C143D37B11C
:103FE00031462046B4F89230B4F89020B8476D6955
:103FF000F1E70A4DDFF82880454501D3BDE8F0819F
:104000002F6937B131462046B4F89230B4F8902089
:10401000B8471835F0E700BFD86900206C290200C6
:10402000842902002DE9F041074608460D460AF0B2
:10403000A0FB064618B900263046BDE8F081144BB7
:104040001C6884B154F8083C143C0BB96469F8E767
:104050002946384698470028EDD028460AF089FBC3
:104060000028F3D1E7E70B4CDFF82C804445E3D27E
:10407000E3680BB91834F9E7294638469847002811
:10408000D9D028460AF075FB0028F3D1D3E700BF4A
:10409000D86900206C2902008429020038B5054641
:1040A0000C460E480121FFF79FFBB0B10572236853
:1040B0000367A388A0F87430A37980F876300123D1
:1040C0008370074BC0F8A830064BC0F8AC30064BE5
:1040D000C0F8B030054BC0F88C3038BD385D0020DA
:1040E0007D440100F1E90100E5E901001800280024
:1040F00070B505460A480E460AF0B2FC044620B1E7
:104100008378012B04D0FFF717FC0024204670BDF4
:10411000324629460AF0D8FC0028F7D12046F2E7BB
:10412000385D0020B0B500AF0D46FFF7E1FF044653
:1041300010B32846FCF76AFFA37A6D46082B98BF98
:104140000E4A8AB094BF52F823300D4B6A46C2E93A
:1041500007030C4B0C4953620C4BC2E9051442F89F
:10416000103F00234FF442510948FBF7BDFB2046A6
:10417000AD46FFF7E1FB0120BD46B0BDB431020002
:10418000EF56020001030204C757020005000002B7
:10419000CC290200F8B505460E480E4617460AF02F
:1041A0005FFC044620B18378012B03D0FFF7C4FBEA
:1041B00000240DE036B1324629460AF085FC08B9E4
:1041C0002046F3E7A37ABB42FAD1237AAB42F7D178
:1041D0002046F8BD385D002038B5044608460D4637
:1041E0000AF0C7FA38B3154B93F8D830990707D4BB
:1041F000E37873B129462046BDE8384000F0A2BA02
:1042000094F899309A07F3D5231DD3E8AF3F5B04A8
:10421000EED4294620460AF07DFC58B92B88A4F834
:104220008C306B88A4F88E30AB88A4F89430EB887F
:10423000A4F8963038BD6FF01500FBE73824002055
:10424000F7B510F8363C0446A0F140060BBB3046EB
:104250000AF0B3FC334B1D684DB155F8103C143DCA
:104260001BB1304614F8371C98476D69F4E72E4DA2
:104270002E4FBD4205D3304603B0BDE8F040FFF7F6
:104280005BBB6B681BB1304614F8371C9847183578
:10429000EFE710F83E3C012B25D1A0F13C05D5E815
:1042A000EF3F23F40052C5E8E12F0029F7D199042C
:1042B00021D5E36C69460093636D30460193FFF7A7
:1042C0008BFF034688B9D5E8EF3F23F48053C5E858
:1042D000E23F002AF7D1D5E8EF3F43F40063C5E899
:1042E000E23F002AF7D103B0F0BD114A0221114884
:1042F00009F0FFFEEFE74FF428130F4A69463046F6
:10430000CDE90023FFF768FF034640B9D5E8EF3F4A
:1043100043F48053C5E8E23F002ADCD0F6E7074AC1
:10432000E4E700BFD86900206C290200842902005C
:1043300000580200CC29020018002800255802006D
:1043400010B50C480CF065FA0B490A480CF06DFAF0
:104350000A4908480CF069FA094906480CF065FA60
:104360000BF077F80BF0BCFB044608B90AF0CDFC63
:10437000204610BDBC2A0020B4690020C06900207E
:10438000CC69002008B503460121034A034809F01F
:10439000B0FE002008BD00BFD8580200FC29020072
:1043A00080B500AF88B06A46074BC2E905300323E9
:1043B00042F8103F00234FF4C2510448FBF794FA2F
:1043C0006FF00B00BD4680BD00590200FC290200C1
:1043D000044B1A680AB1FFF7E3BF03485860104660
:1043E0000B607047E06900200032020070B504469F
:1043F00052EA03000AD00DF06DFD074D074ED5F8C7
:1044000090503058854204BF002213462046BDE834
:1044100070400431FFF7EEBB486700200800000041
:1044200073B5054618462B680BB39B7A072B1ED134
:10443000002A14BF022301230E7A9E4209DD0121C6
:104440000C4A0D48009609F05EFE6FF0150002B0B0
:1044500070BDCB7A072BF8D9C8618A6105F13000AD
:104460000CF0E3F928460AF07FFB0020EFE76FF03D
:104470007F00ECE727590200FC2902002DE9F047F4
:104480000E469146D0F8B44000AF4CB1483C236B87
:104490006BB104F1300A50460CF0DCF9054660B906
:1044A000FDF7CEFD00252846BD46BDE8F087206813
:1044B000B4300AF078FBA46CE7E70AF0FBF880B1AF
:1044C0006C4688B06A462D4BC2E90535032342F895
:1044D000103F00234FF4C2512948FBF705FAA546C7
:1044E000E0E7284609F04DFFE36C0546B3B9A38C1D
:1044F000B0F81080403B9BB23F2B03D8238D9845EA
:1045000028BF9846042105F10C0009F082FFA0F8AD
:104510000080A38C438008F10403E364E36C2A8ADF
:10452000B3420FD8934216D0A38C403B9BB23F2B93
:1045300021D92068B4300AF036FB236B13B1204632
:104540000AF012FBE36C9E422CBF00269E1BC9F8AA
:104550000030E664A7E700220023504605F032F859
:10456000FCF7B0FCA38CA3F140023F2AE1D8054A36
:10457000AA61EB61DDE700221346F9E74759020023
:10458000FC290200BDEC0100F7B504460026234DCE
:10459000234FBD4201D303B0F0BD298820460AF065
:1045A00084FB6B68019001A920469847002830DB06
:1045B000019B2A889A829A8403F11002D2E8EF1FA5
:1045C000C2E8E06F0028F9D19E64DE649E60A16BB2
:1045D00003F10802F9B9C4E90D221C60DE6003F1A1
:1045E00030000CF016F9019843681B6803B1984736
:1045F000019B1033D3E8EF1F41F00101C3E8E21F34
:10460000002AF7D101984368DB6913B100F110016A
:1046100098470835BDE70A60A263DEE75429020027
:104620006C29020073B50D460646042105F10C0005
:1046300009F008FF2B8A428804469A4207D000926C
:104640001C4A01211C4809F05EFD02B070BD437890
:104650003BB90121194A184802B0BDE8704009F081
:104660003FBD0378012BF0D0132B06D1022AECD0EA
:10467000022300931346124AE3E70221114A0E482F
:1046800009F037FD61780222012035680AF0F2FA5C
:1046900004460028D9D002210C3009F0A3FE0023E3
:1046A000214603704370284602B0BDE870400AF00E
:1046B00012BB00BF5F590200FC29020080590200B2
:1046C000A1590200CC59020008B50B8A032B06D869
:1046D0000121044A044809F003FD002008BDFFF74A
:1046E000A1FFFAE7F4590200FC29020038B50B8A51
:1046F0000546032B0C4609D801210F4A0F4809F043
:10470000EFFC2046BDE83840FCF7DCBB042104F197
:104710000C0009F097FE418828460AF0EDFA30B9FE
:10472000074A0B460548022109F0E3FCE9E7436824
:1047300021465B699847E4E7125A0200FC2902000F
:104740002F5A020070B5124B0C46197805460131FC
:10475000C9B2012938BF01210822122019700AF0BC
:1047600089FA064688B108210C3009F03BFE228800
:104770003146028062884280A2888280E288C280BC
:104780002846BDE870400AF0A6BA6FF00B0070BD75
:10479000087C002023281FD81A2804D8431E182B71
:1047A0000ED906207047A0F11B03082B1ED8DFE8A6
:1047B00003F0051D1B231D19251D0500032070474F
:1047C00001230F4A83401A40C2B90E4A1A40002AF8
:1047D00014BF01200620704700F07F03522B05D143
:1047E00000207047012070470520704710F0400FEF
:1047F0000CBF06200020704704207047022070473D
:10480000AAAA8A02545545012DE9F84F07460846E1
:104810000C46FCF7B7FA18234343DFF8B880064686
:1048200008EB0302D2F808A0E16807F15400D0E8D1
:10483000AF0FC00709D40121274A28480AF088FA97
:104840006FF015052846BDE8F88FE0680078107114
:10485000002248F803200B78D22B0FD13B68214669
:1048600018680BF03AF9054640B101211C4A1B4873
:104870000AF06EFA2046FCF725FBE3E704F10C0092
:1048800009F0F8FD182303FB0683B4F810B09F600D
:10489000002381461A462146381DFFF7C1FD054613
:1048A0000028CFD010F1690F04D101210D4A0B4827
:1048B0000AF04EFA6369A4F810B013FA89F3E360C2
:1048C00018235E4308EB0603C3F808A048F8065017
:1048D000B8E700BF306A00206B5A0200BC29020012
:1048E000855A0200985A0200011F01480BF0B5BE1C
:1048F0009C2900200121024A02480AF029BA00BF7F
:10490000BB5A0200BC29020010B5044600F1500356
:10491000D3E8EF1F41F00101C3E8E21F002AF7D1FD
:10492000201F0AF0F4FA04F1740004490CF066F850
:104930002068BDE8104002F029B800BFBD5B01004F
:1049400070B503788AB004460E4607AD032B20D815
:10495000DFE803F002191B1D11492846F8F779FF1B
:10496000059563781E210493A37830460393E3787A
:104970000C4A02932379019363790093A37908F099
:1049800067FA0AB070BD0849E7E70849E5E7084952
:10499000E3E70A212846074A08F05AFAE0E700BF91
:1049A000583602007A3602005F3602006636020090
:1049B00070360200354202002DE9FF414FF0000839
:1049C0004FF4205305460E46006802A914461768A6
:1049D0008DF80880ADF80A3009F0AEFDA0B142F6BE
:1049E0000103286803A98DF80C80ADF80E3009F09A
:1049F000A3FD48B123691BB15A88B24200D25E8040
:104A0000012004B0BDE8F0816168286809F094FDD8
:104A100010B100232361F3E7E368A0681A786AB154
:104A2000B7F81AC0798D038A8C4594BFC3EB0C0389
:104A3000C3EB0103934201DA0020E2E704210C30CA
:104A400009F0D0FC20610680236929465E80074B6F
:104A50000194009338460023A2680AF0D8FA00288F
:104A6000EADB2069003818BF0120CAE775EF0100B2
:104A700073B50E46438D418B01328B4228BF0B46E6
:104A80009A42054609D9022100921C481C4A09F0A5
:104A90003AFB0024204602B070BD3046FFF77AFE94
:104AA000022812D0042810D00DF014FA154B195812
:104AB000154BD3F8903099421ED0144B1B685A1AEC
:104AC00018BF4FF0FF32134601E00023104A0021C7
:104AD0001048FFF78BFC04460028DBD0FCF752F9A6
:104AE00018220D4B012102FB003304F10C009D60E4
:104AF00009F078FC0670CDE70022E4E7BC2902004B
:104B0000D85A02000800000048670020786A002098
:104B10001C4E0E00002B0020306A0020F0B51E460F
:104B200003680D460039044618BF012187B0186894
:104B300017460AF072FF38B904F154000AF05CFA23
:104B4000002848D1122014E0002E46D0182200215F
:104B500068460DF02DF977B1002239462046FFF75F
:104B600087FF019038B91E4801211E4A0AF0F0F86B
:104B7000112007B0F0BD236831461B683046009312
:104B8000BDF83030184AADF812300D9B8DF8085042
:104B90000393BDF83830ADF8103001238DF8143090
:104BA0006B460AF03FF99DF814307BB14FB1019884
:104BB000FCF788F93246294620469DF814300AF061
:104BC000CDFA182D07D19DF81400D2E7019911B143
:104BD00020460AF032F90020CBE70120C9E700BFE8
:104BE000BC290200FD5A0200B3ED01002DE9F34794
:104BF000176805468946006851681446D7F804A02E
:104C000009F09AFC804600284BD19522294650464F
:104C10000AF0B0FE0646207540B1E3681B780BB180
:104C200084F81480002002B0BDE8F0872946504681
:104C30000AF02BFF10B908232375F3E7A068267547
:104C400009F0A3FB02210C3009F0CCFB164B2061CC
:104C5000A0F8009000930194334629463846A26894
:104C60000AF0D5F9002807DA10F1FF0F32BF0E2045
:104C70004042C0B22075D5E72369002BD2D0A0688E
:104C80000AF04EF87B8D7A8B9A4294BFC0EB0200FB
:104C9000C0EB0300E3681B78984294BF002001201A
:104CA000C1E70120BFE700BF31ED0100F7B51446B1
:104CB00005460E464FF49572014620680AF05AFEEA
:104CC000207430B9294620680AF0E1FE20B9082393
:104CD0002374002003B0F0BD6B8A5B0612D501235C
:104CE0000193E38929460093AF68A389A2682068ED
:104CF000B84738B110F1FF0F32BF0E204042C0B2AA
:104D00002074E6E700220023094809F00BFB6060ED
:104D100008B90923DCE70683E38943836068A28935
:104D2000A1680C3009F064FB002301202374D1E753
:104D3000DC2B0020F7B50B8A04460D4607683BB90B
:104D40000121284A28480AF003F8002003B0F0BDEA
:104D5000012105F10C0009F075FBBB7A0646072B13
:104D6000F3D154F8043C002BEFD0002203781F4805
:104D7000043C10F8327000EBC2019F420FD12A8A26
:104D800048788F78904220D9012100931648134625
:104D9000174A09F0B8F9012FD7D104231EE00132D8
:104DA0000E2AE6D102211048124A09F0A2F9317800
:104DB0000846FFF7EFFC0028C7D00528C5D006231A
:104DC000002220460AF0CAF9BFE74B682046294670
:104DD0009847012F0346B8D10028B6D00022317879
:104DE000EFE700BF165B0200BC2902002832020078
:104DF0004B5B0200315B02002DE9F04F42F60103EC
:104E0000002591B0166880460F4600680BA9D6F8B9
:104E1000049014468DF82C50ADF82E3009F08CFB20
:104E2000002870D04FF42053D8F800000BA98DF85B
:104E30002C50ADF82E3009F07FFB38B1A3681BB1C0
:104E40005A88BA4200D25F8001200EE061680846AD
:104E500009F066FF728D738B9A4294BFC0EB02001B
:104E6000C0EB0300032803D8002011B0BDE8F08F89
:104E7000084609F08AFA0546606809F051FF728B0E
:104E8000738D05F10C0B9A4294BFC0EB020AC0EB84
:104E9000030A584609F0F2FA824537D2606809F0F1
:104EA0003FFF728D738B9A4294BFC0EB0200C0EB40
:104EB000030070B96368987AFBF75CFF0022002357
:104EC00009F030FA05460028CED00146606809F0A6
:104ED0006DFA00230093D8F8046010234146484639
:104EE00002AAB047061E0EDB227CE068B2422BD03D
:104EF00001460BA809F04EFB60B9237C144A02213D
:104F0000144809F0F6F80023A3609DE7584609F01D
:104F1000B5FACEE7F2B202A906A809F03BFB10B938
:104F20000D4A3346EBE706A90BA809F005FB00285C
:104F3000E9D100230421637405F10C0009F052FA51
:104F4000A0600780A3687EE702A90CF039FFEEE7B6
:104F50006A5B0200BC290200895B0200F8B5124AB4
:104F60000746002311480D4609F0DCF9044638B91C
:104F700001212B460E4A0F4809F0BBF82046F8BD28
:104F800000F10C060921304609F021FA2046FBF712
:104F9000F9FE1822084B012102FB003330469F60C6
:104FA00009F020FA0570E9E71C4E0E00002B0020E6
:104FB000D8580200BC290200306A00202DE9F04FC9
:104FC00005460024CB6887B01B78494F04932868B6
:104FD000436A2BB9002C76D0002007B0BDE8F08FD3
:104FE000243009F0B8F94FF000030646BB80BB68D7
:104FF000B0F818A0028AC1683D483B6009F0F8F992
:10500000D5F80080738BD8F82440059324B14FF075
:10501000000BD4F80090D4B9049B012B51D1BB886C
:10502000002202933B6818210193738B284600935A
:105030005346FFF773FD044628B10346182128465E
:10504000328B0AF08BF83046FBF73CFFBFE7228B30
:10505000524532D1628B002ADED0B988059B5818A0
:1050600082423CD1228AF888114481423EDC384693
:10507000E16809F0BDF92268BBF1000F14D1D8F83E
:105080002810C8F824208C4201D1C8F82820002319
:1050900020462360FBF716FFB9F1000F0FD0D9F8B7
:1050A00000204C469146B6E7CBF80020D8F82820DF
:1050B000944208BFC8F828B0E9E7A346ECE74A469F
:1050C000EFE70024BFE719212846FFF747FF014615
:1050D00018B1284609F0B1FE7EE70E207DE70723D0
:1050E0005246182128460AF039F875E70D23F7E7EC
:1050F000082800202DE9F0410E8A0446043EF6B24D
:10510000022E08468CB001D0102E64D104210C3040
:1051100009F098F90DF1080805884788011D324605
:10512000404609F037FA002857D09DB3002687B3D0
:10513000AF422FD34FF42053404601A98DF80460AD
:10514000ADF8063009F0F8F940BB1422002107A899
:105150000CF02EFE11212046FFF700FF09900028D9
:1051600037D001210C30CDE9074809F03BF9002385
:105170000A90394603701A4A0B93284607AB09F088
:1051800051FE0A9B1B78FBB90998FBF79BFE0A238B
:1051900001E03D4601232A4610210EE042F60103BC
:1051A000404607A98DF81C60ADF81E3009F0C4F91F
:1051B0000028CAD010232A461946204609F0CEFFFF
:1051C00000200CB0BDE8F0812046099909F035FEB9
:1051D000F6E71120F5E70420F3E70E20F1E700BF22
:1051E000B94901002DE9F043036804460D4685B036
:1051F000012118680AF011FC40B904F1540009F0CB
:10520000FBFEB0BB122005B0BDE8F08310220021E8
:1052100068460CF0CDFD21212046FFF79FFE02904D
:1052200048B34FF00108DFF85490009405F10C07E3
:105230002B8A012B04D82046029909F0FEFD18E0C4
:10524000384609F00FF96B464A46014606468DF886
:105250000C8009F0E7FD9DF80C30002BE8D0029897
:10526000FBF730FE3246202120469DF80C3009F035
:1052700075FF0020C7E71120C5E700BF55F2010008
:105280002DE9F043036804460D4685B001211868F6
:105290000AF0C3FB40B904F1540009F0ADFEB0BB05
:1052A000122005B0BDE8F0831022002168460CF002
:1052B0007FFD0F212046FFF751FE029048B34FF0CB
:1052C0000108DFF85490009405F10C072B8A012B9C
:1052D00004D82046029909F0B0FD18E0384609F0DC
:1052E000C1F86B464A46014606468DF80C8009F027
:1052F00099FD9DF80C30002BE8D00298FBF7E2FDF9
:1053000032460E2120469DF80C3009F027FF002080
:10531000C7E71120C5E700BFF5F10100F0B51D4654
:10532000036804460E4685B00121186817460AF046
:1053300074FB38B904F1540009F05EFE48BB12203A
:1053400005B0F0BD65B31022002168460CF030FDB9
:1053500039462046FFF702FE029018B3BDF8283008
:105360002946ADF80430012328468DF80C300E4A4A
:105370006B46009409F056FD9DF80C305BB1029825
:10538000FBF7A0FD2A46314620469DF80C3009F077
:10539000E5FE0020D4E72046029909F04EFDF8E72B
:1053A0000120CDE71120CBE7F5F101002DE9F04117
:1053B0000E8A0446043EF6B2022E08468CB001D096
:1053C000102E76D104210C3009F03CF80DF10408C0
:1053D00005884788011D3246404609F0DBF8002861
:1053E00069D085B377B3BD422DD8012160680AF03A
:1053F00014FB064678BB42F602038DF800006946AE
:105400004046ADF8023009F097F820B342F60303A6
:10541000404606A98DF81860ADF81A3009F08CF8EE
:10542000C8B1012D03D14FF6FF739F4213D004F191
:10543000540009F0E1FD002814BF002012200CB038
:10544000BDE8F0813D4601232A460821204609F0A7
:1054500085FE0020F3E7182200210DEB02000CF07E
:10546000A7FC09212046FFF779FD0890F8B101213A
:105470000C30CDE9064808F0B5FF00230990037011
:105480000A2339468DF82C30284606AB0B4A09F022
:10549000C9FC9DF82C302BB10898FBF713FD9DF843
:1054A0002C30D1E72046089909F0C7FCD1E711203C
:1054B000C5E70420C3E70E20C1E700BFED4B0100A4
:1054C0002DE9F0430F460446062187B007F10C0092
:1054D00008F0B8FF0588B0F802808288D7F80C90F1
:1054E000C5B10023B8F1000F13D0454512D88DF88F
:1054F00000308DF804304FF42053684601A9ADF810
:105500000220ADF8063009F017F8064660B10A230C
:1055100001E0454601232A460621204609F01EFEE9
:10552000002007B0BDE8F0830146142201A83F7CAB
:105530000CF03EFC07212046FFF710FD0290D8B189
:105540000A2341468DF81530284601AB0B4ACDE9B8
:10555000036901948DF8147009F064FC9DF815300E
:105560002BB10298FBF7AEFC9DF81530D3E720462F
:10557000029909F062FCD3E71120D2E7F94D01004E
:105580007FB5CB6804461D885E8885B176B1B5428B
:105590000DD81022002168460CF00AFC0521204697
:1055A000FFF7DCFC019058B9112007E035460123D4
:1055B0002A460421204609F0D1FD002004B070BD28
:1055C0006B4631462846084A009409F02BFC029BA2
:1055D00023B90198FBF776FC0A23E9E720460199F5
:1055E00009F02BFCE9E700BF57EE01002DE9F04779
:1055F0000D460446042186B005F10C0008F022FF98
:105600002368B0F80090B0F8028001211868EF68B4
:105610002E8A1FFA89FA0AF000FA40B904F1540000
:1056200009F0EAFC28BB122006B0BDE8F087BAF109
:10563000000F43D01422002101A80CF0B9FB23680D
:1056400051461B685046019301231E4A8DF81430C1
:10565000F6B201ABADF812800397ADF8106009F017
:10566000E1FB9DF8143033B152461621204609F073
:1056700075FD0020D8E720680299243008F056FE16
:1056800017212046FFF76AFC0290C8B104210C30B4
:1056900008F0A8FE0546A0F80090A0F80280029845
:1056A00031460C3008F09EFE39463246281D0CF07B
:1056B00072FB2046029909F0C0FBDAE70120B3E74C
:1056C0001120B1E7AD4C01002DE9F04182B000AFEF
:1056D000044688460022002339463C4803F07CFEFD
:1056E0000546B0B16D4688B06A46394BC2E905340B
:1056F000032342F8103F00234FF4C2513548FAF714
:10570000F3F8AD466FF00B0630460837BD46BDE8EE
:10571000F0810CF0DFFB304B3E681A582F4B2946C6
:105720001A60301D30220CF043FB34603C680022CC
:105730000023C4E90155C4E90B552948391D7D6092
:1057400003F04AFE064688B123686C4688B06A4674
:105750002449C2E90513032342F8103F4FF4C45112
:105760002B461C48FAF7C0F8A546CBE77B680146F4
:10577000B02218460CF01CFB1B4A82605C300BF018
:1057800048F87B685433D3E8EF2FC3E8E16F002972
:10579000F9D17B681C60E36A7D682BB904F10C00C9
:1057A0000BF037F8C4E90966E26A05F1A803C5F809
:1057B000A820226BE36202B9236317227B685A8513
:1057C0005A830433C8F800309EE700BF80290020C8
:1057D000A85B0200BC29020008000000786A0020D3
:1057E0009C290020CD5B02001428002008B5837A94
:1057F000072B06D002210C4A0C4809F0A9FA002018
:1058000008BD042109F078FA10B9094A0121F3E72B
:1058100000F15003D3E8AF3FDB0701D4054AF5E7B9
:1058200050F8040CECE700BFF25B0200BC29020058
:10583000005C02006B5A02002DE9F14F0546FBF7B0
:10584000A1FA182202FB00F33949C81851F803A045
:105850000021D0E902460779B0F80680D0F8109010
:105860000CF0A6FAA87AFBF785FA6969834651B16C
:105870006B7AD80705D4DBF8243028461B689B6870
:10588000984700236B61294658460AF0D9FF002F3C
:1058900041D0002C3FD02368002B3CD01B68002B4C
:1058A00039D0BAF1000F08D001215346214A2248CD
:1058B00001B0BDE8F04F08F01CBC201D09F04CFD04
:1058C0003846FEF767FF052825D8DFE800F01C03FF
:1058D000241C240304F15403D3E8AF3FDA0707D4B0
:1058E0000121164A144801B0BDE8F04F09F030BA62
:1058F000A36D83B10023124A04F1780001B0BDE822
:10590000F04F04F007B954F8543B1D68D4E8AF3F9A
:10591000DB07E5D556B901B0BDE8F08F494628460A
:10592000B0470134A3B29845F8D8F4E70024F9E76A
:10593000306A00201B5C0200BC2902006B5A020086
:105940001C4E0E00F8B50F461646FFF74FFFB0B1DC
:10595000C46A20461CB150F8A84904B1A83C731C85
:10596000194638B1428D458BAA4228BF2A469A4231
:1059700007D264B902210A4A0A4808F0BAFB00209B
:10598000F8BD32463946BDE8F840FFF771B8D4F8A3
:10599000A85005B1A83D20460B462C46E2E700BFC3
:1059A0003A5C0200BC29020007B50B460021024602
:1059B0000CF090FA01910F4909580F48006888428D
:1059C00004D00E48D0F89000884201D1002213463E
:1059D00001A90B4803F000FD014648B9019B1022C4
:1059E00018460CF0E5F90346184603B05DF804FBD1
:1059F0000023F9E708000000786A002048670020CB
:105A0000B829002010B50446806818B1FBF75AFA8F
:105A10000023A3602146BDE8104001480AF01DBEE6
:105A2000B82900202DE9F347044678300E46174682
:105A30001D460AF0EFFFA06D58B918480221184A18
:105A400009F086F9204600F099F8002002B0BDE880
:105A5000F087144B4FF00008984205D12068C4F835
:105A6000588009F0AAFCF0E7D0F80490C0F8048050
:105A7000A06DD0F80CA0FFF7C5FF2068C4F85880CF
:105A800009F09BFCB9F1000FDFD02068CDF800A031
:105A90003B46324629460068C847D6E7BC29020083
:105AA000555C02007C6A0020F7B550F8044C0546AE
:105AB000002C5FD000F1A40104F12C0009F083FA5E
:105AC0002E1F05F1580700220023384603F07AFD07
:105AD000024690BB6B6D2BB101466FF067033046F9
:105AE000FFF7A0FF002345F8043C05F15003D3E87D
:105AF000EF1F21F00101C3E8E21F002AF7D1E36A9A
:105B0000002B37D104F12406304608F024FCB8B944
:105B100004F10C0600220023304603F053FD90B937
:105B200066689EB92146144826600AF096FD2868EA
:105B300003B0BDE8F04000F059BFFBF7C3F9C2E77E
:105B4000FBF7C0F9E0E7FBF7BDF9E3E7A2683368CC
:105B50009642636008BFA36077683FB1F3686FF057
:105B600067010093002320681A46B8473046FFF7C4
:105B700049FFD5E703B0F0BD8029002030B50546C8
:105B8000044655F8043B89B0186808F0BDFF694623
:105B9000FEF7D6FE2846FFF787FF1321606808F05E
:105BA00073FF034620B10121024A034808F0A1FA1D
:105BB00009B030BD6C5C0200BC290200B0B588B0F1
:105BC000044654F8783D00AF186808F09DFF394648
:105BD000FEF7B6FE6D4688B06A460B4BC2E9053744
:105BE0004FF400739383094B42F8103F00234FF4A6
:105BF000E2510748F9F778FE2046AD46FFF7BEFFB1
:105C00002037BD46B0BD00BF8A5C02000300000122
:105C1000BC290200F8B51D460F461646FBF7B2F840
:105C20001823044C03FB00400123C0E90376C38022
:105C30000575F8BD306A002008B530B90749084835
:105C400009F095FC38B1074808BD054A12F8011C57
:105C500008F03AFFF6E70020F6E700BF604B0200CD
:105C6000A56A0020A46A002010B5074C237883425F
:105C700007D1601C09F07BFC002814BF20460020DF
:105C800010BD0020FCE700BF3E73002010B54A1C89
:105C90000C4638B1097808F017FF08B1204610BD4E
:105CA0000020FCE71046024909F061FCF5E700BF5F
:105CB000604B02002DE9F04180460F4616461D4616
:105CC000FFF7D2FF044680B90F49FFF7CDFF044626
:105CD00030B9BDE8F04101210C4A0D4808F000BA86
:105CE000394600F8018B09F05EFC228963891AB9F4
:105CF0002BB92681658104E0964238BF26819D42FA
:105D0000F8D8BDE8F08100BF604B0200BD5C020026
:105D1000E429020010B50121094809F033FC38B923
:105D20000849094A0B88094CA24202D300B10B80F2
:105D300010BD5068083203449BB20120F4E700BF55
:105D4000B46A00204A73002084290200A4290200BA
:105D50001FB519464FF428131046064ACDE9022311
:105D60000823BDF8182000936B4409F06CFC05B0C3
:105D70005DF804FB18002800024608B50749013009
:105D800009F011FC00230C3202F8043CD2E8EF1FAA
:105D9000C2E8E03F0028F9D108BD00BF604B020017
:105DA00010B56FF0020104460F4809F003FC0E48DD
:105DB00009F0E5FBC20704D5002200230B4803F0DD
:105DC000A9FE204609F096FB60B12046FFF734FF9C
:105DD00040B1037ADB0705D5BDE8104000210C3047
:105DE00009F0D0BB10BD00BFC05E0020905E002057
:105DF00008B50BF0D9F938B101210346034A04482C
:105E000008F077F96FF0040008BD00BFDC5C020009
:105E1000E42902002DE9F041234B1546826807462C
:105E20009A4202D1C468638933BB0120BDE8F08186
:105E3000FDF782FD0021E3686181002BF5D0384633
:105E40009847F2E705F170084146287A08F0B4FC5B
:105E500068B9164B9C4202D1284609F0F1FC304645
:105E6000134909F0A0FB002323702381E2E7414698
:105E7000304609F098FBDDE72389002BDAD026466F
:105E800016F8011B2846324608F01EFE0028D9D11C
:105E900031462078FEF72CF90028CBD0837A072BE7
:105EA000C6D1FDF749FDC0E7B55E010054280020CA
:105EB000604B02002DE9F8431E46BDF820308146B4
:105EC0000F46D1F80C80002B45D1731E012B45D80D
:105ED000012E4146157818BF1588FFF7D7FE0446F6
:105EE000C0B915B93046BDE8F8834146FFF7CEFE8C
:105EF000044638B91B4802211B4A08F0F1F86FF03C
:105F00001000F0E709F17001013009F04CFB99F83D
:105F100008302370D8F810308BB92581B8F80A30D2
:105F2000AB4203D04146384609F075FB002DD9D16C
:105F30000E49601C09F037FB25702581D2E72A46FF
:105F40003946484698470028CDDB01380128E4D976
:105F50006FF00D00C7E76FF00600C4E76FF00C00AC
:105F6000C1E700BFE4290200F25C0200604B0200BE
:105F70002DE9F0411F46BDF818300646012B90462A
:105F800036D83B44012B3D4635DCFFF755FE044631
:105F900068B9FFF751FE044648B90221194A1A4868
:105FA00008F09EF86FF010052846BDE8F08197B123
:105FB0000023217A98F8002021FA03F0C70703D5BF
:105FC00022FA03F0C00719D50133032BF4D102F0F4
:105FD00007021143217206F17001601C09F0E3FA17
:105FE0002046337A002100F80C3B09F0CBFADBE7BE
:105FF0006FF00605D8E76FF00C05D5E76FF01205D6
:10600000D2E700BF0C5D0200E429020008B50021C0
:106010000B4809F0B7FA88B9FFF77CFE09490A482E
:106020000AF0ECFC002340F239120748FBF77EF936
:10603000BDE80840054906480AF0E0BC08BD00BFBD
:10604000B46A002001630100185E0020516601005F
:10605000905E002003462DE9F04148B1008A38B92E
:1060600001244FF0140C1149DFF844E0714501D3CD
:10607000BDE8F081D1E90076BB4204D30CFB067287
:10608000143A93420ED93444A2B214460831EDE7D3
:106090000CFB0578434507D001356219B54292B231
:1060A000F6D1F2E70025F8E71046E1E7842902007F
:1060B000A42902002DE9F04F89B09946BDF8483077
:1060C00004460F4690461BB94FF6FF73ADF84830B3
:1060D000314B1B88A34230D2BDF84830ADF81E309A
:1060E0002E4B1D687DBB09B0BDE8F08F6968514437
:1060F000A14220D289B28A460835294B9D42F5D368
:10610000EAE7149B28680493139B2246039312AB7F
:10611000CDE901930BFB06003B46CDF8008009F06A
:1061200054FA0028DFD001366B680AEB0601B3424F
:1061300089B2E6D8DFE70026F6E74FF0010A4FF014
:10614000140B184DD9E74FF0140A083D0DF11E0B42
:10615000AE68BEB96B689E4219D22868149B0AFBD0
:106160000600018A0493139B2246CDE902B3CDE9D0
:1061700000893B4609F029FA0028B4D00136E9E746
:106180000026E7E756F8083C1B8AA342F8D8AD681A
:10619000002DA8D0083DDBE74A730020B86A002034
:1061A000A429020084290200002110B5E4B01822BD
:1061B00005A8CDE90011CDE902110BF0F9FD4FF46E
:1061C0001053ADF8103080231022ADF812304FF488
:1061D0008063264C6946CDE906340DEB020062ABC4
:1061E00005F052F8034630B1214A0121214807F059
:1061F00080FF64B010BD01464FF4AE720BA80BF0E7
:10620000D7FD224662990BA80AF0CBFF034608B1DE
:10621000194AEAE74FF6FF710120184A0BAB09F063
:106220009EFB1022164904AB0BA80AF0D1FF0446CE
:10623000629804F0D9FF14B1124A2346D5E7104BF7
:1062400003F11002197812F8010D0134082C03F83B
:10625000010B1170F6D10C4BD3E8EF1F41F0080190
:10626000C3E8E21F002AC4D0F6E700BF0002C00363
:10627000385D0200E4290200615D02009BF7010025
:10628000085E00207F5D0200C05E00202DE9F04125
:1062900018490446A1F1300015461E46BDF8187095
:1062A0000AF0CBFB144809F06AF9010701D4FFF7A3
:1062B0007BFF2046FFF7C0FC88B1037ADA070ED5D2
:1062C00000F10C04204609F05AF9C30707D4D4E8BA
:1062D000EF3F43F00203C4E8E23F002AF7D1102366
:1062E0003A46069331462846BDE8F041034B09F093
:1062F000AAB900BF485E0020C05E0020085E0020F2
:1063000008B5054809F03BF9030703D4BDE8084088
:10631000FFF74ABF08BD00BFC05E0020002307B5DD
:106320000193FFF797FE411C89B20846034A01AB6F
:1063300009F015FB019803B05DF804FB61F701005B
:106340002DE9F04387B0837A8046072B0C4616462A
:1063500002AF40F0A58000233B7342F603032068A0
:10636000FB8107F10C0108F0E7F80546002834D15D
:10637000D4F80490B9F1000F05D101214B4A4C48E3
:1063800007F0AEFE8CE001232146009007F10802E1
:10639000C847031E11DA6E4688B002AAD3610423EF
:1063A0004449C2E9051442F8103F4FF401512B460D
:1063B0003F48F9F799FAB54672E0012B05D0012163
:1063C0003D4A3B4807F095FE6AE03B7A13F0300FF8
:1063D00066D02046FFF7A2FF0446002320683B73E7
:1063E00042F6021307F10C01FB8108F0A5F818B181
:1063F0002046FFF793FF0446002542F60219206865
:1064000039463D70A7F8029008F096F810BB0023BB
:1064100020683B7342F6021307F10C01FB8108F080
:106420008BF8054600283BD1D4F80490B9F1000F51
:10643000A3D0022300902146404607F10C02C84732
:10644000031EA8DB022BBAD1BB891E4214BF012058
:10645000002026E042F603032068391D3D71FB80D1
:1064600008F06AF80028D2D04FF42053206807F1D2
:1064700008013D727B8108F05FF80028C7D042F622
:106480000103206807F10C013D73FB8108F054F80B
:106490000028BCD02046FFF741FF04460028AED1BB
:1064A00000201437BD46BDE8F08300BF955D0200B3
:1064B000E4290200A95D0200CF5D02002DE9F84346
:1064C000894651680746B1F81280154618F09408BD
:1064D0003BD10222FFF734FF002839D000211E48AB
:1064E000AE8AFFF761FA0236044660B11B4B3246B2
:1064F0004360C5601D213846FFF724FA064638B9C7
:106500002046FFF77FFA6FF00B052846BDE8F883B9
:10651000012342464146FFF77DFBA98A06F10C00A4
:10652000023107F05FFF20F8029BAA8A29690BF06D
:1065300032FC21463846A66008F0BFFF0546002819
:10654000E3D02046FFF75EFADFE74FF0FF35DCE7E8
:106550006FF01505D9E700BF1C4E0E0039F501009C
:1065600030B504468BB0374809F009F842070D46AC
:1065700061D514B1A37A072B60D168680590FFF745
:1065800069FD2A68ADF818003AB305A902912E49B1
:1065900000230191012100914FF6FF710593FFF750
:1065A00089FD059B1BB96FF001000BB030BD6B601E
:1065B000059B04A9186800238DF8103042F60303E8
:1065C000ADF8123007F0B8FF70B90598C3689B7931
:1065D0009B0605D46FF01500E7E70028E8D1E2E755
:1065E00009F076F9ADF81800BDF818003CB10123A8
:1065F00001462A462046AB75FFF760FFD5E76FF0EE
:106600007F0307930223ADF8203042F60213ADF862
:10661000123005ABAC7502930C4B4FF6FF71019332
:10662000012304AA0093234609958DF81040FFF733
:1066300041FD0798B9E76FF00A00B6E76FF07F00F9
:10664000B3E700BF0C25002067F501009168010049
:1066500073B5044650F8083C00F130056FF00101B5
:10666000A0F120062846019308F0A4FF0F4B00205C
:1066700044F81C3C0E4B314644F8183C01AB44F83E
:10668000103C042324F8080C24F8060C24F80C3CD5
:10669000FFF766FF38B9D5E8EF3F43F00203C5E8DE
:1066A000E23F002AF7D102B070BD00BFE83202001D
:1066B000A15D0100F8B5334B1568826804469A4223
:1066C00000AF1FD1C6683389721CDBB12846317810
:1066D00008F0FAF9B0B14FF495722146284609F056
:1066E00049F9032811D16D4688B06A46264BC2E9A4
:1066F000053442F8100F00234FF4C4512348F9F732
:10670000F3F8AD460120BD46F8BD3146204608F0FD
:1067100082FF1F4B9E42F5D1287A05F17001FFF7E9
:10672000A3FA04460028EDD0038913B94389002B4E
:10673000E8D02846FDF752FA2389164A618922F8E3
:10674000203002EB8003598018231349134C03FBBC
:10675000001300B202EB80021A61042200EB400039
:106760005C600F4C01EBC00128469C609A82FFF7E9
:10677000F7FE0028C6D001210A4A044807F0B0FC01
:10678000C0E700BFB55E0100E85D0200E429020039
:10679000542800203A7300208C6A0020E83202005E
:1067A00067F70100FC5D020030B504468BB0354848
:1067B00008F0E5FE42070D465DD514B1A37A072B1C
:1067C0005CD168680590FFF745FC2A68ADF81800B1
:1067D0003AB305A902912C490023019101210091AE
:1067E0004FF6FF710593FFF765FC059B1BB96FF032
:1067F00001000BB030BD6B60059B04A91868002335
:106800008DF8103042F60303ADF8123007F094FE15
:1068100070B90598C3689B79DB0605D46FF0150045
:10682000E7E70028E8D1E2E709F052F8ADF81800F0
:10683000BDF818002CB101462A46204609F0B8F8E8
:10684000D7E76FF07F0342F6021207930123ADF8FA
:10685000122005AA02920D4AADF82030CDE900328F
:106860004FF6FF71234604AA09958DF81040FFF7F3
:1068700021FC0798BDE76FF00A00BAE76FF07F00D0
:10688000B7E700BF0C25002067F501009168010003
:10689000F8B51446394B826807469A4201D0012068
:1068A000F8BDC668364B9E424FD03289A389711C11
:1068B0009A42F4D13078FDF71BFC05460028EED053
:1068C000837A072B05D0FDF737F8E8E7FDF734F8B2
:1068D000EBE7736923B13946984708B92846F2E7D0
:1068E0007B8A13F09407F9D1A389022B14D1338941
:1068F00013F0020604D12846FDF71EF8A660CEE785
:1069000028462269A188FFF7D9FD0646A8B9226961
:10691000937D01339375EEE7012B04D02846FDF7F4
:106920000BF8A760BBE7338913F00106E3D02846D4
:106930002269A18809F03CF806462846FCF7FCFFCE
:10694000002EA660ABDA0020AAE70E4D0E492846BD
:1069500008F00DFE0028A8D10722294615F8010CE1
:10696000FDF718FC0028B1D1236929461A6915F8EA
:10697000010C53881288FFF79DF996E7B55E010078
:10698000542800203F730020604B020007B50090A0
:1069900001206B464FF6FF71034A8DF8040008F0A2
:1069A000DEFF03B05DF804FBB5660100F8B50E4BE1
:1069B00005461B680E461746A3B11C6804B1043C8B
:1069C00053F8043C1BB13A463146284698474CB12F
:1069D000234664681B681CB1043C002BF3D1F7E725
:1069E000002BF0D1F8BD00BFC06A002070B504468E
:1069F00003464FF6FF7101200D4A08F0B0FF204614
:106A0000FFF71AF9054688B104F170063146207A7D
:106A100007F0D2FE20B92846BDE87040FFF7ACB9B8
:106A20003146681CBDE8704008F0BDBD70BD00BFB8
:106A3000155E010080B500AF88B06A46074BC2E919
:106A40000530032342F8103F00234FF4C25104489D
:106A5000F8F74AFF6FF00B00BD4680BD215E0200D3
:106A6000142A0200044B1A680AB1FFF7E3BF034877
:106A7000586010460B607047C86A0020EC33020073
:106A80000122024BC3F80424704700BF002008E035
:106A9000084B70B5C31A0D4607499B10044659436D
:106AA0004022064809F027F82B4601462046BDE85B
:106AB000704018472C6B0020B76DDBB6A81F020092
:106AC000402373B50B4C0093041B0B460D460A493B
:106AD000A41061430646094A094809F037F8011E27
:106AE00005DA30462B4602B0BDE87040184702B0C8
:106AF00070BD00BF2C6B0020B76DDBB6B5FB01008D
:106B0000A81F0200F8B500220121054640F2051039
:106B1000F9F71CFE0F4801F0BDFC0446B8B909F0B6
:106B20005CFA2F690C49384607F0A2F9031E09DB0D
:106B300001263E642D69084905F11C0007F098F90B
:106B4000031E02DA1C462046F8BDEE64FBE76FF038
:106B50000404F8E7D5FB0100143402007FB50022DD
:106B60000123CDE9022304ABCDE90433094A6B4686
:106B7000CDF800D0CDF804D009F015F8002805DBD9
:106B800043F609520023684602F088FD07B05DF81D
:106B900004FB00BFC7FB010010B5EFF311844023D5
:106BA00083F31288BFF36F8F074A136823F0020143
:106BB000DB07116002D4012009F009FA84F311887F
:106BC000BFF36F8F10BD00BF7C6B00200C22104BF9
:106BD000014602FB0033002030B4D3E90E52986323
:106BE000EFF31180402484F31288BFF36F8F1C6C85
:106BF00004F0C00444F002041C6480F31188BFF365
:106C00006F8F1DB12B4630BC0248184730BC70470F
:106C10002C6B0020A81F020010B4EFF31182402358
:106C200083F31288BFF36F8F1648016841F00204A6
:106C30000460C80707D482F31188BFF36F8F012067
:106C400010BC01F017BC1049D1F80C14C903F2D5DF
:106C5000EFF3118083F31288BFF36F8F0B490B6C36
:106C600003F0C00343F002030B6480F31188BFF309
:106C70006F8F82F31188BFF36F8F002010BCFFF776
:106C8000A5BF00BF7C6B002000E010502C6B0020E3
:106C90002DE9F041012207463449D1E8EF3FC1E830
:106CA000E02F0028F9D133B9314932484B60CB602D
:106CB0008A6007F0F0F87B1E012B28D8012F06D13F
:106CC0002D4BD3F8503403F00303012B1FD009F0F0
:106CD000E4FE0546E8B9294B1B78D3B104220646E9
:106CE000254BC3F80823244CDFF89480D4F84C24B7
:106CF000D4F84C34D20315D503F00303012B01D093
:106D0000012F0FD165B386F31188BFF36F8FBDE8F4
:106D1000F081EFF31186402383F31288BFF36F8F66
:106D20000125E0E7BDB1304607F0BAFAD4F84034A7
:106D300013F0FF03DAD1D4F80821002AD6D0C4F822
:106D40000831D4F8083120220123C4F84034C8F8AF
:106D5000A0212361CAE70021202003F0C3F9E5E761
:106D60000422054BC3F80423D1E700BF286B0020A1
:106D7000186B0020486B002000E010509E7E002021
:106D800000E100E010B5044C2046F8F7E5F9204694
:106D9000F9F7B6FF002010BD9D6D010073B50446E4
:106DA00003250F4E8DF80700012200200DF1070189
:106DB00002F0ECF820B101233370204602B070BD20
:106DC0003378002BF9D0013D08D009F066FE002889
:106DD000EAD100213F2003F085F9E5E73570ECE7C3
:106DE000097C00202DE9F04340F206354768D006C3
:106DF00048BF4FF0030C3B7C02EA050558BFC2F3C5
:106E0000401C87B001F01F06B5F5837F144646EAA3
:106E100043168DF803C046D00DD8062D45D005D8B1
:106E2000A5B1022D12D06FF0150039E0B5F5807FC5
:106E3000F9D101250AE040F20222954237D0B5F59A
:106E4000407F36D0B5F5007FEDD104250123220324
:106E500003FA01F12FD57B685960B86880BB5F2EBB
:106E600006F01F034FEA561173D83C4A52F821200E
:106E700084F4803102EB8302D2F88030C1F3004108
:106E8000C4F3404423F4706344EA410423F00F0345
:106E90001C4344EA8C0444EA0524C2F880400020E4
:106EA00007B0BDE8F0830925D0E70825CEE7062521
:106EB000CCE70525CAE7630344BF7B689960CCE74C
:106EC00031460DF1020209F08AFA14F4403F80467F
:106ED0000CD13146B86809F09BFAB8F1000FDED149
:106EE0009DF80210B86801F0CDFCD8E74FF000091A
:106EF00001ABCDE90199CDE90439CDF80C903146CB
:106F0000B86803AA09F0AFF94845C8DB14F40033A8
:106F100014D09DF8033084F48034C4F300448DF819
:106F20000E308DF80C508DF80D404B463146B86848
:106F300003AA01F0F5FB0028CFDAB0E7CDE904336E
:106F40000DF1030303933146B86803AA09F08BF9E6
:106F5000F1E7203350F82330FFDE00BF3834020061
:106F60004209022A034670B503D0012A18D0CAB1DB
:106F700070BD0E4E326951680029F9D0012503F029
:106F80001F030C689D400029F2D08A682A4002D075
:106F900030464B6898473CB1236821461C46F2E7CF
:106FA000034EE7E7034EE5E72346F6E70820020035
:106FB000E81F0200C81F020038B54568A868C0B1C4
:106FC00009F020FA0146A0B9A86801F023FC0446A4
:106FD00088B902460949A86809F0FEF9224601214C
:106FE000DB20F9F7B3FB2246012140F20D10F9F73F
:106FF000ADFB002038BD6FF00400FBE7616F0100BE
:10700000F0B545681646A8682A7C01F01F0487B0D1
:1070100044EA4214002868D0B6F5001F04D1214686
:1070200009F04AFA002051E00020B6F5800F01AACD
:107030000190506039D1B3F1007F14BF05230423C0
:107040008DF804300023CDE904230393EB680DF1A0
:10705000030723FA01F111F0010139D1B6F1A07F44
:1070600036D104F01F035F2C4FEA541003F12003C4
:107070003ED8214A52F8202052F82330DB0727D48B
:107080003A462146A86809F0AAF9163018D00297A6
:107090002146A86803AA09F0E6F8002816DB0122B9
:1070A0002146A86809F0B6F9BCE7B3F1C06F05D076
:1070B000B3F1007F14BF01230223C1E70323BFE71D
:1070C0003946A86801F0E8FB0028E0DA07B0F0BD17
:1070D0003A462146A86809F082F90028D8D19DF8DF
:1070E0000310A86801F0CEFBD2E76FF08500EDE752
:1070F00051F82330FFDE00BF38340200036803F08C
:107100001F025F2B02604FEA53129ABF024B53F8E3
:1071100022000020704700BF803402002DE9F04FAC
:107120001546074640F2FF19DFF868A1DFF868B19D
:1071300085B000EB8101B94203D1002005B0BDE864
:10714000F08F3A68C2F3C323082BC2F3080400F29D
:107150009E804C4508BF4FF0FF34B2F1D05F1AF863
:1071600003804FEA126310D2192B12D8DFE803F024
:1071700014226461292F61111111111111111111C2
:1071800011111111111167717477382B6AD04E2BC0
:1071900052D06FF08500D1E7C5F80446601C14D0CA
:1071A000012603A80394FFF7A9FF039B06FA03F344
:1071B000436004E0C5F80C46621C06D00026324647
:1071C00013E0631CC5F800465FD10437B3E7661CC3
:1071D000C5F80446F9D0012603A80394FFF78EFFF3
:1071E0000122039B02FA03F383603B68039403F4D8
:1071F0000040002818BF002203A818BF01260193F1
:107200000092FFF77BFF039C019B00EB8400D0F80A
:107210008040C3F3412C009A4FEA082343EA8C03D1
:10722000134304EA0B04234343EA4603C0F88030C7
:10723000CBE7C5F80846BFE7C5F81046AEE7C5F886
:107240006045621C3B68C0D0C3F30043002BC2D032
:10725000A6E7C5F86445F4E7C5F86845F1E7C5F861
:107260006C45EEE703A80394FFF748FF039B00EB90
:107270008300D0F8803023F0E04343F08043C0F82F
:107280008030631CA1D0012699E70026A4E76FF0A7
:10729000150053E7A95E0200F0F0FCFF2DE9F04174
:1072A00004460D46476809F0F8FBA0B9274B1B7848
:1072B0008BB14FF04008642663681B68D3F8303107
:1072C0008BBB012008F08FFE013EF5D1002120206C
:1072D00002F008FFEFE74021EFF311831A4681F334
:1072E0001288BFF36F8F60680068D0F8300120B952
:1072F00083F31188BFF36F8FEEE77B6A00201D7068
:107300006368796A1B68C3F83C170121C3F840170A
:10731000C3F83001D3F83001196582F31188BFF347
:107320006F8FBDE8F081EFF311831A4688F312885E
:10733000BFF36F8F61680968D1F830110029DCD183
:1073400083F31188BFF36F8FC0E700BF9E7E0020DC
:1073500070B40D4CD4E90065901B63EB0501400946
:1073600040EAC1604101891945EBD065C4E90015C7
:10737000002400250549C1E90023054BC3E9004568
:1073800070BC03F0FDB800BFE85E0020D05E0020B6
:10739000E05E002008B500220121E420F9F7D6F9CB
:1073A000164A0020D2F8183723F44033C2F81837B1
:1073B00001F0A4FB002820DB0120114901F02AFC88
:1073C00000281ADB01F074FB0E4B20F01F00C3E90C
:1073D00000010D4B0022C3E900014FF0FF304FF0D8
:1073E000FF310A4BC3E90001094B0A49187A01F041
:1073F0006FFB67220020084B1A6008BD00200E506A
:107400008C280020E85E0020C85E0020D05E0020AE
:107410008428002051730100AC6B002008B501F0F6
:1074200047FB064AD2E90032C01A054B61EB020164
:10743000C3E90001400940EAC16008BDE85E0020E0
:10744000E05E0020F7B5224B0146224F187A224B0E
:10745000D7E90056D3E900239E4208BF954211D1D7
:10746000B1F1806F0ED24901012938BF01210122FB
:107470004D1946F10006C7E9005603B0BDE8F040DB
:1074800001F060BC154BDFF858C0D3E90043DCE9DC
:10749000002CA41843EB0C0C4FF0200E2246634640
:1074A000C1FB0E23954276EB0301C7E900230DD201
:1074B000291B66EB0C04C82974F10004B4BF012138
:1074C0000021009101F006FC03B0F0BD0021F8E7B7
:1074D00084280020D85E0020D05E0020E85E0020D6
:1074E000E05E0020034630B40C46DA88006802F003
:1074F000400219792243836805699C697CB11302B3
:1075000006D501232D688B402B4218BF82F0C06244
:10751000054BA44630BC134002F0B07260476FF0D8
:10752000570030BC704700BF400000062DE9F8430B
:1075300007460026144DDFF85480DFF85490B7B1A9
:107540002968414516D0494514BF4FF0E8614FF016
:1075500098612846FFF7C6FF044670B10121034633
:107560000C4A0D4806F0C5FD2046BDE8F8834FF4EF
:107570000011EEE74FF09861EBE70136042E05F1BC
:107580000805DCD1F0E700BFF4340200C81F020098
:10759000E81F0200CD5E0200442A020038B5EFF376
:1075A0001185402383F31288BFF36F8F0F4C23782C
:1075B000BBB90F4B984202D00E4B98420AD1002023
:1075C000FFF7B4FF18B10C490C4808F030FC00225A
:1075D0000B4B1A700123202223700A48002302F06B
:1075E00099FA85F31188BFF36F8F38BD0D7C0020A9
:1075F000C81F0200E81F0200ED5E0200442A0200DC
:107600000C7C0020F05E002008B50349034808F018
:107610000EFC002008BD00BF095F0200442A0200E2
:107620002DE9F74300244FF001082546124E30683B
:107630003779D0F81090836801A95B6898470028D3
:107640000CD014DB08FA05F31C430135042D06F1B8
:107650000806ECD1204603B0BDE8F083D9F800203D
:10766000019B08FA07F753403B42EED0EAE703B02C
:10767000BDE8F043FFF7C8BFF43402002DE9F04144
:10768000334F3B7853B10020FFF750FF28B1314909
:107690003148BDE8F04108F0CABB3870FFF7C0FFC1
:1076A00004462E4BD3E8EF2FC3E8E14F0029F9D170
:1076B0002B4BDFF8B0801A7842BBD8F80060A642A6
:1076C00019D0294B66401B680BB1314698474FF0E3
:1076D000FF334FF0FF32254801F0ACFE244B1D680C
:1076E00035B1043D2B683146204698476D68F7E771
:1076F0001E4801F017FFC8F8004054B1BDE8F04142
:1077000040F2391200231B4802F004BA00221A701A
:10771000F1E7EFF31186402383F31288BFF36F8FF5
:10772000154B1D78012D05D086F31188BFF36F8F9F
:10773000BDE8F08128461C70FFF7F8FE3D7086F327
:107740001188BFF36F8F0028F2D00C49A0E700BF6B
:107750000C7C00201E5F0200442A0200E06B002027
:107760002A290020B46B0020E46B0020B86B0020B5
:10777000CC6B0020F05E00200D7C0020375F020003
:10778000054BD3E8AF3F00B10360044811B1026874
:107790005A400A6003607047E06B0020B06B002025
:1077A0002DE9F843344B1860344D354808F0A0FFFC
:1077B0002E460027A846F388304613F0010F0CBF71
:1077C0002021102141F4803108F01CFB044630B127
:1077D0002C492D4808F02BFB2046BDE8F8830137E3
:1077E000042F06F10806E6D1064607464FF00109C8
:1077F0004FF400112846FFF775FE044608B12349EF
:10780000E7E72B79013709FA03F3042F46EA030669
:1078100005F10805ECD105461D4F1E4BC7E90136A1
:1078200058F835008368DB6933B10122394698473F
:10783000044620B11849CCE76FF05704FAE7013548
:10784000042DEDD11549164809F0D8F80122154B41
:1078500013481A700023002202F028F9214620461E
:10786000FFF78EFFFFF7DCFE0F4BD3E8EF2FC3E8E7
:10787000E10F0029B0D0F8E7E46B0020F4340200F7
:10788000B86B00204F5F0200442A02006C5F0200C8
:10789000D46B00209D750100875F02007D7601009A
:1078A000F05E00200D7C0020E06B002002460B46BD
:1078B000014801F0BFBD00BF602A0020014801F06F
:1078C00031BE00BF602A00200149024809F065B8B6
:1078D000EC6B002078650020094B93F84730042BAF
:1078E00002D1810709D47047022B02D1020704D4C8
:1078F0007047082B03D1830601D5FFF7E5BF70471A
:107900000E7C002010B403460A46034881680C68C8
:107910001946234610BC184728200200B0B50024A1
:1079200084B000AF3B1D7C600A22BC60C7F80B40EE
:107930003960014618460AF053FA6D468AB003468C
:107940006A4639680D48D161C2E905034FF40073F6
:1079500013840B4B42F8103F4FF411512346094852
:10796000F7F7C2FFAD4684F31188BFF36F8F03238F
:10797000184602DF1037BD46B0BD00BFAF5F020042
:10798000040000010C2A0200F0B589B0064600AFE1
:107990000D463448344908F0E4FF07F10C00E8F7DD
:1079A00005FF6C4688B06A46304B5361304B93619B
:1079B0004FF4007393832F4B42F8103F2E492F480A
:1079C00007F10C03F7F790FFA5462D4808F0F4FDEA
:1079D00050B901212B4A294806F082FB6FF01204AE
:1079E00020462437BD46F0BD274B381D7B60E8F7A5
:1079F00007FF034638B10121244A204806F079FBED
:107A00006FF01504ECE74FF0FF304FF0FF31FFF758
:107A10004DFF04460028E3D11D491E48E8F788FEC3
:107A2000044610B1FFF74AFFDAE741F64C5307F17D
:107A30000800BB60F3F77EF820B1FFF73FFF6FF05F
:107A40008504CDE7012338463B70F3F76BF8002837
:107A5000F3D1FFF733FF33690F481D60F9F7DEFC00
:107A6000BEE700BFEC6B0020DBFE01003D500200D2
:107A7000D45F020003000001C01C40010C2A020078
:107A800028200200FB5F0200057901001B60020054
:107A9000205F0020697B0100D978010030B52F48B4
:107AA00087B0E8F7C3FD0446002851D10125E8F767
:107AB0008FFEE8F799FEF2F729FEF2F729FE022180
:107AC000204603AA8DF80C50E8F7E4FD00283EDBC1
:107AD00008230721204603AAADF80C30E8F7DAFDA9
:107AE000002834DB4FF01B13039340F203230321E0
:107AF000204603AAADF81030E8F7CCFD002826DBBD
:107B00000421204603AA8DF80C50E8F7C3FD002895
:107B10001DDB1F230621204603AAADF80C30E8F731
:107B2000B9FD002813DBB0F5CB6F14DD4FF4CB6348
:107B3000009029460A4A0B4806F0E5FA84F31188BA
:107B4000BFF36F8F0423184602DF6FF00B0004466B
:107B5000204607B030BD2046F9E700BF1D7901007F
:107B60003F6002000C2A020073B5474C94F847307E
:107B700023B394F84730042B5BD120783E2830D0D3
:107B8000FF2834D0002563780233472B34D94722AD
:107B9000012100923D483E4A06F0B5FA6FF00B0312
:107BA00001213C4A394806F0A4FA002383F31188E6
:107BB000BFF36F8F0423184602DF26E04FF0FF303B
:107BC0004FF0FF31FFF772FE48B9204604F147013C
:107BD00000F088FB0546FFF771FE002DC9D002B00A
:107BE00070BDA578022D14BF00250125CBE7A5782F
:107BF00005F0FD05802DF6E7002200232946F9F760
:107C000017FC064648B9002DE9D0002384F8473018
:107C100002B0BDE87040FFF757BE62781A490232E1
:107C20000C3006F0E5FB31461B4B1B681B489847A0
:107C3000EBE7022B15D1002200230820F9F7D6FB31
:107C400005460028CBD063880433472B9FD81A46BB
:107C50000D4905F10C0006F0CBFB0F4B29461B68C4
:107C6000E4E7082B09D1002300222020F9F7BEFB0E
:107C7000638805460028E7D1B1E70121084A034897
:107C800006F037FAC1E700BF0E7C00200C2A020084
:107C900062600200BC600200E86B00206820020005
:107CA00083600200F7B5C04D06462B78002B40F0EC
:107CB000128304238DF80730BC4B04881F68B7B1CA
:107CC0000DF106030DF10702691CB84701280ED01B
:107CD0009DF80630002B40F074819DF807300E228D
:107CE000AB7001236A70EB70AC80A87172E1B4F5DF
:107CF000105F4FEA94230AD2002B4ED0013B072B92
:107D000008D8DFE803F00907367A070707C13F2BD9
:107D100000F0EA81012055E0304640F2064230F999
:107D2000033B93420FD040F21D4293421ED00120EC
:107D300040F206439C4200F0448140F21D439C42C5
:107D400000F03F813EE0F2F743FF42F264039C42C1
:107D500040F2988242F285039C4233D842F2670394
:107D60009C4200F2A18242F26603E8E7F2F732FF9A
:107D7000EBE7304640F6634230F9033B934230D0A4
:107D80000DDC40F6034293421FD040F62D42934251
:107D90001ED040F60142934212D0012011E140F67C
:107DA0007B42934220D040F67C429342F5D19DF82D
:107DB00007307F4902338DF80730F2F73AFE01E0D1
:107DC000F2F729FE0128E8D087E7E8F7EFFDF9E7A9
:107DD0009DF80730764903338DF80730F2F720FE1F
:107DE000F0E7F2F71FFEEDE79DF807307049043326
:107DF0008DF80730F2F71BFEE4E73388A3F58053D4
:107E0000013B082BC9D801A252F823F0317E0100B2
:107E1000437E0100577E01009B7D01009B7D010098
:107E20009B7D01009B7D01009B7D0100777E010011
:107E30009DF807305E4808338DF80730F2F795FE5D
:107E4000C0E79DF807305A4840338DF8073008F0F6
:107E500046F8002041E700229DF8073008338DF8EE
:107E60000730534B1A605A60EB7A23F0600343F0FB
:107E70006003EB72EDE79DF807304D4806338DF84F
:107E80000730F2F774FE9DE7304642F2320130F8D7
:107E9000033B1AB28A4279DCB2F5005F42F2640217
:107EA00008DC94423FF479AF40F2FC8142F2850352
:107EB000012051E7A3F50053013B312BF1D801A17B
:107EC00051F823F0B57F0100DF7F0100F17F010051
:107ED000A37E010003800100098001000F800100E2
:107EE00021800100278001002D800100A37E010078
:107EF000A37E0100A37E0100A37E0100A37E0100FA
:107F0000A37E0100A37E0100A37E0100A37E0100E9
:107F1000A37E0100398001004B80010051800100E7
:107F200063800100A37E010075800100878001004D
:107F300099800100A37E0100A37E0100A37E0100C1
:107F4000A37E0100A37E0100A37E0100A37E0100A9
:107F5000A37E0100A37E0100A37E0100A37E010099
:107F6000A37E0100A37E0100A37E0100A37E010089
:107F7000A37E0100A37E0100A37E0100A37E010079
:107F8000B9800100CB800100D180010042F24B0397
:107F90009A4200F0A08042F27C039A4249D042F219
:107FA00064039C427EE700BF567C0020FC6B0020EF
:107FB0005D7C0020F2F7DDFD42F264039C427FF419
:107FC000C4AE0F236B700423AB700123E8702B71D8
:107FD000A5F80540012300202B7003B0F0BD9DF8EB
:107FE0000730BE4803338DF80730F2F7C7FDE3E7EB
:107FF0009DF80730B94808338DF80730F2F7C0FD17
:10800000DAE7F2F7BFFDD7E7F2F7BEFDD4E79DF858
:108010000730B24801338DF80730F2F7B7FDCBE7F0
:10802000F2F7B6FDC8E7F2F7B5FDC5E7F2F7B4FD24
:10803000C2E7F2F7CBFDBFE79DF80730A74907334A
:108040008DF80730F2F7AAFDB6E7F2F7A9FDB3E71E
:108050009DF80730A14910338DF80730F2F7A2FDE3
:10806000AAE79DF807309D4808338DF80730F2F7EE
:108070009BFDA1E79DF80730984902338DF8073042
:10808000F2F794FD98E79DF80730944902338DF894
:108090000730F2F78FFD8FE79DF8073008338DF832
:1080A00007308F23EB71C023EB7242F264039C42D2
:1080B00040F0E280002084E79DF8073087490433D0
:1080C0008DF80730F2F77AFD76E7F2F779FD73E77E
:1080D000F2F778FD70E79DF80730804802338DF89D
:1080E0000730F2F771FD67E730464FF6165230F869
:1080F000033B93425AD84FF60152934206D803F2FB
:10810000FF3292B20A2A33D901205EE0A3F57D4303
:10811000023B142BF8D801A252F823F03D82010053
:1081200043820100498201004F8201000981010060
:1081300009810100098101005582010009810100C6
:10814000098101005B8201000981010009810100B0
:1081500009810100098101000981010009810100F3
:10816000098101006182010009810100738201001F
:10817000A3F57C43013B0A2BC6D801A252F823F099
:10818000BB810100D7810100098101000981010043
:108190000981010025820100098101000981010096
:1081A00001820100138201002B8201004FF61D5253
:1081B0009342A9D1F2F7D7FC07E09DF80730474872
:1081C0000C338DF80730F2F736FC4FF6025224F0EC
:1081D00008039342B4E500209DF8073040338DF842
:1081E00007303E4B1880EB7923F0230343F0230341
:1081F000EB712B7A23F0070343F007032B72E4E7BC
:108200009DF80730354817338DF80730F2F731FC09
:10821000DBE79DF80730314820338DF80730F2F75F
:108220004CFCD2E7F2F723FCCFE79DF807302B4850
:1082300001338DF80730F2F75DFCC6E7F2F770FC0A
:10824000C3E7F2F76FFCC0E7F2F76EFCBDE7F2F7A9
:1082500071FCBAE7F2F770FCB7E7F2F771FCB4E72C
:108260009DF807301D4904338DF80730F2F76AFC9A
:10827000ABE7F2F776FCA8E703D942F285030020CA
:108280006AE5002042F219039C4218D842F20C031E
:108290009C427FF64DADA4F500530D3B41F24122C7
:1082A0009BB206E00120EDE7A4F50153283B0C4A00
:1082B0009BB222FA03F3DB077FF584AD81E642F23D
:1082C00032039C423FF47DAEA4F50153033B012BE6
:1082D0003FF678AD75E64FF0FF307EE65D7C00201E
:1082E0002F80402038B5094C0D4623781BB9BDE8D6
:1082F0003840F2F780BBA278611C023209F04BFDD6
:108300000020042320702B7038BD00BF567C002055
:1083100070B505460E46084C204608F04DF938B1B8
:10832000A36829462046B2B21B68BDE870401847D2
:108330006FF0120070BD00BF282002004FF40071E2
:10834000014802F011BC00BF9E7C0020322337B5EB
:108350000125ADF8043000231C216846104A8DF831
:108360000630ADF800508DF80230F1F745FB0446B9
:1083700098B907F039FC80B2F1F7B6FA2A462146DF
:108380008520F8F7E3F92A462146E520F8F7DEF9DB
:108390002A4621468A20F8F7D9F9204603B030BD95
:1083A000B58301000149024808F0F7BA046C0020C7
:1083B00078650020B0B5002484B000AF3B1D7C6020
:1083C0000A22BC60C7F80B4039600146184609F024
:1083D00007FD6D468AB003466A4639680D48D1618B
:1083E000C2E905034FF4007313840B4B42F8103FAE
:1083F0004FF4115123460948F7F776FAAD4684F356
:108400001188BFF36F8F0323184602DF1037BD4674
:10841000B0BD00BF1461020004000001642A020024
:108420000122014B1A63704700E010500122014BFA
:108430005A63704700E0105003460221014A024887
:1084400005F057BE3C610200842A020028B10228D0
:1084500006D10420034B1B681847024B1B68FBE73F
:10846000FFF7EABF146C0020014B02201B6818477D
:10847000146C002028B1012807D100200349F1F72E
:1084800039B9034B02201B68184770474D8401001F
:10849000146C0020014B186000207047146C002001
:1084A000064BD3F840231C2A05D1D3F84403431EBE
:1084B0005842584170470020704700BF00C0FF007D
:1084C00003689A070CD50368DB070DD50922074B13
:1084D000C3F80C250F22C3F8042501221A60FEE719
:1084E000034B0360EF3B0360704700BF00801050F8
:1084F000F000FA5008B501233C4A3D48C2F8003864
:108500003C4AD2F840231C2A04BF3B4AC2F80C3430
:10851000FFF7D6FF0830FFF7D3FF0830FFF7D0FF93
:108520000830FFF7CDFF00F5F470FFF7C9FF334ABD
:10853000D2F88C3043F44063C2F88C300022D30070
:1085400003F57F0303F54043D3F8001401310AD04B
:10855000D3F8001439B1D3F800140132D3F804343D
:10856000402A0B60EBD1214BD3F84024002A38D0AD
:10857000FFF796FF48B11F4BD3F83423204B9A42A4
:108580009EBF1A4B1F4AC3F84026FFF789FF18B158
:108590001D4B1E4AC3F8AC27FFF782FF48B13422B7
:1085A000124BC3F82426D3F83C2622F40022C3F849
:1085B0003C26174B1149D3F80026D20744BF6FF071
:1085C0000102C3F800260323124AC2F81835D1F875
:1085D0008C3043F44063C1F88C300023C2F8A035DE
:1085E00008BDC822C3F84024C2E700BF00001250F3
:1085F00000C50D5000C0FF000030055000ED00E048
:10860000001D0A1840E0A91E00A0085078000A04C6
:1086100000E0105000B00450036803F01F025F2B0D
:1086200002604FEA53129ABF024B53F82200002017
:10863000704700BF20350200034A4309D35C00F0B5
:108640001F001844C0B2704768610200F0B50646CA
:10865000002487B0114F019117F8012B06AB03EBF3
:10866000D20313F8143C02F00702D34013F00103C5
:1086700006D10134032CEFD10023184607B0F0BD1A
:10868000074A03AD07CA85E8070055F824100A6AAF
:1086900046F824200A62002AEBD0EEE77861020057
:1086A0003C2B0200F7B504460846FFF7C5FF06B2AB
:1086B00004EB4606B38A0D46DB072BD5204607F0B0
:1086C000AFFD2946204607F01BFD58B1204607F0B4
:1086D0002DFD0022276800B207EB8003C3F81025A8
:1086E000C3F810252946204607F049FD002101A8BE
:1086F000B1820195FFF790FF019B00EB8300D0F85A
:108700008020064B134043F00203C0F88030084637
:1087100003B0F0BD6FF01500FAE700BFF0F0FCFF0A
:108720002DE9F043044685B0084616461D46FFF77E
:1087300083FF0F46804636B3204607F0ECFC18B99D
:10874000204607F0DDFC28BB0FFA88F904EB490945
:10875000B9F8143013F01C0F02D07378012B19D024
:1087600001238DF80F3000233846CDE90063721CD9
:10877000B31C0DF10F0107F06BFCB9F8143043F096
:108780000303A9F81430002D40D03946204607F0E5
:10879000C2FC20B96FF0150005B0BDE8F0830022DF
:1087A000297823684FEA810C03EB8103C3F8102575
:1087B000C3F810250FFA88F204EB4202938A23F4DF
:1087C000604323F0200393826E78FEB12468A8787A
:1087D0006444D4F810550E4B36042B40C4F81035C1
:1087E00041F6F07306F4403603EA07130005D4F8A7
:1087F0001055334300F4801003432B43C4F8103565
:10880000938A43EA413343F0200393820020C3E775
:108810000FE0ECFF70B590F87440054690F8756075
:1088200044BB46222146143009F0C2FA2146134ABD
:108830002B6852F836608E4212D1002440F20D109F
:10884000C3F84441D3F844210D4A934208BFDB20CA
:10885000F7F75AFF0123204685F874302B6670BD68
:10886000CAB2920002F58070442A04BF1C501A5804
:108870000131E0E76FF07700F1E700BF2C3502002F
:1088800000A00D5090F87500024B03EB800007F03C
:10889000C6BB00BF9428002010B5064B90F87500A9
:1088A0000C4603EB800007F0A0FB0028A4BF20705B
:1088B000002010BD942800202DE9F04F814659F882
:1088C000043B8BB0D3F8141390F8754000936C4BB5
:1088D000C9B241F40031804653F83420009807F0C3
:1088E00078FC810305463AD50023CDE90733099387
:1088F000634B07A803EBC4035B6819460193FFF7BA
:10890000A5FE042303EBC40303934FF0000B5D4B60
:108910000DF11C0A0293029A594912F8013B029286
:10892000039A02EBD3028A5C03F0070322FA03F3F3
:10893000DA071AD40BF1010BBBF1030F0AF1040A99
:10894000E9D14FF400310022009807F042FC019970
:1089500007A8FFF77BFE0028D7D125F400350124B6
:10896000002D75D10BB0BDE8F08F474B5B440493ED
:10897000DAF800100029DDD091FAA1F1B1FA81F105
:10898000049B1C7841EA44142046FFF755FE08EB8F
:108990004000878AC808BB08059301231AF8002005
:1089A00001F0070103FA01F122EA01020AF80020AE
:1089B00006A80694FFF730FE069A059B203250F871
:1089C0002220C7F382065B073746C2F3014223D554
:1089D0004846D6B221463A4607F0B2FB06A80694AE
:1089E000FFF71AFE069B203350F82330C3F30143F0
:1089F0009E4207D10021204607F073FB31462046F6
:108A000007F06FFB06A80694FFF706FE0122069BFF
:108A100002FA03F30362ABE7022A0DD103212046D9
:108A200007F05FFB06F00503012BEBD13A46214628
:108A3000484607F085FBE5E702212046059207F04E
:108A400050FB032EF2D0059A032ADBD1022EECE76D
:108A500095FAA5F3B3FA83F3009904FA03F225EA31
:108A6000020503F5A27251F8222008EB43034846A1
:108A7000B3F86410C2F3014207F062FB70E700BF75
:108A80002C3502007861020078610200074B027AFF
:108A9000D3F8101521F001010A43C3F8102502682C
:108AA000C3F8A4264268C3F8AC26704700200E50D5
:108AB0004FF0FF326FF0404330B5044CD4E9000171
:108AC000824273EB0105F9D330BD00BF40270E5041
:108AD00030B50C25074B1C1894F8544005FB0433A3
:108AE000C3E9031218750123034A8340C2F82433F3
:108AF00030BD00BFD825002000200E50F0B53D4D00
:108B000085B02C78002C6FD13B4A01AB07CA83E8B3
:108B100007003A491846D1F8102522F00202C1F8A0
:108B20001025FFF7B3FF0723672202F0010121445C
:108B3000013BCCB24FEA5202F7D1052C57D119466E
:108B40004FF0010C2B4E00246720CFB204E00CFA4A
:108B500002F220EA0200013490FAA0F25FFA84FEE9
:108B6000BE45B2FA82F2F2D30131327505292A44A8
:108B700082F8547006F10C06E5D10121002420484A
:108B80009A0801FA02F212F0670F18BF1C50043362
:108B9000302BF5D1E420F7F7B7FD184B1949D3F87E
:108BA000102503F5C07322F00202C3F8902340F6AB
:108BB000FF72C3F8A82100221A60A3F58070043365
:108BC0008B420260F8D101240C4B0F4A1C660F4BFC
:108BD0005D201B68B3FBF2F358430D4B23439847CA
:108BE00000202C7005B0F0BD6FF07700FAE76FF051
:108BF0008B00F7E7D8250020482B020000200E50FC
:108C000000210E50B0210E5040420F00902800204D
:108C1000502E020073B52B4C0546636801A803F083
:108C200001030E46019307F0E0F900283FDB002323
:108C300020753370636823F001036360A36843F019
:108C40000103A360204BD3F81025900733D4D3F849
:108C5000102542F00202C3F81025C5B1D3F8482709
:108C600012F0010202BFD3F8481741F00101C3F826
:108C70004817154BD3F84017D3F844174900F9D4D7
:108C80002AB9D3F8482722F00102C3F848270F4B2E
:108C90000F4A1B68B3FBF2F30B4A03EB43136BB1B0
:108CA000D2F84017D2F8440710F0804001D102B04A
:108CB00070BD013BF3E76FF07700F8E76FF07300EA
:108CC000F5E700BFD825002000200E509028002096
:108CD00040420F0070B51D461446184A9DF81060BA
:108CE000131893F8543000B20C3302EBC30142F86E
:108CF00033404D60C5F31301AEB10201104E02F1D5
:108D0000A04202F562228000C2F820450644C2F863
:108D10002415336833B1FFF7CBFEA042A94101D23D
:108D20000023336070BD030103F1A04303F5622308
:108D3000C3F82045C3F82415F4E700BFD825002068
:108D400000210E50F0B50E4D2B1893F85430000151
:108D50000C3355F8334005EBC3077E68641800F107
:108D6000A04021F0004146F1000641EAC27100F541
:108D7000622045F833407E60C0F82815F0BD00BF82
:108D8000D8250020F7B5284B284CD3F82C6304F1E4
:108D900088070EB903B0F0BD96FAA6F00123B0FA29
:108DA00080F08340DA43224926EA0306231893F829
:108DB0005450830019440C2303FB0543DB6873B351
:108DC000D7E8EF3F03EA020CC7E8EECFBEF1000F91
:108DD000F6D1C340DB0719D5020102F1A04202F52A
:108DE0006222D2F82435D2F82025D1F800C0BCF197
:108DF000000FCED04FF0000CC1F800C00C2101FBD9
:108E0000054529690091E9688847C2E705F10C0327
:108E100004EBC30C54F83320DCF80430E5E70A68AF
:108E2000002AB6D00B60B4E700200E50D8250020F1
:108E300000210E50044B40EA0120C3F80005D3F88E
:108E40000024D207FBD5704700B0045008B5124B80
:108E5000A8220021184608F0ABFF03220F49026147
:108E600042610F4A8161C2614FF4005202620022E6
:108E700082624262C26201660A490346416610216B
:108E8000816609490267C266426711F8010D98546C
:108E90000132102AF9D108BD502000207B61020068
:108EA0005000002040000020946102002DE9F84F9E
:108EB0001826DFF87C80074606FB008E00FB06665E
:108EC000DEF82440DEF828C046447368A44589468D
:108ED000154603EB040022D8DEF820B0ABEB040A01
:108EE0000AF1FF339A4203D808F055FF2C440FE0F3
:108EF00063449A4219D852462C4408F04CFFB4EB14
:108F00000B0405D02246706809EB0A0108F043FF04
:108F10001823012003FB07835C62BDE8F88F0CF186
:108F2000FF3CACEB040C9445DED20020F5E700BF1B
:108F300050200020F8B5182700FB0775124B0E468D
:108F40001D4407FB0033DB6A1446012B0AD0022BB9
:108F500014D023B9284607F0B4FA844208D9002473
:108F60002046F8BD284607F0ACFA844228BF0446E4
:108F700022463146284607F0ADFAF1E72846BDE81B
:108F8000F84007F0C2BA00BF50200020F8B50B4BE4
:108F900004461B780E46532B174601D0FFF756FFA9
:108FA00007F0E1FA3A46054631462046FFF7C2FF90
:108FB0000446284607F0DFFA2046F8BD502000207E
:108FC0001822034B02FB00339A6A586A801A7047D2
:108FD000502000202DE9F843144C1F462378054605
:108FE000532B8946904601D0FFF730FF022D1AD847
:108FF00007F0B9FA6DB1182605FB066344F8039033
:10900000E2180023C2F8048006FB0542176293624F
:109010005362182303FB0544089BE36207F0ABFA95
:109020000020BDE8F8834FF0FF30FAE75020002021
:10903000002310B4074A0849C85C12F8014D844265
:1090400004D10133102BF7D110BC704710BCFFF7CF
:10905000FDBE00BF946102005020002010B5044600
:10906000F6F772FB03480121034A05F039F8204660
:1090700007F0ADFA8C2A0200DA4102002DE9F8432C
:1090800004460D4600AFEFF31188402383F31288A6
:10909000BFF36F8F0428294A98BF294BE9468AB04D
:1090A0009668117C98BF53F820306A4688BF254BDC
:1090B000C2E9073140F2013323489384234BC2E9CC
:1090C000050442F8103F00234FF431512048F6F7D1
:1090D0000BFCCD4645B1EB69C3F3080323B1012175
:1090E0001C4A1B4804F0FCFF2EB1304607F0DEFCA2
:1090F00008B1037803B91848E9468AB06A46174BA5
:10910000D061C2E9053640F201331384144B42F8B2
:10911000103F00234FF411510D48F6F7E5FB2946A7
:10912000CD462046FFF79AFF88F31188BFF36F8F73
:109130003046F7F78DFABD46BDE8F883186C00207D
:109140003C35020095610200A361020005000001A8
:109150008C2A0200CB610200FE4F0200EC6102008B
:109160000400000138B50A4B53F82040013053F891
:109170002050A54200D838BD606830B1037FDB07BE
:1091800001D407F001FA0834F3E723689847FAE7B7
:1091900050350200012270B5294B032086B01A70A9
:1091A000FFF7E0FFF6F7F6FE0420FFF7DBFF254CA4
:1091B000254D2646AE4204F1300410D300F0C2FE25
:1091C000204C224EAC4226D300F0D0FEF4F7E6FE4F
:1091D0001F4A137B23F00103137306B070BD54F8CC
:1091E0000C3C059354F8103C049354F8143C03933E
:1091F00054F8183C029354F81C3C019354F8203C5A
:10920000009354E90A2354E90C0100F089FC54F856
:10921000303C5E65CDE7D4E90A23B3F1FF3F08BFD8
:10922000B2F1FF3F05D052EA0301206803D100F0FC
:1092300087FF3034C6E73146183001F011F9F8E7FE
:109240009E7E00200029020000290200AB0B0200D4
:10925000B8660020902370B5134E012203FB006610
:10926000002386B0CDE904230F220193CDE9023219
:1092700014234FF4A0720D4D0D4903FB0055044615
:1092800002FB00110B4B3046009500F049FC737B4C
:109290002C7423F004037373074B013403EBC423D2
:1092A000EE606B6006B070BD28660020186C002070
:1092B000889E0020CB06020088960020BFB50020C3
:1092C000FFF750FF2A4B03F5006282F3088883F30F
:1092D0000A88E023274C002584F822302023E377F6
:1092E00025766576A57684F82050636A224F43F48C
:1092F000E023636284F82350F7F728F9F7F79EFA22
:109300004FF0FF33A362E362F7F740FCF7F7BEFAD2
:10931000F6F778F9194800F071FC0120FFF722FFF9
:109320000220174CFFF71EFF00F054FE154B1649A4
:109330005C61164B4FF48052059301232046CDE922
:109340000353CDE901553B46009500F0E9FB064685
:10935000627B204622F00402627307F0E3FB28469A
:10936000FFF778FF3A4631462046F7F747FA00BF45
:109370008896002000ED00E095910100F86700203C
:10938000B8660020186C0020C89F00203A620200D6
:1093900038B5064C064DAC4201D3002038BD2046FE
:1093A000D4E9011207F01BF91434F4E7D4290020A2
:1093B000D4290020002038B5054C064DAC4200D31E
:1093C00038BD204607F02FF90028F9DB1C34F5E7FB
:1093D00080290020D429002073B50C46EFF31181B9
:1093E000402585F31288BFF36F8FC5685DB1256096
:1093F0002B68C360836901338361002081F3118886
:10940000BFF36F8F11E052EA030603D16FF00B0038
:109410002560F3E7CDE900230246083000F0D8FCD0
:1094200018B9034B9B681B69236002B070BD00BF75
:10943000186C00202DE9F341044617461E46EFF351
:109440001188402383F31288BFF36F8FC368334AB8
:109450007BB180689168884219D057EA060318D119
:1094600088F31188BFF36F8F6FF00F0002B0BDE873
:10947000F081916891F90E100133E36093682161E6
:10948000A36088F31188BFF36F8F0020EEE7216996
:10949000F2E791F90E1090F90E306FF07E029942CA
:1094A000A8BF19469142B8BF11468B422DDD07F087
:1094B00017F9054622464146CDE90076184800F0E6
:1094C00087FC0028E1D0EFF31186402383F3128854
:1094D000BFF36F8FA068D0B1236821699C420AD086
:1094E0004BB193F90E309942A8BF19466FF07E0335
:1094F0009942B8BF194607F0F3F840B13146084821
:1095000000F0FAFC6FF00A00B0E70025D2E7002D6A
:10951000F4D186F31188BFF36F8FF3E7186C002046
:109520009F7E0020F8B583680546002B40D0234A73
:10953000926893423FD1C368012B03D9013BC360BA
:109540000020F8BDEFF31187402383F31288BFF3A7
:109550006F8F0169806807F0C3F82C68AC4207D1AF
:109560000023C5E9023387F31188BFF36F8FE7E764
:10957000002CF5D0D4E90032002613605A60637BDA
:10958000C4E9006623F002036373A66004F11800C7
:1095900007F0A9FBAC6094F90E3020462B61C4F8AB
:1095A0008C6007F0BFFA3946054800F0A5FCC7E714
:1095B0006FF01500C5E74FF0FF30C2E7186C0020D0
:1095C0009F7E002037B51146EFF31185402282F3CC
:1095D0001288BFF36F8F04689CB12368426823F040
:1095E00003039442036008BF43600121204607F053
:1095F00004F9044685F31188BFF36F8F204603B04A
:1096000030BD51EA0302F5D000F10802CDE90013A4
:109610001046294600F0DCFB0028EFD1014B9B6887
:109620001C69EBE7186C002070B5EFF3118640233E
:1096300083F31288BFF36F8F0468A0421BD0D4B1AC
:10964000D4E90032002513605A60637BC4E90055F9
:1096500023F002036373A56004F1180007F043FBD5
:109660002046C4F88C5007F05DFA3146BDE87040E2
:10967000094800F041BCD0E902329A4218BF0133D8
:1096800002218360103007F00DFC0028EDD186F335
:109690001188BFF36F8F70BD9F7E002013B5EFF36D
:1096A0001181402484F31288BFF36F8F846844B122
:1096B000013C846081F31188BFF36F8F002002B0FA
:1096C00010BD52EA030406D181F31188BFF36F8FF6
:1096D0006FF00F00F3E7CDE900230246014800F0E8
:1096E00077FBECE79F7E002007B5074B4FF4006245
:1096F000009306494FF0FF33054800F06DF9002054
:1097000003B05DF804FB00BF68350200C8AF00205D
:10971000486700202DE9FF41044640274E4EEFF3F5
:10972000118887F31288BFF36F8FD4F89450F5B97E
:10973000022104F1AC0007F0A1F8002868D004F180
:10974000A40500220121284607F071FA0028F8D16B
:1097500000234FF0FF3202934FF0FF334146CDE933
:1097600000233E4804F19C0200F0B4FDD7E7D4F892
:1097700098202B689542C4F8943008BFC4F89830FC
:10978000D4F8AC3043F00203C4F8AC30EB6823F0FB
:10979000040343F00103EB606B6888F31188BFF3A7
:1097A0006F8F28469847EFF3118887F31288BFF32D
:1097B0006F8FEB68D80623F0010236D4EA60EB68BD
:1097C0009A0716D5306823F00203EB6088B10021B8
:1097D000036870B14268954235D1036869BB72680D
:1097E0003360824200D17360002340F8083BFFF7EA
:1097F0001BFFD4F8AC3023F00203C4F8AC3088F37C
:109800001188BFF36F8FDB0589D400F0EBFB86E78F
:10981000D4F8AC30D9069BD5C4F8AC0088F31188D5
:10982000BFF36F8F04B0BDE8F08123F01103EB604C
:1098300005F11000FFF7F8FEC1E70B607368834283
:1098400008BF7160D0E723B11A6801461846134675
:10985000BFE71A46F9E700BF386C00209F7E002062
:1098600070B5C3680546C3F340069B070C460DD58B
:109870000122002104F1080006F0F0FF002323601C
:10988000054B65605A681AB9C3E90044304670BD9B
:1098900014605C60FAE700BF386C0020F8B5C3685C
:1098A00004469A070F46C3F340062ED45B071CD428
:1098B0000B680BB983680B60E368DD0742BFA368E0
:1098C00002263B603D6858BF0126002D3CD0204B4E
:1098D0009A68D5F890309A420AD0D5F8AC30D807BB
:1098E000C3F3800214D46FF0120600233B6025E01E
:1098F00007F0D3F8D5F8AC300028F0D1D907C3F37E
:10990000C002F0D552B15B0708D46FF00F06ECE748
:10991000002AFAD1C3F3C003002BF6D10023236041
:10992000D5F8983063B9C5E92544284606F0C1FF4B
:10993000E36843F00403E3603B68A3603046F8BD8E
:109940001C60C5F89840F0E76FF01506CDE700BF42
:10995000186C0020F8B5C368064603F00503002B19
:109960000C4614BF012700271CD085680122002166
:1099700004F1100006F072FF2046134906F0F1FFD3
:10998000E36843F01003E360F3685B0712D53368C4
:1099900023606BB9D5F8983033B9C5E9254428461A
:1099A00006F087FF3846F8BD1C60C5F89840F6E71A
:1099B0003460F4E7D5F894302360D5F89830C5F8D2
:1099C0009440002BEBD1F0E79308020001460148D8
:1099D00006F0E3BF48670020F0B50446002089B0D8
:1099E000C4E925000E9D04F19C00C4E9270004F1A0
:1099F000A400C4E9290055B32879002840F20110D9
:109A000008BF0120C4F8AC0000204FF0FF364FF033
:109A1000FF37CDE90330CDE90100CDE906672046E7
:109A20000C4B009400F0BEF855B1296811B12046E6
:109A300007F039F86B791BB1237B43F001032373E3
:109A4000204600F07DFBC4F8904009B0F0BD012035
:109A5000D8E700BF1597010037B501900846EFF32E
:109A60001184402181F31288BFF36F8FC16811F018
:109A70001E0F16D153EA020508D101A9FFF70EFF08
:109A800084F31188BFF36F8F03B030BD41F008013C
:109A9000C160019910308161034900F0E1FC0120AF
:109AA000EEE70020ECE700BF27090200014601486D
:109AB000FFF7D2BF48670020F7B50C4616461D4693
:109AC0000190EFF31187402383F31288BFF36F8F68
:109AD000084606F0DFFE55EA060309D1204601A933
:109AE000FFF7DCFE87F31188BFF36F8F03B0F0BD83
:109AF000E368324643F00803E360019B0449A36234
:109B000004F110002B4600F0ABFC0120EAE700BF97
:109B10002709020001460148FFF7CEBF4867002031
:109B20002DE9F043984685B000F15803C0E916339B
:109B3000109B002503730423073222F007064373AA
:109B40000F9B01EB06090F4683734946C0E9065592
:109B50008560C5730446F6F7B3FA0E9B073020F014
:109B60000700E067C4E91D7602930D9BA9EB00098D
:109B700001930C9B4A460093394643462046F6F72C
:109B800021FE074B65659B6884F870500BB1D3F8D4
:109B900080304846C4F8803005B0BDE8F08300BF8F
:109BA000186C0020F0B5002587B00595109DDDE903
:109BB000127604950F9D044603950E9D02950D9D0A
:109BC00001950C9D0095FFF7ABFFB6F1FF3F08BF75
:109BD000B7F1FF3F05D056EA070305D1204600F054
:109BE000AFFA204607B0F0BD3A46334604F11800FC
:109BF000014900F035FCF4E7AB0B020040F2011321
:109C000083810023C0E91D33C0F88030014B986088
:109C1000704700BF186C00206FF00A01094A936872
:109C2000C3F88C100849C3F888004B6843F0805390
:109C30004B60002383F31188BFF36F8F9368D3F8D1
:109C40008C007047186C002000ED00E070B590F9B2
:109C50000D20437B002A36DBD90634D11B4C63F040
:109C60007F032246437352F8183FE169934207D1BC
:109C7000C0E900210860E06111E09942F8D01B685A
:109C8000002BF5D090F90E5093F90E60B542F4D048
:109C9000AE42F2DD5968C0E9003108605860A5693C
:109CA000954200D005B9E568A3685A7BD20604D175
:109CB000DA897F2A01D9AA6932B1AB4202D028469B
:109CC00000F048FB656170BD6361FCE7186C002023
:109CD00038B590F90D200146002A437B04DA03F0E1
:109CE0007F03437306F0E4FE0D4D2A4652F8184FE9
:109CF000AB68944200D004B9EC688B4207D05A7B21
:109D0000D20604D1DA897F2A01D9A2692AB1A342F5
:109D100002D0204600F01EFB23466B6138BD00BF19
:109D2000186C0020B3F1FF3F08BFB2F1FF3F03D032
:109D30000249183000F094BB704700BFAB0B020023
:109D400070B590F90D200146002A437B04DA03F038
:109D50007F03437306F0ACFE1C4C4B7B224663F042
:109D60007F034B7352F8183FE069934207D1C1E972
:109D700000200160E16111E09842F8D01B68002BDF
:109D8000F5D091F90E5093F90E60B542F4D0AE4281
:109D9000F2DD5868C1E9003001605960A569A36827
:109DA000954200D005B9E5688B4207D05A7BD206B0
:109DB00004D1DA897F2A01D9AA692AB1AB4202D03B
:109DC000284600F0C7FA2B46636170BD186C00206E
:109DD000F8B5DDE906670D4B0C46986811460C4A4C
:109DE0001060EFF31182402282F31288BFF36F8F6D
:109DF0009D68284606F06EFE284632463B46FFF731
:109E000091FF2046BDE8F840FFF706BF186C002020
:109E1000406C0020F8B50446EFF31187402383F32C
:109E20001288BFF36F8F437B49B203F01F02002AF1
:109E30000CBF0126002639D103F07F032D4D43735B
:109E400006F036FE2A46437B817363F07F0343733B
:109E500052F8183F934227D1E869C4E90020046012
:109E6000EC610FE09842F8D01B68002BF5D093F915
:109E70000EC06145F6D08C45F4DD5968C4E9003167
:109E80000C605C60AC69944200D004B9EC68AB68CB
:109E90009C4202D0204600F05DFA6C6187F3118885
:109EA000BFF36F8F3046F8BDE869DEE79B071ED52C
:109EB000856806F0FDFD81732B689D4209D16B68B2
:109EC000C4E900531C606C60E8E76A689342F6D00E
:109ED0001B68002BF3D093F90E209142F5D08A42F3
:109EE000F3DD5A68C4E9003214605C60D6E7817320
:109EF000D4E700BF186C002049B9EFF3058030B9F2
:109F0000054B5A699B689A4201D0FFF785BE81F3E1
:109F10001188BFF36F8F7047186C0020034648B953
:109F2000EFF3058232B9064A51699268914201D035
:109F3000FFF772BE83F31188BFF36F8F704700BFC6
:109F4000186C0020EFF31181402383F31288BFF3D4
:109F50006F8F054B9A68D37B013BD37381F31188D4
:109F6000BFF36F8F704700BF186C002070B5EFF320
:109F70001186402383F31288BFF36F8F144DAB68B3
:109F8000DA7B0132DA732A4652F8184F944200D035
:109F900004B9EC685A7BD20604D1DA897F2A01D948
:109FA000A2692AB1A34202D0204600F0D3F9234689
:109FB0006B6186F31188BFF36F8FEFF3118040233D
:109FC00083F31288BFF36F8FBDE87040FFF7A6BF21
:109FD000186C0020024B03F11802C3E906227047F7
:109FE000186C002070B5EFF31186402383F31288BC
:109FF000BFF36F8F1B4CA168E0690B68814214BFEF
:10A000001A46002249680B605960A368E1692AB9C1
:10A01000154AC3E900210B60E3610CE093F90E00DF
:10A0200092F90E50A84218D0854216DD5168C3E956
:10A0300000210B605360A5690B4B9D4200D005B910
:10A04000E568A3689D4202D0284600F083F9656167
:10A050003046BDE87040FFF7DFBD8A42D8D01268B5
:10A06000D5E700BF186C0020306C0020F8B550EA2E
:10A07000010306460C4603D1FFF7B4FF0020F8BDEC
:10A08000EFF31187402383F31288BFF36F8F124DD4
:10A09000124BA8681860FFF71BFEA86823463246DB
:10A0A0000F49183000F0DCF9AA680446537B3846A3
:10A0B00043F004035373FFF7AFFDAB68D3E90A2302
:10A0C000B3F1004F08BF002AD8D106F034FE201AA1
:10A0D00020EAE070D3E700BF186C0020406C00203D
:10A0E000AB0B020038B504460D46FFF7BFFFB5F1D4
:10A0F000FF3F08BFB4F1FF3F0246204618D00023BF
:10A100004FF47A7447F611201946C2FB040147F652
:10A110001222904271F100020BD3084B834243F6A6
:10A1200008538B4107D347F612220023F0F7D4FAE5
:10A1300038BD1846FCE76FF00040F9E7ED85FFFFFA
:10A1400038B50446EFF31185402383F31288BFF33B
:10A150006F8F437B5B070FD5183006F0C4FD637B20
:10A16000204623F004036373FFF770FD2946BDE822
:10A1700038400448FFF7C0BE85F31188BFF36F8FE6
:10A1800038BD00BF9F7E0020014B9868704700BF1C
:10A19000186C00202DE9F8430446077BEFF3118586
:10A1A000402383F31288BFF36F8F437B190705D5D4
:10A1B00085F31188BFF36F8FBDE8F883D90943F0A9
:10A1C00008025DD14273A36813B1204606F078FC03
:10A1D00004F1180006F087FDA66D04F15808B0459B
:10A1E00011D04FF0000976B1304606F069FC06F157
:10A1F000180006F078FD3046C6F88C90FFF726FD73
:10A20000A66DB045EFD1DFF8C080D8F808309C4289
:10A210003ED1EFF30589B9F1000918BF4FF00109EC
:10A22000D8F81860294A964200D00EB9D8F80C60C8
:10A23000B34202D0304600F08DF82046C8F81460D2
:10A2400004F017F8B9F1000F02D02148FFF7D6FC4F
:10A25000D8F808309C4231D1EFF3058373BB227BE1
:10A26000D20718D42846FFF7D7FCFB07A4D5002354
:10A2700083F31188BFF36F8F0423184602DF9BE737
:10A2800003F07F0343F00803437306F011FC9AE7E1
:10A290004FF00009C4E785F31188BFF36F8F83F394
:10A2A0001188BFF36F8F0423184602DFEFF311808C
:10A2B000402383F31288BFF36F8FD4E785F31188AF
:10A2C000BFF36F8FD1E700BF186C0020306C002007
:10A2D000F8670020D3B5DDE90667089CCDE9006783
:10A2E000FFF776FD1CB1034B9B681B69236002B02E
:10A2F000D0BD00BF186C00200122044BC01A044BD3
:10A30000C0105843034B1A54704700BF88680020A0
:10A31000ABAAAAAA9F7E0020C3897F2B12D80A4B22
:10A320001B6863B1094B90F90E201B689A4209DB48
:10A33000437BDB0606D1064BC31A18BF012303F08B
:10A34000010070470023FAE79C280020446C00209D
:10A350002866002070B50E4B0E4C1E7C054606EBA1
:10A36000460304EBC304204606F0BDFC00220A4B62
:10A3700028469A55FFF7D0FF48B1084B2046BDE864
:10A3800070401A680649013AD31700F069B870BDE9
:10A39000186C0020886800209F7E00209C280020E8
:10A3A000F9A2010038B5EFF31185402383F3128839
:10A3B000BFF36F8F104B114A9C681068A04206D102
:10A3C000FFF7C8FF85F31188BFF36F8F38BD0021F9
:10A3D0001B7C11600A4AD35C002BF3D02046FFF7A8
:10A3E0009BFF0028EED0637BDB0602D12046FFF7FF
:10A3F000A7FC2046E4E700BF186C0020406C00205A
:10A400009F7E0020024B1868984208BF00207047CA
:10A41000A0280020034B1B680BB9FCF7FFBF0020EE
:10A42000704700BF486C002030B570B10B4B5B68C3
:10A4300098420AD0036843B1D3E90421D0E9044526
:10A44000121941EB0501C3E90421D0E90032136080
:10A450005A600023C0E9003330BD00BFA0280020AF
:10A46000B3F1FF3F08BFB2F1FF3F2DE9F84F0446BB
:10A47000994615461F467AD08160EFF31188402334
:10A4800083F31288BFF36F8FB9F1000FDFF8E4A0F8
:10A4900020DBFFF7BFFFDAE90027013549F10009AA
:10A4A0002D1849EBE07306464FF00109C4E9045347
:10A4B000AD1843EB0707FFF7A5FF0346DFF8B8E049
:10A4C000DEF804A0EBB9C4E900EACAF80040CEF80F
:10A4D000044028E06FF00103DAE900125B1A4FF044
:10A4E000FF3161EB02025B1B62EB0902012B72F18F
:10A4F0000001BCBF012300224FF00009C0E9043273
:10A50000D9E7D3E9041CD4E904208A4270EB0C0B90
:10A5100024DA891A5A686CEB0000C3E90410C4E914
:10A52000003214605C60FFF76DFF84420ED1134B64
:10A530001B685BB9B9F1000F02D1FFF76BFF06464C
:10A54000304606F0B9FB0021FCF77CFF88F3118848
:10A55000BFF36F8F28463946BDE8F88F521A60EB7B
:10A560000C009A45C4E90420ADD01B68AAE7002579
:10A570002F46EFE7A0680020A0280020486C0020AC
:10A580002DE9F047EFF31185402383F31288BFF3E1
:10A590006F8FDFF8A0900026C9F800000027FFF7B2
:10A5A00031FFDFF89480D9F80030D8E900ECD917F2
:10A5B00050B1D0E90442A34271EB020A1BDAE41A5B
:10A5C00062EB0102C0E90442002413EB0E034CEBE2
:10A5D00001012046C8E90031C9F8004006F06CFBD3
:10A5E0002146FCF72FFF85F31188BFF36F8FBDE87D
:10A5F000F047FFF7D7BE14EB0E024CEBE473C0E953
:10A600000467C8E90023FFF70FFF85F31188BFF344
:10A610006F8F83689847EFF31185402383F3128887
:10A62000BFF36F8FD9F800301B1BC9F80030FFF75C
:10A63000E9FEB8E7486C0020A068002010B5EFF3F1
:10A640001184402383F31288BFF36F8FFFF7E2FE7C
:10A650000346054AD2E90001181841EBE37184F37F
:10A660001188BFF36F8F10BDA0680020F8B50546B4
:10A67000EFF31187402383F31288BFF36F8F0368D2
:10A6800023B187F31188BFF36F8FF8BDD0E90A4675
:10A69000611C46F10002022972F1000236D3012C3E
:10A6A00076F10002BCBF01241E46013C46F1FF3694
:10A6B00006F045FB013041F10001001946EB0101B4
:10A6C000012871F1000130DB06F039FB6FF0020365
:10A6D000013041F10001001946EB010183426FF0A6
:10A6E00000438B4126DB06F02AFB013041F10001DB
:10A6F0006FF00102001946EB01034FF0FF31121A0F
:10A7000061EB030328461C49FFF7AAFE2B6B0133BC
:10A710002B632B6A93B93C462B4653F8185F9D4236
:10A7200000D0D5B984F31188ADE76FF001024FF086
:10A73000FF33E7E700224FF00043E3E787F3118898
:10A74000BFF36F8F28462B6A9847EFF3118440239D
:10A7500083F31288BFF36F8FDEE7284606F0F1F926
:10A760000023C5F88C3084F31188BFF36F8F28461F
:10A77000BDE8F84006F0D6B96DA601002DE9F0411C
:10A7800005461C4690461F46EFF31186402383F38F
:10A790001288BFF36F8FB4F1FF3F08BFB2F1FF3FE4
:10A7A00005D186F31188BFF36F8FBDE8F081002CCF
:10A7B00009DB012A74F10003BCBF0122002412F15D
:10A7C000FF3844F1FF37284606F08DFADDE906012F
:10A7D0000023C5E90A012B6342463B46284602494D
:10A7E000FFF73EFEDDE700BF6DA6010038B503466A
:10A7F000EFF31185402282F31288BFF36F8FC1609F
:10A80000012181600068834206D185F31188BFF37E
:10A810006F8F0024204638BDD0E9003213605A60A3
:10A820000023C0E9003306F0FAFA2946044602483C
:10A83000FFF762FBEEE700BFA07E0020F8B50746F9
:10A840000C46164606F029F908B10020F8BD0E4B5B
:10A850009B68D3F88050002DF7D0221DF5D2EFF37E
:10A860001184402383F31288BFF36F8F284647F08B
:10A870000401B04784F31188BFF36F8F0028E4D040
:10A8800040F8045BE2E700BF186C00200146024A72
:10A890000020FFF7D3BF00BF5DD7010001680E4A5B
:10A8A0000346914215D1C169A2F11022A2F1EF1223
:10A8B00091420ED18268012A0BD8C26812B1016997
:10A8C0008A4206D0586928B19B691B1A58425841E0
:10A8D00070470120704700BF55AA00FF70B50D4BAF
:10A8E0009E68A6B13046FFF7D9FF044678B9F368F1
:10A8F0006BB935690DB9204670BD2846FFF7CEFF0C
:10A9000028B9EB68B34202D12E462D69F2E7012443
:10A91000F1E700BF4C6C00202DE9F041444B454C61
:10A9200005461B6820468846984718B100242046F3
:10A93000BDE8F081A4F1140754F8144CFB68DCB1B5
:10A94000BC68CCB1002D66D0B8F1000F65D008FB13
:10A9500005F6B6FBF5F5A84561D1311D5FD8B20704
:10A9600011D026F0030204321C4603E061689142D4
:10A9700057D2A469002CF9D12F4B2E481B68984759
:10A980000028D4D0D2E73246EEE7891A232904F111
:10A9900020051CD80123A360D4E90523AAB1936143
:10A9A000A3690BB162695A610023C4E905333B69AD
:10A9B000DB0703D5FFF792FF002835D1324600218F
:10A9C00028462C4607F0F4F9D6E7FB60E8E702F1E9
:10A9D000200C04EB0C032039C3E90110DC60216971
:10A9E0001648196144F80C00A0F11020A0F1EF10F6
:10A9F000D86101B1CB6061695961A069986141B1C9
:10AA00008B61996901B14B6101212361C4E9012185
:10AA1000CAE7FB60F5E72C46AEE74446ACE70446E0
:10AA2000AAE7A0680028B0D0012002F0E3F900BF37
:10AA3000D4280020606C0020D028002055AA00FFF8
:10AA400070B5464B464C05461B6820469847002883
:10AA500040F08280002D43D054F8143CA4F1140639
:10AA6000002B3DD0B268002A3AD09D4203D37268D1
:10AA700013449D4202D3012002F0BCF9A5F1200449
:10AA80002046FFF70BFF0028F5D155F8183C012BA5
:10AA9000F1D155F8143C45F8180C3BB39A682ABB21
:10AAA00055F81C2C02F120015A680A445A6055E9F5
:10AAB00005321A6155F8145C2B6903B1DD60202260
:10AAC0000021204607F074F9286910B18368002B33
:10AAD0002ED033699B0703D5FFF700FF0028CAD1AA
:10AAE000BDE870401F4B1E481B68184755F8100CF6
:10AAF00000282AD0836843BB42686368134420332C
:10AB0000636003692361D4E905239AB9CBB943692A
:10AB100063618269A261B3B19C61A36903B15C61A5
:10AB2000236903B1DC602022002107F041F9D0E75E
:10AB30002C46E1E79361A369002BE8D062695A6172
:10AB4000E5E7F360F7E7F460E7E7F36845F8083C0A
:10AB500003B15C61F460BCE770BD00BFD428002085
:10AB6000606C0020D028002038B50C462822002137
:10AB70000546154807F01CF9144B15481B68984703
:10AB80001449154800F038F8232C1CD915F003039C
:10AB90001FBF043CE418C3F10403ED182246002152
:10ABA000284607F005F9084B0C49C3E90054203C3E
:10ABB0009D606C609A6811609A68A1F11021A1F102
:10ABC000EF11D161DA6038BD4C6C0020D82800202C
:10ABD000606C002041AA010019A9010055AA00FFDC
:10ABE000014B1B68184700BFAC280020014B1B68B5
:10ABF000184700BFA8280020024B1860024B002015
:10AC000019607047AC280020A828002010B50A461B
:10AC1000044619B1024B00211B68984710BD00BFC4
:10AC2000B0280020F8B50D4E0D4C0E4D33680E487F
:10AC3000984767782B680C48984733680B489847C3
:10AC4000022F08D12478E31F5C425C412B6807483F
:10AC500098472046F8BD0024F8E700BFD42800201C
:10AC6000746C0020D02800204C2A0020382A0020B4
:10AC70000E4B0340B3F1607F06D1B1F5885F14BF7E
:10AC80006FF0860000207047B3F1707F0BD101F4A4
:10AC9000E043B3F5005F06D111F4E06F0CBF6FF035
:10ACA0008600002070476FF0860070470000C07F6C
:10ACB0008A4270B506460D4600F0ED80784922F4D0
:10ACC000FF7323F001038B4213D022F0FF0001F544
:10ACD000885188420DD0734C22F47F7121F003011A
:10ACE000A14206D07049884203D001F574518B42CD
:10ACF0002CD16E4B25F0FF0199420FD115F0FF00CA
:10AD00000BD06B4B40F00070984240F0C68082EA56
:10AD10000500FF288CBF0020012070BD654B9942C3
:10AD2000ECD0A3F588539942E8D025F4FF7323F0C3
:10AD30000103B3F1062FE1D05B488142DED05E49CA
:10AD40008B42DBD0A1F584418B42D7D005F0FE4386
:10AD5000B3F1A06F13D102F0FE43B3F1A06F40F046
:10AD6000888082EA050333F47E1340F082802E044B
:10AD70007FD5C5F30540C2F305429042CAE74F496B
:10AD80008D420BD14E4B9A4200F085804D4B22F400
:10AD90007E10984214BF00200120BEE7B3F1407F2F
:10ADA00067D102F0FE43B3F1407F62D182EA050031
:10ADB00030F47E145DD131462846FFF759FF002854
:10ADC0006BD1414B12F47C1103EA020318D0B3F1AA
:10ADD000607FC2F305413DD13C48D3B243F00073DC
:10ADE00083423BD003F17E43043B112B01D838480A
:10ADF000C45C15F47C1FC5F3054331D18C42C9E70F
:10AE0000B3F1607F0DD13148D3B243F00073834278
:10AE10001ED003F17E43043B112BDDD82D49C95CC4
:10AE2000DAE7B3F1707FE4D106F4E043B3F5005FF5
:10AE300003D10121C6F30223994006F4E043B3F5A0
:10AE4000005FD6D10120C6F3022600FA06F4D0E74F
:10AE50001021C1E7B3F1707FCBD1EEE71024C8E732
:10AE600012F47C1F01D1A34215D02C0401D58B42D2
:10AE700050E725F0004323F47F03B3F1106F0CD1AA
:10AE800002F0FE43B3F1106F07D11348104040F0B9
:10AE90001060A8427EE701203FE700203DE700BFA9
:10AEA0000002000600040006000900060003000678
:10AEB000FF00000200130006004600060093C004D5
:10AEC0000013C004000140050000C07F0300000221
:10AED0004B6202004B6202000000FFF62DE9F843CE
:10AEE000884617461C4600F013FC054688BBD8F878
:10AEF0000060B6F8009009F4E043B3F5804FB36802
:10AF000008BF27F0010737EA03031AD10CB3274B18
:10AF100024F0FF029A421FD114F0FF0304D0244A08
:10AF200043F00073934236D022464846F168FFF75B
:10AF3000BFFE074668B9224648463169FFF7B8FEAA
:10AF400090BB6FF0840500233046C8F8003000F055
:10AF5000A5FC2846BDE8F883164B9A42DCD0A3F541
:10AF600088539A42D8D024F4FF7323F00103B3F13D
:10AF7000062FD1D010498A42CED0104A9342CBD06E
:10AF8000A2F584429342C7D004F0FE43B3F1407F60
:10AF900004D12304C8D56FF08605D4E7B3F1A06FC0
:10AFA000F7D0034B9C42BEE73D46D2E700030006C4
:10AFB000FF0000020013000600090006004600061C
:10AFC00070B5114B05461B6810480E46984704465D
:10AFD00018B16FF08F04204670BD6B6933602B7F12
:10AFE000012B04BF02232B77094B18BF30601B686D
:10AFF000064818BF6FF0960498470028EBD0002C45
:10B00000E7D06FF09604E6E7D4280020242A002039
:10B01000D028002038B500F0FE43B3F1407F04464D
:10B020000D4602D06FF0860038BDFFF721FE0028E4
:10B03000FAD114F47C1F12D0C4F30543032B137010
:10B0400022D9284A2240B2F1607F3DD1264AE4B29B
:10B0500044F0007494422BD1102BE5D9E2E7214B48
:10B060002340B3F1607F15D11F49E3B243F0007371
:10B070008B4202D110231370D6E703F17E43043BC9
:10B08000112B04D9002313706FF08500CCE717490A
:10B09000CB5CD3E7B3F1707FF4D101F4E043B3F5B7
:10B0A000005FEFD10123C1F302218B40DBB2C5E782
:10B0B00004F17E44043C112CB4D80D4A125D934235
:10B0C000B0D8142BB0D9DFE7B2F1707FAAD105F464
:10B0D000E042B2F5005FA5D10122C5F30225AA40E6
:10B0E000EDE700BF0000C07F030000024B620200DA
:10B0F0004B62020000232DE9F34113604768D0F84A
:10B10000148004460E463846114606F0CBF8054634
:10B1100088B9384606F0C8F8054660B9FFB277B975
:10B12000B8F1000F05D1A36823F0031323F47F4384
:10B1300063B16FF08605284602B0BDE8F0810121B9
:10B14000606906F089F80028EDD1F2E74FF6F87350
:10B1500062889A4227D8154B15481B68277998476B
:10B1600010B16FF08F05E6E707B901A8314600F08E
:10B170008DFA104B05461B680D48984710B1002DFD
:10B18000D9D1EEE7002DD6D10FCCD6F800C0664657
:10B190000FC694E8070086E80700002FCBD1019B7B
:10B1A000CCF81430C7E76FF08505C4E7D428002039
:10B1B000242A0020D028002010B5044660B1074B97
:10B1C00007481B689847204605F074FFBDE810400B
:10B1D000044B03481B68184710BD00BFD42800204B
:10B1E000242A0020D028002037B50446C0B101A988
:10B1F00000F08EFA044698B91F4B20481B68984708
:10B200001F4D38BB0198037F032B11D106F035F891
:10B210002B6804461948984728B10CB96FF08F0481
:10B22000204603B030BD002C08BF6FF08704F7E75D
:10B23000022B1BD1032303770379FF2B19D043691A
:10B24000104A03F14043A3F58053934202D800F023
:10B2500009FC0446019806F010F82B68002818BF76
:10B260000446064898470028DAD0D6E76FF09604DF
:10B27000F0E76FF08404EDE7D4280020242A0020B2
:10B28000D0280020FFDFFF3F2DE9F04116461F4682
:10B29000002288B0038805468846CDE90422079637
:10B2A0003A60002E62D0B6F1005F80F09E8023F0FD
:10B2B000FF03B3F5E24F02D0B3F5824F22D1284607
:10B2C00005F023FE0446002840F08380EB686BB154
:10B2D0006A885AB12B8803F44F41B1F5824F05D1EA
:10B2E000DBB2222B37D02DD8122B39D04246002387
:10B2F00008EB060112F8010B914243EA0003F9D171
:10B30000002B33D0284605AA04A9FFF7F3FE044614
:10B31000A0B9049B9B6A63B3049B41465A882846A4
:10B32000069206AA029203F1280201929A6A0092FA
:10B330005B6A324600F000FB044678B30498FFF7DE
:10B340003BFF46E0273BDBB21B2BCFD8284921FA35
:10B3500003F3DB07CAD50732B6EBD20FC6D205E03E
:10B3600040F209239A42F6D1402EBFD86FF08604EE
:10B370002FE06B681B0A07D10799049805F05AFE65
:10B3800004460028C8D0D9E732464146284607ABD4
:10B3900000F0A2FA04460028EED0CFE70499069BFD
:10B3A0004A88D2B94B804FF6F873069A04989A42AD
:10B3B00018D82B8813B102889A4210D16B8813B128
:10B3C00042889A420BD13946FFF7FAFD044600281D
:10B3D000B4D1204608B0BDE8F0819A42E3D06FF0C6
:10B3E0008604ABE76FF08504A8E76FF08504F0E70B
:10B3F0000102000C38B504460D46FFF713FC30B1CE
:10B400002A462146BDE83840024805F077BF6FF074
:10B41000880038BD786C002070B51D4E1D4C336817
:10B420001D4898472378590744BF23F0040323702D
:10B4300023789A0705D500F00FF9237823F002034B
:10B440002370164D14482B68984733681448984762
:10B45000637813B1134805F054FF00230421114809
:10B460006370FFF7D3FB2B680D48984733680A4891
:10B4700098472378DB0705D505F01FFF237823F0D5
:10B48000010323702B680448BDE87040184700BFD3
:10B49000D4280020746C0020382A0020D0280020F6
:10B4A0004C2A0020786C00202DE9F041FFF7BAFB10
:10B4B00018B100242046BDE8F081364F36483B687D
:10B4C0009847044620B16FF08F04FFF7A5FFF1E71E
:10B4D000324D2B78D80706D405F0EDFE04462B78C4
:10B4E00043F001032B702E4E2B483368984710B160
:10B4F000002CE8D0E9E7002CE7D13B6826489847C4
:10B5000004460028DFD12B78990706D400F09CF878
:10B5100004462B7843F002032B7033681E4898478B
:10B520000028E5D1002CD0D13B681B489847002863
:10B53000C9D13368184895F8008098470028C2D1CF
:10B540003B681848984704460028BCD16B7843B93B
:10B5500018F0010F05D0144805F0CDFE0223044673
:10B560006B7033680F4898470028C1D1002CACD1CC
:10B570003B68094898470028A5D12B7806485A0708
:10B580005CBF43F004032B7033689847002890D0C9
:10B5900099E700BFD4280020382A0020746C0020CE
:10B5A000D02800204C2A0020786C002038B5074CA9
:10B5B000074B20461B689847064B204693F880555A
:10B5C000054B1B689847284638BD00BF382A002025
:10B5D000D42800207C6C0020D028002000F14043BB
:10B5E0001F2B70B505460E460CD82C22154C02FBBD
:10B5F0000344237F022B02D16369834218D06FF08A
:10B600008B001AE0012105F027FEB8B10D4B002296
:10B610001C46197F022902D15969A94205D001327D
:10B62000202A03F12C03F4D1E9E72C2303FB024485
:10B63000204605F004FE00B9346070BD6FF087004D
:10B64000FBE700BF7C6C00200122024B002083F846
:10B65000802570477C6C00202DE9F0410A4C0025C4
:10B6600026464FF0010803272046C4F8208027779C
:10B67000013505F01FFD202D04F12C04F4D1002329
:10B6800086F88035BDE8F0817C6C0020F8B5064670
:10B690000F46FFF78BFF80B300241B4B22461D464D
:10B6A000197FD1B13CB9022905D1196A19B91979A3
:10B6B000002918BF1C460132202A03F12C03EFD1C8
:10B6C00014B96FF08C0006E0204605F0B8FD204666
:10B6D00005F0F0FC10B100240DE01C46237F7BB97F
:10B6E0000123237736B1094B651BAD105D4305F18E
:10B6F0008045356000203C60F8BD6FF08800EAE7C7
:10B700006FF09600E7E700BF7C6C0020A38B2EBA99
:10B7100000232DE9F0410B6090B005460E46FFF77F
:10B7200045FF002800F0AF80584B59481B689847E8
:10B73000804668B931462846FFF750FF10F18C0F5C
:10B740000446544F0AD03B685148984710B10CB991
:10B750006FF08F04204610B0BDE8F08131464046BE
:10B76000FFF794FF044618B13B6849489847F1E752
:10B770000122336801465D61336809A85A601C22C2
:10B78000356806F015FB002200236869CDE9062321
:10B79000414A00F14043A3F580539342CDE904446C
:10B7A000039405D9284605F085FC6FF0870420E056
:10B7B00006AA03A905F0A8FD0446002837D1039B7B
:10B7C0006A690A93DBB2002B08BF00220346CDE969
:10B7D0000000DDE906010E9209AA00F0DFF810F181
:10B7E0008A0F044608D030680CBB05F063FC6FF08C
:10B7F000960400233360A6E704A909A800F084F8A2
:10B800000446A0B92846049905F014FC044670B912
:10B81000DDE9060105AB0193AB6A09AA00936B6AE7
:10B8200000F0BCF8044648B1284605F038FC306802
:10B8300005F040FC14F18C0FDBD1B6E7059B09AC99
:10B84000AB620FCC0FC594E8070085E807003368AA
:10B850009A68D00413D49A68910444BF42F40062F9
:10B860009A6033681A7F012A04BF02221A7730686F
:10B8700005F0E5FC044600283FF465AFB9E742F463
:10B8800080629A60E7E76FF0880463E7D4280020BD
:10B89000242A0020D0280020FFDFFF3F10B50B4BEB
:10B8A00004461B680A48984718B16FF08F04204679
:10B8B00010BD204605F0E1FC064B04461B68044819
:10B8C00098470028F3D0002CF1D1EEE7D4280020CF
:10B8D000242A0020D0280020194610B400244368F0
:10B8E0000C60074C1A0AB4EB132F02D0054B9A4296
:10B8F00002D110BC00F09CB96FF0860010BC7047FC
:10B90000004E80004B4E800010B4002443680C6051
:10B91000074C1A0AB4EB132F02D0064B9A4202D1FD
:10B9200010BC00F085B96FF0860010BC704700BFF6
:10B93000004E80004B4E80002DE9F04FDFF854B0F0
:10B94000D0F804E00446DDE90989BBEB1E2F0D4663
:10B9500016461F46DDF82CA04FEA1E2C0AD0DFF851
:10B9600038E0F44506D0BCF1000F0FD1BDE8F04F30
:10B9700005F073BB3B46324629462046CDE90A9A7C
:10B98000CDF82480BDE8F04F00F00EBC6FF08600CB
:10B99000BDE8F08F004E80004B4E8000F0B4DFF821
:10B9A0002CC05468DDE90456BCEB142F4FEA142771
:10B9B00002D0074CA74204D1CDE90456F0BC00F0F8
:10B9C00039BC6FF08B00F0BC704700BF004E8000A8
:10B9D0004B4E8000F7B5089E0E4FF5B2044645F079
:10B9E00000754868BD424FEA10200DD010B10A4DD5
:10B9F000A8420CD1009604F1080005F054FD08B9E6
:10BA00000523236003B0F0BD6FF08500FAE76FF007
:10BA10008600F7E7050000024B4E8000F7B5089E50
:10BA20000E4FF5B2044645F000754868BD424FEA36
:10BA300010200DD010B10A4DA8420CD1009604F18F
:10BA4000080005F032FD08B90523236003B0F0BDFE
:10BA50006FF08500FAE76FF08600F7E70500000257
:10BA60004B4E80004268044BB3EB122F01D105F01E
:10BA7000B8BD6FF0850070474B4E800010B50C4C80
:10BA8000206806F0FAF80B4A1368591C11604BB98C
:10BA9000094A4820D2F8003443F00703C2F80034C2
:10BAA000F4F732FE2068BDE8104006F0ECB800BFA5
:10BAB000B8280020007200200080045038B5164DD0
:10BAC000286806F0DAF8154B1C68013C1C60ECB9DC
:10BAD0004820F4F727FE0722114BC3F80823D3F8B8
:10BAE000002422F00702C3F80024C3F80041D3F871
:10BAF0000021C3F80441D3F804214FF48072C3F845
:10BB00000841D3F80831074BC3F888212868BDE8FD
:10BB1000384006F0B8B800BFB828002000720020F6
:10BB20000080045000E100E070B5104D104E2B680D
:10BB3000B3420DD0FFF7A2FF01F0A0F801F0DCF84E
:10BB400040B105F0E3FB0446FFF7B8FF44B92E60AF
:10BB5000002405E000F044FD044618B1FFF7AEFFF5
:10BB6000204670BD05F0DAFDEDE700BFB4280020E7
:10BB700011736500F8B505460E4618461C21174698
:10BB80001C4605F043FC6B6821491A0AB1EB132FE0
:10BB90001BD1204A337822611F4A13F00303E2606D
:10BBA00066610CD0023303F00303012B26D86B88A7
:10BBB0000733DB086360194B23600020F8BD6B88F6
:10BBC0000733DB086360164BF6E7164B9A4212D137
:10BBD0006A69154B1344022B13D90023224642F8FD
:10BBE000183FC4E9033362616A69104B9A4201D17C
:10BBF0002023E7E747B1C4E90067DEE76FF0840080
:10BC0000DCE76FF08500D9E76FF09600D6E700BF5C
:10BC10004B4E8000A5C20100E51602000000002086
:10BC200040008151004E8000FF3F008004C0FF7F34
:10BC300010B51E4C4368B4EB132F4FEA132215D1F5
:10BC400042691B4B9A420CD003F5FF437D331344EA
:10BC5000012B03D80388B3F5105F24D06FF0860062
:10BC600019E047F2121302889A42F6E7114B9A4202
:10BC7000F4D1028802F44F43B3F5824F0CD14388CC
:10BC800044F21210073382424FEAD30301D15B0022
:10BC9000013300200B6010BDB2F5885F03D14388EB
:10BCA0000733DB08F5E70223F3E700BF004E80000F
:10BCB00001C0FF7F4B4E80004FF480732DE9F047A9
:10BCC00096B0804603A80393002405F0ABFB4FF029
:10BCD00010091E4E0DF12F0525F01F0506F1200A53
:10BCE000012210211A4805F07CFB2B1900935246C3
:10BCF000102320211548CDF8049000F0A3FD07463D
:10BD0000F8B9D6E90C321034013342F10002302C7C
:10BD1000C6E90C32E4D1B8F1000F04D02246414606
:10BD2000284605F051FB2E46084C0FCE0FC496E86E
:10BD30000F00203584E80F0095E80F00103484E8E8
:10BD40000F00384616B0BDE8F08700BFA868002095
:10BD5000C8680020F0B5194D194FAB6B8DB0BB42D0
:10BD600029D0184E306805F088FF4023002219467C
:10BD7000284605F040FB3021684605F060FB04468C
:10BD800078B96846FFF798FF044690B93023024619
:10BD90001946684605F02FFB01220023C5E90C2354
:10BDA000AF63306805F06FFF204605F0AFFA0DB0C5
:10BDB000F0BD0E24F5E70020F9E700BFA8680020D9
:10BDC000B4A5B4A5BC2800202DE9F04F99B00DF121
:10BDD000570802F10F0982460E46144628F01F0844
:10BDE0004FEA191922B100296DD0B2F5803F6AD807
:10BDF000364F374D386805F040FFD5E90C32134314
:10BE00000BD15046FFF7A6FF834630B1386805F0E6
:10BE10003AFF584619B0BDE8F08FD5E90C2319EB6D
:10BE2000020243F10003B3F5803F14D3302102A88E
:10BE300005F005FBE8B902A8FFF73EFF834600289E
:10BE4000E4D130230246194602A805F0D4FA0022B4
:10BE50000023C5E90C234FF4807302A8029305F078
:10BE6000E1FADFF870A03CB92046FFF725FF8346D2
:10BE7000CCE76FF0920BC9E7102C4FF001024FF0A6
:10BE800010015046A14628BF4FF0100905F0A9FA4D
:10BE9000102352462021CDE900830D4800F0D2FC4A
:10BEA00083460028B2D14A463046414605F073FF2A
:10BEB000D5E90C32013342F10002C5E90C32A4EBA2
:10BEC00009044E44CFE76FF0860BA2E7BC280020A0
:10BED000A8680020C86800200022074BC3F8102182
:10BEE000C3F80C21C3F80021C3F80421C3F80821CA
:10BEF000C3F81421704700BF0050045008B5FFF785
:10BF0000EBFF01230360104B0A6832B9D3F80C2110
:10BF10001AB9D3F80821002AF6D00B687BB90B4B6D
:10BF200099420ED0A3F58473D3F80831002B0CBFCF
:10BF30004FF0FF306FF00200FFF7CEFF08BD00208A
:10BF4000FAE74FF0FF30F7E7005004500851045073
:10BF500038B505460C4691B10021012004F0AEFA37
:10BF600008480949C0F80055C0F80445FFF7C6FF66
:10BF700000210446084604F0A1FA204638BD6FF0BF
:10BF80000104FAE70050045000510450034B0449E7
:10BF9000C3F800050348FFF7B1BF00BF00500450CD
:10BFA000045104500450045010B5044600210120EF
:10BFB00004F084FA064B0749C3F800450648FFF72A
:10BFC0009DFF00210446084604F078FA204610BD83
:10BFD00000500450085104500850045038B50C4625
:10BFE00059B1074D0749C5F800050748FFF786FF17
:10BFF00010B9D5F80835236038BD6FF00100FBE7B4
:10C0000000500450105104500C500450F0B4056816
:10C01000049C8DBB14F47C1604600AD0C4F305465E
:10C02000194D24F47E14AC42466029D1F0BC00F0D6
:10C030007DB8164D2540B5F1607F0DD1144FE5B2A6
:10C0400045F00075BD4215D005F17E45043D112D2A
:10C05000E6D8104E765DE3E7B5F1707FE0D10D884C
:10C0600005F4E047B7F5005FDAD10126C5F30225F4
:10C07000AE40D5E71026D3E76FF08800F0BC7047DC
:10C080006FF08500FAE700BF0002C0030000C07F28
:10C09000030000026462020010B4046844B15AB1A3
:10C0A000084B24F47E149C4208D110BC05F006BA5B
:10C0B0006FF0880010BC70471046FBE76FF08500FA
:10C0C000F8E700BF0002C003F8B51E460368054646
:10C0D0000F4603B311B34168914222D8124A23F4A8
:10C0E0007E13934211D105F052FA044678B905F156
:10C0F0000C0138466A6805F04EFE6B684FF4AA7171
:10C100002846336005F082F903E06FF096040023BF
:10C1100033602046F8BD6FF08804FAE76FF08604BC
:10C12000F7E76FF08904F4E70002C0032DE9F0415E
:10C130000E461D4633881146B3F5105F04467268FB
:10C140002CD10F2D06D8174BB3EB122F04D06FF064
:10C15000860220E0202DFAD804F59A772A46384640
:10C1600004F58C7805F017FE2A46434639463046DA
:10C17000FFF700FD024670B9414604F1200000F0CF
:10C18000BDFB024618B1BDE8F04105F0BFB8102371
:10C19000A360012323771046BDE8F0816FF085028C
:10C1A000F9E700BF4B4E80002DE9F04F1D460023FC
:10C1B0008BB0DDF85890DDE9146AC9F80030044608
:10C1C0000F469046CAF8003066B34268184BB3EB8E
:10C1D000122F2AD102A9D0F814B0FFF729FD014689
:10C1E000C8B9029BB3421AD85FFA8BFB5946434643
:10C1F0003A46204600F0B0F8014660B92B46584652
:10C20000CDE9006A03AA00F04BFA014618B9BDF85F
:10C210000E30C9F8003008460BB0BDE8F08F6FF063
:10C220008901F8E76FF08601F5E76FF08501F2E725
:10C230004B4E800030B4074C041961F10005032C0B
:10C2400075F1000502D330BC00F02ABA6FF085000A
:10C2500030BC7047FF3F00804029F8B505460E46C8
:10C2600018D80E4F386805F008FD284605F03AFA50
:10C2700005F04CF8044640B909493246284605F015
:10C280008AFD4021064805F0C1F8386805F0FBFC3E
:10C290002046F8BD6FF08904FAE700BFC0280020EF
:10C2A0000000002008B503789B0705D00548402111
:10C2B00005F0ACF8002008BD05F030FA0028F5D0F4
:10C2C0000220F8E700000020F7B522494368044641
:10C2D000B1EB132FDAB239D1032A03D16FF0840006
:10C2E00003B0F0BD466901A9F5B2284605F0A4F9EE
:10C2F0000028F5D16A462146019805F07EF900280C
:10C30000EED10446009FA74219D89DF8043007F0EB
:10C31000070223F01F0343EA820301A88DF80430CB
:10C320008DF80560FFF7BEFF3946284605F09FF9F6
:10C330000028D5D103B0BDE8F04005F0B0B96019D0
:10C34000FFF724FE0028C9D10134DBE76FF08B0032
:10C35000C6E700BF4B4E80002DE9F04F89B005467F
:10C360000F4690461E4605F09AF9044678B96B6967
:10C370000090C3F3013262F305148DF8004014F00D
:10C38000300408D1A968890710D06FF086042046D0
:10C3900009B0BDE8F08F102C08D1BDF8023023F4AD
:10C3A000F87343F4A873ADF8023064E0E968864896
:10C3B00081423DD0854881423ED105219DF8023021
:10C3C00061F303038DF802302B88B3F5105F2CD195
:10C3D00000234FF0010B9E4619461846D5F808C0B9
:10C3E000DFF8EC9159F804AB1CEA0A0F08D00BFAFD
:10C3F00000F343EA0E0303F07F0E012341EA0A0132
:10C4000001300728EED12BB19DF803306EF34703BE
:10C410008DF803303CEA010107D16B88FF2B13D064
:10C420000DD8802B3DD0C02B3DD06FF08504AEE7FA
:10C4300009219DF80230C3E7DBB2F82BC7E7B3F55B
:10C44000807FF2D1042300E003239DF8021063F300
:10C4500006118DF8021014B91CF0030F95D12B7939
:10C46000022B2DD021D8012B8FD1BDF8021063F300
:10C47000C811ADF80210012A71D0032A25D0002A74
:10C4800083D12B88B3F5105FCFD1182E6FD0202E1B
:10C4900072D0102E7FF479AFDFF838A101251F2666
:10C4A0001BE00123D1E70223CFE7032B02D0FF2BB0
:10C4B0007FF46BAF0221BDF8023061F3C81372E75D
:10C4C000BDF8023043F4C0736DE7412E3DD1042521
:10C4D0004F26DFF804A108F101080024381904F000
:10C4E000D8FF00286CD00134AC42F7D11F2E07D002
:10C4F0002946384605F0BBF8044600287FF447AFCC
:10C50000009B4FF0FF39079300239B46CDF818A0FE
:10C51000BDF802204344C2F3C112059201AC03F1FD
:10C52000100C224618685968083303C26345144644
:10C53000F7D101A907EB0B00FFF70AFD044630B362
:10C5400005F0ADF86FF0920421E7182E19D0202ED7
:10C550001AD0102E7FF419AFDFF87CA09EE7302EA2
:10C560007FF413AF03253F26DFF870A0B5E7DFF8AF
:10C5700064A002252726B0E7DFF858A002252F2661
:10C58000ABE7DFF854A0F4E7DFF84CA0F6E71C2196
:10C5900001A80BF1010B04F039FFAB4506D00AEB03
:10C5A0000B12CDE906294FEA0B13B1E71F2E3FF41A
:10C5B000EEAEBA20FFF7F8FC00283FF4E8AEC1E782
:10C5C0006FF08A04E3E600BF0002C00300444004A9
:10C5D0007435020040008151000000201084045096
:10C5E00010B590B01C22002101A805F0E1FBF82055
:10C5F00004F04FFF08B3202200200DEB0201FFF7EB
:10C60000E3FB0446F8B901A84FF4807104F0EBFF96
:10C610000E4B0F4904930F4BCDE901130E4BF8213C
:10C62000069320230DEB0302FFF796FE202104461C
:10C630000DEB010004F0EAFE05E0F92004F029FF0B
:10C640000028D8D10446204610B010BD0010C00408
:10C6500000240001014B4E80F800FF7F73B5C5B286
:10C660000E46284601A9144604F0E6FF88B9BDF835
:10C670000630C3F3C113013BDBB2022B8FBF6FF057
:10C680008600054AD25C054B9EBF13433360C4E964
:10C69000005002B070BD00BF76620200004B4E80B9
:10C6A0002DE9FF41884601A9064614461D460A9F0A
:10C6B00004F0C2FF48B9B6F1F80348F1FF38022B85
:10C6C00078F1000804D26FF0860004B0BDE8F08174
:10C6D00004F0E5FF0028F8D1002CF4D09DF80410F8
:10C6E00011F00F0240F09280BDF80630C3F3C11381
:10C6F000013BDBB2022B00F28C804C4801F0300190
:10C70000C05C4B4B102943EA0003636037D1494BAF
:10C710002360204602A9FFF78BFA0028D5D1029B9F
:10C72000BB427FD844F2121221880198914204BF83
:10C73000042205F8012B0B9A214613609DF8043062
:10C740002A78C3F3011363F301022A7003AA08BF16
:10C7500007F1FF3704F051FF0028B6D12B78039A78
:10C760006E7062F384032B70238803F44F42B2F59A
:10C77000824F46D139462846FFF76EFDA5E713469E
:10C7800090469DF807002C494008C8B9414620460C
:10C7900004F029FF9DF8063003F00F02052A1AD095
:10C7A000092A3CD1254A4FF41051C3F30213013B2F
:10C7B0002180E260032B12D8DFE803F00F1C1E205B
:10C7C000C20705D5062B27D851F8232048EA0208CE
:10C7D00040080133D9E71A4AE5E7802363809DF8D2
:10C7E000043013F0300F94D118F0030F91D06FF094
:10C7F00096006AE7C023F1E7FF23EFE74FF4807369
:10C80000ECE7B3F5885F7FF460AFB3E76FF08800C3
:10C810005BE76FF0910058E76FF0830055E76FF02A
:10C82000920052E76FF089004FE700BF7662020086
:10C83000004B4E8001108001743502000002C003DD
:10C84000004440042DE9F3411D464FF48073284C09
:10C850008046002017460E46019300F099F901AB7F
:10C8600023601123234A0121C4E9022304F11003A8
:10C87000636040F61103E36104F120036361212347
:10C88000089AE3621C4B46F000561A60099A45F07C
:10C89000005542F00052C3E901122022C4F8108072
:10C8A000A6612762A5626162DA60BFF35F8F4FF015
:10C8B000A3421460BFF35F8FBFF35F8F1361BFF3B9
:10C8C0005F8FBFF35F8F03235363BFF35F8FBFF3AC
:10C8D0005F8F9363BFF35F8F04F0ABFF431C04468D
:10C8E000FAD0002000F07EF9204602B0BDE8F081C9
:10C8F00014720020040000200472002070B5044669
:10C900000D4619B10A688B681AB953B96FF0210640
:10C910003BE033B94B6823F00802102A01D0202BEA
:10C9200035D12046256104F0F5FF064600282CD1BC
:10C93000184B04F17801236001236360AB6804F1B4
:10C9400014009A069B01DBB202F0E0421A4342F463
:10C950008032112300F020F8AB6893B92A68A369EC
:10C960001A606B68A26943F0005393602268A36960
:10C9700092699268DA60A3691033A3616368013336
:10C98000636000221023C4E90223304670BD6FF0BB
:10C990004106FAE790350200026100F1140282605C
:10C9A00000F110024160C2600A6042680349916070
:10C9B0004268D3604368103343607047040000202E
:10C9C000BFF35F8F094A1368BFF35F8F43F4807131
:10C9D000BFF35F8F1160BFF35F8F23F48073BFF3EA
:10C9E0005F8F1360BFF35F8F704700BF00108051EF
:10C9F00008B5FFF7E5FFBFF35F8F064A1368BFF383
:10CA00005F8F43F00103BFF35F8F1360BFF35F8F4E
:10CA100008BD00BF0010805170B50026C0E9006657
:10CA200005460C46FFF72AF801232B70FFF7C8FFD5
:10CA3000BFF35F8F204BDB68BFF35F8F9B08013B29
:10CA4000ACB3226842B19A4205D9FFF737F86FF0CC
:10CA50003F002E7070BD1346D4E90115E06800292F
:10CA600008BF4FF40071002808BFF1202469BFF30C
:10CA70005F8F114A9360BFF35F8FBFF35F8F1564C1
:10CA8000BFF35F8FBFF35F8F5064BFF35F8FBFF360
:10CA90005F8F5163BFF35F8F44F4802444F001043F
:10CAA000BFF35F8F1460BFF35F8F0020D2E74FF4B6
:10CAB0000071F1202546DAE70010805170B5037847
:10CAC0000D461446002B53D0BFF35F8F2D4A136BD6
:10CAD000BFF35F8F5908C3F34203052B4BD011F00E
:10CAE000060F02D14FF0FF3070BD4368D3B9BFF3DA
:10CAF0005F8F5368BFF35F8F032BF3D9224B23491A
:10CB0000BFF35F8FD2F88060BFF35F8FBFF35F8F9B
:10CB100043F8046BBFF35F8F8B42F1D1FFF768FFDF
:10CB200001234360BFF35F8F164B9A68BFF35F8F9B
:10CB30000132B4EB021F21D8BFF35F8F5A68BFF3F5
:10CB40005F8FB4EB820FCDD884B1BFF35F8FD3F882
:10CB50008020BFF35F8F291D05F8012B8D424FEA1E
:10CB6000122204F1FF34EFD0002CF5D10020BBE7F6
:10CB70006FF02000B8E76FF05100B5E76FF03F00AD
:10CB8000B2E700BF0010805110108051201080517A
:10CB900010B50446FEF772FF104B186805F06DF8EB
:10CBA0000CB101232370BFF35F8F4FF0A34300222A
:10CBB000DA61BFF35F8FBFF35F8F4FF0FF321A630D
:10CBC000BFF35F8FBFF35F8F3422DA61BFF35F8FF4
:10CBD0000122034BC3F8042310BD00BFC02800206E
:10CBE0000080045010B5044638B9FEF767FFBDE871
:10CBF0001040074B186805F046B803783BB1FEF7C4
:10CC00005DFF034B186805F03EF80023237010BD4C
:10CC1000C028002038B5164CD4F80051C5B1BFF378
:10CC20005F8F4FF0A343996ABFF35F8FBFF35F8FAE
:10CC30004FF0FF321A63BFF35F8F0023C4F8003157
:10CC4000D4F800310B4B1868BDE8384005F02EB819
:10CC5000D4F8083153B100F06DF804F0DAFFC4F8ED
:10CC60000851D4F808310121034BECE738BD00BF6F
:10CC700000800450C8280020C428002008B5074BB5
:10CC8000186805F002F8064B186804F0FEFFBDE8CE
:10CC90000840002248201146F3F758BDC82800205C
:10CCA000C428002038B5094B1C7864B1084B4FF0FC
:10CCB000FF311D68284604F0EAFF4FF0FF310446BB
:10CCC000284604F0F1FF204638BD00BF9E7E0020BC
:10CCD000C828002010B5064C236D3BB9214651F8F9
:10CCE000503B986904F099FF01232365014810BD6A
:10CCF000447200209472002038B500240B4D0C4B78
:10CD0000EC662B6003F5C0436B60FFF7E3FF50B1A7
:10CD10006B6D2046B3F5007FCCBF4FF480634FF4BA
:10CD20000073AB6038BD0E20FCE700BF44720020EA
:10CD300000208051004870474472002070B50F4EAB
:10CD40000F4C0546306804F098FF206830B9802207
:10CD50000C49FFF739F870B9202323602368094A8A
:10CD6000013B2360002452F823202A60306804F03D
:10CD70008AFF204670BD0224F8E700BFCC280020BF
:10CD8000B4720020B87200202DE9F0434FF0000982
:10CD900085B00546CDF8049000F10C07EFF311883B
:10CDA000402383F31288BFF36F8F8368594003EAEF
:10CDB00002060A4053400E4901AACDE9023903F0A8
:10CDC00059FF019C3CB12046C4F88C900021646E50
:10CDD00003F0C8FEF6E7DDE9023223EA0203384633
:10CDE0004146AB60FDF788F8304605B0BDE8F083FA
:10CDF0003B1D020008B5054B044613B10021AFF3FB
:10CE0000008000F0ABFA2046F3F76AFF0000000054
:10CE1000F8B50E4B06461D68AB789B0712D56F68B8
:10CE200016F8014B29462CB90A20B847002805DB23
:10CE3000204609E02046B8470028F1DAAB7843F0F5
:10CE40000403AB704FF0FF30F8BD00BF603002004C
:10CE50000CB430B589B005460C461C22002101A84F
:10CE600004F0A6FF022305958DF806300D4B0293C2
:10CE700023462CB1B4F1004F28BF4FF00043013BD3
:10CE80001D440DAA0C9901A80695009200F00CF81B
:10CE900014B1059B00221A7009B0BDE8304002B001
:10CEA000704700BFC51E02002DE9F04F43688DB0EA
:10CEB00015468046029383789A0740F10D8100243D
:10CEC0000E78002E00F00A81252E0BD04B1C039308
:10CED000013441463046029B98470028C0F2F68054
:10CEE0000399EDE74E788B1C252E0393F0D0002795
:10CEF000B946BB46BBF11F0F38D8A6F12003102B53
:10CF00000AD8DFE803F02A090930090909210909CB
:10CF10000928092D09091F00A6F13003092B33D96F
:10CF20002A2E37D11BF0400F55F8043B40F0828089
:10CF3000002BA7BF4BF0200B9946C3F100094BF023
:10CF4000280B01E04BF0010B039B13F8016B0393DB
:10CF5000002ECFD130E04BF0020B4BF0040BF3E787
:10CF60004BF0080BF0E74BF0100BEDE7BBF17F0F38
:10CF700019D8A6F13003092BD2D81BF0400F03D0EB
:10CF80000A2101FB0737DFE70A214BF0200B01FBE9
:10CF90000939D9E72E2E06D11BF0400F40F09E80B4
:10CFA0004BF0400BD0E76C2E31D02BD8682E36D00A
:10CFB0006A2E3CD04C2E3AD0002F46F02003B8BF4A
:10CFC0002BF04002A3F16501BCBF00271FFA82FBD2
:10CFD000022901D9612B2FD107350727DFF8ACA231
:10CFE00025F0070508351BF0080F66D00AEB070B84
:10CFF00056465E4563D1A4EB0A0AA9EB070906EB86
:10D000000A026FE1742E9FD07A2E9DD0D4E71BF0D8
:10D01000800F18BF4BF4007B4BF0800B94E71BF4A0
:10D02000807F18BF4BF4007B4BF4807B8CE74BF484
:10D03000207B89E71F4687E7A6F16301122900F2EA
:10D04000F080DFE811F013004F00EE00EE00EE007C
:10D05000EE004F00EE00EE00EE00EE00EE00FE00EF
:10D06000E900EE00EE001B00EE00AF0055F8043BB7
:10D0700001270DF1180A8DF81830B4E755F804AB04
:10D08000834BBAF1000F08BF9A461BF0400F504681
:10D0900014BF39464FF0FF3104F0B2FE0746A2E755
:10D0A00041462020029B984700280FDB013EB742F3
:10D0B000F6D34C44B146A41B98E74E46F7E74146E9
:10D0C00016F8010B029B9847002892DA98F8023074
:10D0D00043F0040388F802304FF0FF3420460DB0CF
:10D0E000BDE8F08F1BF0800F34D01BF4007F2CD0F4
:10D0F000073525F00705AA4669685AF8080B2BF092
:10D1000010050029ADB237DA404245F4806561EB85
:10D1100041010DF1180B0A235A4604F07DFEA0EBE5
:10D120000B0301936B0662D5019B25F001019F4221
:10D1300089B240F3A180002E00F0998015F0100212
:10D1400040F09C80BB460D4623E0AA465AF8040BEB
:10D15000C117D4E7AA461BF4807F5AF8041B01D1FB
:10D160000846F5E71BF4007F19BF48B241F3C01130
:10D1700008B241F3C031C2E750EA0103C9D11BF044
:10D18000400FC6D0002FC4D12BF01102BB4601972F
:10D1900095B240F2064115EA01021CBF0BF1010BEA
:10D1A00000222CE02BF010020A231FFA82FB1BF056
:10D1B000800C49D01BF4007115BF0735AA4625F035
:10D1C00007055AF8040B1EBFAA4669685AF8080BEF
:10D1D00050EA010545D12BF016051BF0400FADB20A
:10D1E00042D0002F40D12BF01702019795B215F0D5
:10D1F000100248D0019B002E42D103F1010B2907F8
:10D200005AD4EB0706D5D9456FDDA9EB0B0301997D
:10D21000CB465F185B4649E04BF0100B1023782695
:10D22000C5E7782B04D1C6F1780343F01003BEE7BD
:10D2300041462520029B98470028FFF647AF02345D
:10D2400047E608230026B2E7AA461BF480715AF885
:10D25000040BBDD01BF400711ABFC0B2614680B28E
:10D26000B6E72BF0060295B20DF1180B54E725F046
:10D270001105BB46ADB28CE70D46B8E73B460D46FF
:10D2800003F1020BBBE7DDF804B082E7C9620200DC
:10D29000C2620200CDE9043241462020029B984739
:10D2A0000028FFF613AF049B059A01339945F1DC82
:10D2B000A4EB0B019B46CC180AB341463020029BDD
:10D2C00098470028FFF602AF8EB901342744391B76
:10D2D000019B994224DC1D4655BB019AA9EB0B0921
:10D2E000554622441446914433E0019F92E70234AC
:10D2F00041463046029B98470028E7DAE6E640F2CE
:10D3000006410D42E2D015F0020F04F1010441463E
:10D3100014BF2B20202015F4806F18BF2D20E9E7C3
:10D3200041463020029B013498470028CFDACDE6F1
:10D3300006AB013D4146585D029B98470028CBDA79
:10D34000C4E641462020029B013498470028FFF69E
:10D35000BDAEA9EB0403002BF3DCC1E538B5074DE6
:10D36000074C641BA41024B9064B0BB1AFF300802B
:10D3700038BD013C55F824309847F4E70000000020
:10D380000000000000000000704700F0A9BE00F09F
:10D39000A7BE836800EBC101B3F5004F2CBF51F865
:10D3A000220031F81200704700EBC1018068B0F52F
:10D3B000004F2CBF41F8223021F812307047012273
:10D3C00008B5FFF7E6FFD04008BD836800EBC10158
:10D3D000B3F5004F08D34B681AB143F001034B601B
:10D3E000704723F00103FAE74B881AB143F00103B9
:10D3F0004B80704723F00103FAE753000122FFF747
:10D40000D3BF8368B3F5004F34BF04230823C91A80
:10D41000081AC00870478368481CB3F5004F34BF32
:10D42000042308230833A0EBD300B0FA80F0C0F146
:10D430001F0070472DE9F041174603220E460446AF
:10D44000FFF7A7FF8642054607F104080AD101222B
:10D45000E368BA4023EA0203E360002344F828307B
:10D46000BDE8F081314602222046FFF792FF0646D2
:10D470002B4601460322204644F82850FFF794FF2C
:10D48000334629462046BDE8F0410222FFF78CBF13
:10D4900070B50D4686680446FFF791FFB6F5004F5C
:10D4A000014601D3012809D02046FFF7B4FF2946E1
:10D4B00002462046BDE87040FFF7BCBF70BD2DE9B5
:10D4C000F0470546FFF7A7FF05EB800ADAF8109052
:10D4D00088460646B9F1000F1BD00327DAF8104042
:10D4E00028462146FFF76BFF404507D332462146C9
:10D4F0002846FFF79FFF2046BDE8F087032221461C
:10D500002846FFF746FF013FCAF8100001D08145C9
:10D51000E4D14FF0FF34EB680136B4401C40EAD050
:10D5200094FAA4F2B2FA82F2131D55F82340DEE712
:10D530002DE9F04114460E460546FFF740FFA4EBE7
:10D540000608371B0744424631462846FFF755FF79
:10D550003A4621462846FFF750FF4346002221461F
:10D560002846FFF721FF21462846FFF728FF3B46C4
:10D57000211800222846BDE8F041FFF715BF2DE92C
:10D58000F041164604460F46FFF719FF314605469F
:10D590002046FFF714FF05442A4639462046FFF788
:10D5A0002CFF31462046FFF70AFF2B463118002298
:10D5B0002046BDE8F041FFF7F7BE2DE9F0410D46EA
:10D5C00086680446FFF7FBFEB6F5004F014601D31F
:10D5D000012832D02046FFF71EFF04EB80010E69C0
:10D5E00096B90122E36882401343E36002220D6191
:10D5F0002B4629462046FFF7D7FE03222946204620
:10D60000BDE8F041FFF7D0BE022231462046FFF7C9
:10D61000C0FE0746034629462046FFF7C5FE032203
:10D62000334629462046FFF7BFFE39462B462046A3
:10D63000FFF7BAFE02223146E1E7BDE8F081F8B516
:10D640000C460546FFF7BBFE261801223146284648
:10D65000FFF79FFEC3070CD431462846FFF718FF9B
:10D6600021462846FFF7ABFE214622182846FFF741
:10D6700086FF002221462846FFF78BFE271A01224B
:10D6800039462846FFF785FE10EA020613D13946CF
:10D690002846FFF7FDFE214632462846FFF779FE71
:10D6A0002246211A2846FFF76AFF214632462846BD
:10D6B000FFF76FFE241A21462846BDE8F840FFF721
:10D6C0007CBF38B571B1056800222846FFF799FE86
:10D6D000044601462846FFF778FE2146BDE838405B
:10D6E000FFF7ADBF38BD70B5056809B9002070BD42
:10D6F000AB6801F00704B3F5004F2CBF08220422E9
:10D7000007341444E40804EBD1049C4228BF1C46AF
:10D7100028462146FFF7D3FE06460028E6D00146FC
:10D720002846FFF74CFEA04209D93444314628462A
:10D730002246FFF7FDFE21462846FFF73EFF28461A
:10D7400001223146FFF741FEAB68B3F5004F34BF0D
:10D750000423082303EBC6031844C8E71146FFF768
:10D76000C2BFB2F5802F2CBF082304232DE9F0415E
:10D770000026D21A8C18CD1D25F0070524F00704C9
:10D78000641BE408056021462846AC60EE60FFF7A4
:10D7900042FE421D9200013002F107074FEAD7070F
:10D7A0003146A2F1100205F11000B8BF324604F074
:10D7B000FFFA3A4631462846FFF71FFE3346324607
:10D7C00031462846FFF7F0FDA4EB0708284631460E
:10D7D0000122FFF7FAFD42463946FFF70EFE3B46AF
:10D7E000324639462846FFF7DFFD21462846FFF737
:10D7F00004FE4346324621462846FFF7D5FD214622
:10D8000028460122FFF7E1FD3946BDE8F041FFF768
:10D81000D4BE2DE9F04706460D46174698462BB371
:10D820004FF0000A98F8004093F80190DB78A400CC
:10D8300004EB430498F802301C444444CA4509D31D
:10D8400039463046AC46D8F8042008F10803BDE854
:10D85000F047604714F8013B0AF1010A204648F8F6
:10D860002340EFF7FEFF01300444E7E76FF01500B7
:10D87000BDE8F08770B5002502462846144614F826
:10D88000013B0BB9184609E098B18D4207D1702BC6
:10D8900004D0A3F140023A2A0BD8002070BDA3F1B6
:10D8A00040063A2E05D853780135941C002BE9D058
:10D8B0000020252B224608BF80F00100DEE7002073
:10D8C000704700F08ABB0FB407B504A951F8040BE8
:10D8D000019100F082FB03B05DF804EB04B07047E7
:10D8E0000FB407B504A951F8040B0191FFF7E9FF44
:10D8F00003B05DF804EB04B0704710B5036902464D
:10D9000013F0080009D11368D4689C429BBF012022
:10D91000126AE31AD31A0B6010BD00231846FAE707
:10D9200013B501A90446FFF7E8FF20B1019BE268A7
:10D93000013B13440193206A019BC01A013802B0D5
:10D9400010BD10B5044650182269236AD20702D5CB
:10D95000013B184010BD984228BFC01AFAE710B525
:10D9600004460A46C168FFF7ECFF2369E06023F034
:10D970000803236110BD38B50D46C2698B000168EC
:10D9800043F00203044642F8213001682A46FFF7BB
:10D99000D8FFE3686168984208BF2369206008BF28
:10D9A00043F008032A46204608BF2361FFF7C9FF5A
:10D9B000606038BD2DE9F74FC768C6699B4606EB26
:10D9C0008703009316F82730044603F00303022B65
:10D9D000884691464FF000030BD01360CBF800301F
:10D9E00023699B0713D44FF0000A504603B0BDE8EB
:10D9F000F08F56F8271013608908CBF80030EFD06D
:10DA0000FFF7ADFFE368A3604FF0010AEDE7A369FC
:10DA100006EB8700984716F82720054612F0010A02
:10DA2000E1D012F002021FD0B8F1000F03D041463E
:10DA30002046FFF7A0FF61682A462046FFF781FFD6
:10DA4000D4E902219142606006D12A462046FFF7C0
:10DA500078FF4FF0000AA060A2682260E2602269AD
:10DA600042F008022261C0E7014620460192FFF71A
:10DA700076FFE368A360B8F1000F04D02168E36982
:10DA8000019A43F8212005EB0802CBF80020216819
:10DA90002046FFF756FF2369206043F00803236107
:10DAA00016F827306FF3000306F82730009BC9F8FB
:10DAB0000030A9E770B504461546FFF742FF23681A
:10DAC000834205D12369216023F00803236170BDDF
:10DAD000E269AB0043F0020342F8213061682A4654
:10DAE0002046FFF72EFF6060F1E738B50369044672
:10DAF0005B0706D5456AFFF713FF85422CBF6562B9
:10DB0000606238BD38B50D4604461C22002104F081
:10DB10004FF90022EB68A361AB6863612B68E36196
:10DB20006B68626223622A6923B1591E194208BFD9
:10DB300042F001022261012204F128000021BDE827
:10DB4000384002F08BBE2DE9F04F002587B00093DE
:10DB5000036A04468B420E469246A94603950595F4
:10DB600039D3EFF3118B402383F31288BFF36F8F08
:10DB7000059AD8462AB129462046FFF79BFF002385
:10DB8000059304A92046FFF7B8FE04990746B14261
:10DB90002AD32268E369204613F8221003EB820996
:10DBA00021F0030103F8221021683246FFF7C9FE75
:10DBB000E3682060984212D0002788F31188BFF3F1
:10DBC0006F8F039929B162690AB1204690470023FB
:10DBD0000393002FC5D1484607B0BDE8F08F2369F5
:10DBE00043F008032361E7E718B12046FFF7C3FEBF
:10DBF000E3E7009B5AEA03021CD0019102F04DFFBB
:10DC00000199B8B9BBF1000F14D187F31188BFF3A4
:10DC10006F8F5246009B04F12800FBF73FFDEFF3A6
:10DC20001188402383F31288BFF36F8FB0FA80F717
:10DC30007F09C2E7204605AB03AA2568FFF7BAFEB5
:10DC40000746BAE770B50446836908460D4698470B
:10DC50000246EFF31186402383F31288BFF36F8FE0
:10DC60002B78204643F001032B706168FFF769FEB3
:10DC700060602046FFF739FF86F31188BFF36F8F8E
:10DC800070BD2DE9F04104464027EFF3118687F37C
:10DC90001288BFF36F8F236913F0080FA36802D1B6
:10DCA0006268934200D9226AD21AE16932B986F3D6
:10DCB0001188BFF36F8F4FF0000833E011F8232075
:10DCC00001EB830812F00300F1D0022803D151F8D0
:10DCD0002350AD0805D1D00712D44046A369984718
:10DCE0000546A1682A462046FFF72BFE2946A0607C
:10DCF0002046FFF734FE86F31188BFF36F8FC4E729
:10DD000042F0020201F82320A3694046A568984723
:10DD1000294602462046FFF714FEA06086F31188CC
:10DD2000BFF36F8F4046BDE8F081F8B504468369C4
:10DD300008460D4698470646EFF31187402383F3C4
:10DD40001288BFF36F8F2B786FF300032B7023695A
:10DD50009B0705D5E268E36903EB82039D421AD174
:10DD60002B786FF341032B70D4E90231994204D12F
:10DD700032462046FFF7E5FDA06031462046FFF71A
:10DD8000EEFD87F31188BFF36F8F04F12800BDE823
:10DD9000F840FBF749BC2B6860F39F032B60F0E76A
:10DDA000EFF31181402383F31288BFF36F8F036970
:10DDB00013F0080F836802D14268934200D9026AC7
:10DDC000D31A81F31188BFF36F8F181E18BF01207B
:10DDD0007047038B13F0070305D10368002B0CBFBA
:10DDE000002003207047022B05D1408BB0FA80F051
:10DDF000400980007047012B05D10368002B0CBF40
:10DE00000020052070470020704710B50C4600B177
:10DE100011B96FF0150010BD081D00F093F800282F
:10DE2000F9D1A368032BF6D9F3E72DE9F0410D46AC
:10DE300007461946281D90461E4600F097F80446EE
:10DE400038B13346424629463846A446BDE8F0413B
:10DE50006047BDE8F08110B4EFF31182402484F3F1
:10DE60001288BFF36F8F416110BC0121F1F794B9A3
:10DE700038B50C46054658B151B10B6843B14B68F3
:10DE800033B11C22002103F093FF00202C6138BD28
:10DE90006FF01500FBE770B505460E46FFF7B5FFBE
:10DEA000041E14DBEFF31182402383F31288BFF3C7
:10DEB0006F8F4FF6FF716B8B2C8B8B4204F0070436
:10DEC00007D182F31188BFF36F8F6FF00A042046E9
:10DED00070BD022C0CD101336B8382F31188BFF328
:10DEE0006F8F0023224631462846FFF79EFFEEE75C
:10DEF000062C14D8DFE804F004131313041A0400EA
:10DF0000002333606B683BB9C5E90066ACB90221F8
:10DF10002846F1F741F9DAE71E606E60F6E782F312
:10DF20001188BFF36F8F6FF00404D0E782F311887C
:10DF3000BFF36F8F6FF08504C9E782F31188BFF3D9
:10DF40006F8FC4E7034640B1426802F00302022A21
:10DF500006D0032A04D0012A05D06FF015007047BF
:10DF60001A68002AF9D000209860704710B54268FE
:10DF7000034602F00302022A4FF00004816007D03A
:10DF8000032A02D05C60002001E018685C6010BDCC
:10DF900018685C600028F6D0FCF728FCF3E77047AF
:10DFA00003785B075FBF03684288C3F34A2303EB30
:10DFB00012105DBF173020F0070080080020704766
:10DFC0000020704701F018BF0346D3E8EF0F421C52
:10DFD000C3E8E12F0029F8D170471FB50023CDE930
:10DFE00002011A4619461846CDE90033F1F700FD43
:10DFF00005B05DF804FB0120F1F7B2BA00207047CC
:10E000004368DA7101224368196043685A71F1F775
:10E0100099BA70B515460C4669B1D2E901369B1B19
:10E0200099420AD813680A460146981903F0B3FECC
:10E03000AB682344AB60204670BD6FF01B00FBE76C
:10E0400070B50E4615461946044618B9BDE870402D
:10E05000F1F786BA33B1C2F34A231030120D1844D7
:10E0600003F099FEC4E900562046BDE87040F1F780
:10E070001BBC2DE9F3415F1C4FEA8708064608F1F7
:10E08000170020F0070080080C461546F1F7E4FA67
:10E0900000238DF80470ADF805308DF8073068B1B5
:10E0A0000346019AA8F1040143F8102F2A46294497
:10E0B00052F8045B8A4243F8045FF9D100233146E9
:10E0C000A20102F4E07242EA482222F07F4222F4E6
:10E0D000700222F03F0202B0BDE8F041FFF7B0BF8E
:10E0E00007B50123019201AAFFF7C3FF03B05DF852
:10E0F00004FB07B5CDE9002302236A46FFF7B9FF09
:10E1000003B05DF804FB1FB5CDE90123069B01AA0E
:10E1100003930323FFF7ADFF05B05DF804FBF8B5EB
:10E1200006460D4614461F4604B9F8BD214628464A
:10E130003A46B047241A0544F6E710B5426804464B
:10E14000D2E9002381680068FFF7E9FF00226368D5
:10E150001A6010BD38B54B6805461A68CB680C4686
:10E160009A4202D10846FFF7E8FF6368D3E8EF2F31
:10E17000511CC3E8E01F0028F8D1A36800209D547B
:10E1800038BD0A2838B504460D4602D10D20FFF7E8
:10E19000E1FF29462046FFF7DDFF002038BD2DE9CD
:10E1A000F043054687B008460E8891F800900C466B
:10E1B000D1F808801746F1F76BFC011EC6F38216F2
:10E1C000C9F3C2091EDB4846F1F780FB034621462E
:10E1D00051F8102B6088C2F34A22002A01EB020496
:10E1E00008BF00210022C0F30B10CDE90407CDE9E0
:10E1F00002142846414601960092F1F775FC07B0DB
:10E20000BDE8F0830023E2E72DE9FF41D1F80C805F
:10E21000054640461F460C461646EFF722FBBDF862
:10E22000283080B2CDE90180009332463B4621463A
:10E23000284601F030FB04B0BDE8F08103F0B8BD22
:10E2400003F0A9BD01460068F1F7DABE08B5F1F7A1
:10E2500033FFBDE80840F1F753BF0A460121FFF73D
:10E260003FBF00210120F1F7CBBE436F83F30B8842
:10E2700070476FF08500704761B662B680F3118811
:10E28000BFF36F8F704772B6002383F31188BFF31B
:10E290006F8FBFF34F8F30BF62B6BFF36F8F704782
:10E2A00072B6002383F31188BFF36F8FBFF34F8FD4
:10E2B00020BF80F31188BFF36F8F62B6704740E8CC
:10E2C00000F313F4803FD8B208BF6FF01500704719
:10E2D00030B50C684B6885B00A894D890094013BC4
:10E2E00024F01F04234402F01F0242EA451223F0E7
:10E2F0001F0369468DF808200393F2F7FDFA05B075
:10E3000030BD08B5D1E904319847002008BD08B5F3
:10E31000F2F7EEFC002008BD70470023038243693A
:10E32000C3607047416A8968F2F74EBDEFF311820E
:10E33000402383F31288BFF36F8F00230B60436881
:10E3400033B9C0E9001182F31188BFF36F8F7047B2
:10E3500019604160F7E7034610B5EFF311814022E1
:10E3600082F31288BFF36F8F006828B15C6802687F
:10E37000A0421A6008BF5A6081F31188BFF36F8F03
:10E3800010BD027A013202727047034618465B687C
:10E39000002BFBD17047426810B52AB10B461C46D2
:10E3A0005B68002BFBD16260416010BD10B5044674
:10E3B00020B908460B7A01330B7210BD034618468C
:10E3C0005B68002BFBD1FFF7E6FF2046F5E783688B
:10E3D0000B440360704703680B6043684B608368BD
:10E3E0008B6070478388026819448180D018704719
:10E3F00030B484880568A3188380281930BC03F0E2
:10E40000CABC10B5838802685C1C8480D154D018C3
:10E4100010BD034600689A88401A1144186099801C
:10E4200070470268531E036083880133838002F8BB
:10E43000011C704703468288521A82800068084493
:10E4400018607047034600689A88521A01449A80FF
:10E450001960704710B5036801211C78FFF7EAFFC7
:10E46000204610BD10B5036802211C88FFF7E2FFAB
:10E47000204610BD02688068101A70478388C288E1
:10E480008168D21A03685B1AD01A7047034608469F
:10E4900030B55D189D4202D014687F2C00D930BD84
:10E4A00019780D29FBD00A29F9D0611C116013F8E5
:10E4B000011B14442171EDE708B501F0A1FC6422B1
:10E4C0000023ECF709F908BD002330B5D2E8EF4F7F
:10E4D000C2E8E53F002DF9D15CB1FF2CA8BFFF24B5
:10E4E0004379C21891719A1C0133427150FA83F03A
:10E4F000847130BDD0E8EF3F0133C0E8E23F002A2D
:10E50000F8D170471FB58DF80110116892888DF809
:10E510000000CDF80210ADF806201946072202A827
:10E5200003F05EFC0020102269468DF80F00F2F720
:10E53000ABFE05B05DF804FB10B50C4601782278FF
:10E540008AB08A420FD06946F2F7F6FE204605A946
:10E55000F2F7F2FE10220DF115010DF1010003F0AA
:10E560002FFC0AB010BD012A06D0022A07D072B9CA
:10E5700040886388C01AF4E740686368FAE71022AD
:10E58000611C01300AB0BDE8104003F019BC6FF007
:10E590001500E6E7042A0AD0102A0DD0022A4FF00F
:10E5A000000315D103700B884380012070470123BD
:10E5B00003700B684360F8E7022300F8013B01F1A8
:10E5C000100351F8042B994240F8042BF9D1ECE7E1
:10E5D00018467047012310B50621044600F8013B98
:10E5E000F9F796FE18B9A37963F03F03A37110BD44
:10E5F0000B6803608B8883808B798371037823F0A9
:10E600000203037070470078C0F34000704738B5CC
:10E610000446807AF2F7AEFB6169054649B1637A38
:10E62000DB0704D4436A20461B689B689847002395
:10E63000636121462846BDE8384002F001B92DE962
:10E64000F04101F10C080C46054600F10C01404672
:10E6500017461E46FFF7BFFE4046FFF70BFF01239C
:10E6600010FA87F068826B72394640462F82FFF7B6
:10E67000E1FEE368284673600023628AE3607281EA
:10E6800063823460BDE8F08138B50C46D1E90032D0
:10E690000546DA600B684A895A820868F2F712FC6C
:10E6A00020461022002103F083FB2846BDE83840B5
:10E6B000FFF7ADBF438A23B9C068B0FA80F04009C4
:10E6C0007047002070470F2807D80D280BD8052861
:10E6D00008BF032018BF02207047132803D01A2850
:10E6E00008BF0120F6E701207047FFF7F9BCFFF7EC
:10E6F00000BD034610B5D3E8EF0F40EA0102C3E8BE
:10E70000E42F002CF7D110BD0023F1F7EDB8D0E8CD
:10E71000EF3F0B40C0E8E23F002AF8D1704738B520
:10E7200004460D46F3F782F85F3005D129462046AE
:10E73000BDE83840F2F758BF38BD10B5F4F7C2FD58
:10E7400004466FF480711030FFF7E1FF2046BDE80A
:10E75000104000F044B9C368DB78012B01D1FFF70A
:10E76000ECBF7047C368DB78012B01D1FFF7E5BF31
:10E77000704710B503884288934219D8052B17D9E2
:10E78000B2F5486F14D88388B3F5FA7F10D240F6FB
:10E790007644C088A0F10A0189B2A14208D80133A9
:10E7A0009BB25343B3EB800F34BF0120002010BD58
:10E7B0000020FCE7002070470020704770B5064637
:10E7C0000D464FF0FF304FF0FF31F3F71FFB0446CB
:10E7D00018B9BDE87040F2F7FDBE03210C30FFF719
:10E7E00001FE068085702146BDE8704042F221009E
:10E7F000F3F72CBC70B506460D464FF0FF304FF0D6
:10E80000FF31F3F703FB044668B103210C30FFF737
:10E81000E9FD068085702146BDE87040002240F287
:10E820000640F3F72FBD6FF0680070BDC36818781D
:10E8300008B1F2F727BF1846F4F7B4B838B54FF06F
:10E84000FF3105464FF0FF30F3F7E0FA044668B1B8
:10E8500002210C30FFF7C6FD2B88214603800022E1
:10E86000BDE8384042F21600F3F70CBD6FF06800C7
:10E8700038BD2DE9F047814688464FF0FF304FF014
:10E88000FF3117461E469DF820A0F3F7BFFA054654
:10E89000A0B107210C30FFF7A5FDB9F8003080F8D2
:10E8A00002800380C7700671A0F805A02946BDE864
:10E8B000F047002242F23200F3F7E4BC6FF0680048
:10E8C000BDE8F08708B500200021F3F76FFC18B110
:10E8D000BDE80840F3F7B4BBBDE80840F5F7CAB996
:10E8E000072208B503F06CFAB0FA80F0400908BDC1
:10E8F000FFF7F6BB00280CBF08460020704718B190
:10E9000011B10846F4F7BEB96FF01500704713B5A2
:10E91000044680B106216846F9F7FAFC48B99DF82B
:10E920000530694603F03F0320468DF80530FFF7B8
:10E93000E6FF02B010BD6FF01500FAE7003818BF0F
:10E9400001207047034610F4004F0CBF072006203B
:10E95000DA0348BF00F005009B0348BF00F0FB004E
:10E960007047D0E8AF0F7047012303FA01F13AB1C5
:10E97000D0E8EF3F0B43C0E8E23F002AF8D17047F0
:10E98000C943D0E8EF3F0B40C0E8E23F002AF8D18E
:10E99000704770B506460D464FF0FF304FF0FF311F
:10E9A00086B0F3F733FA0446B0B10C3095B10121CB
:10E9B000FFF727FD204606F1100203A90823009562
:10E9C000F3F712FA0022214642F20A00F3F75AFC4A
:10E9D00006B070BD2946EBE76FF06800F8E7183025
:10E9E00002F018B8D0F8B400003818BF0120704702
:10E9F0000846896918301160426800211A6010F8D1
:10EA00000D2C03F0D5B92438F4F74CBE002203686E
:10EA10000BB9184670478B4210D10B6842B9426857
:10EA20000360914200D14360002301200B607047D6
:10EA300013604368994208BF4260F5E71A461B68B5
:10EA4000E6E7837A072B01D1F4F75CBE704710B577
:10EA50000446006918B1F2F735FA0023236110BDAE
:10EA600010B500F1C802D2E8AF3F5BB1591CD2E843
:10EA7000EF4F9C4204D1C2E8EC1FBCF1000FF6D16D
:10EA8000F1D110BD1846FCE710B5837A0446023B6D
:10EA9000062B16D8DFE803F009041515150B09003D
:10EAA000417200212046F4F789FF002010BD008844
:10EAB000FFF7A0FE0028F9D1A37A072BF5D1082192
:10EAC000F0E76FF07F00F1E738B5037A04468B4238
:10EAD000154615D100F170010722284603F070F9A0
:10EAE00080B1E378072243B904F17E01284603F0A0
:10EAF00067F9B0FA80F0400938BD04F17701F5E715
:10EB00000020F9E70120F7E78378012B0CBF703074
:10EB100000207047F8B507460D464FF0FF304FF024
:10EB2000FF31F3F773F90646D0B10E210C30FFF731
:10EB300059FC04460E22002103F03AF93B88314685
:10EB400023802B88002263806B8842F21300A3800D
:10EB5000AB88E380EB882381BDE8F840F3F792BBF4
:10EB60006FF06800F8BD704710B50446FBF7EAF98E
:10EB7000234653F8482BD2F8B41061B9A164D2F8F7
:10EB8000B81061B9C2E92D33FBF7F0F92068BDE890
:10EB90001040F4F7E9BE8B42F6D00968EDE70B6050
:10EBA000C2F8B830F0E703682BB141681A688B42AD
:10EBB000026008BF4260704770472DE9F843446B1C
:10EBC000002C55D054F8085905B1083D002701E044
:10EBD0002C461D46D4E900682EB3FBF7B3F900229A
:10EBE000D6F8B43004F1480163B1994232D1A36C34
:10EBF00042BBD6F8B820C6F8B430914201D1C6F86D
:10EC0000B830A764FBF7B2F904F130090022002301
:10EC10004846FAF7D7FC0646F8B9D8F804300BB1E5
:10EC2000204698472760E3680BB120469847D8F8FC
:10EC300020300BB120469847D5B1AB68002BC7D028
:10EC4000083BC5E71360D6F8B830994208BFC6F84C
:10EC5000B820D6E71A461B68C6E7B36923B16FF040
:10EC60006D02F169206898473046F2F72BF9CDE73D
:10EC7000BDE8F883F8B50F46002105461646002387
:10EC80004FF224420846F5F7B1FB044620B9284666
:10EC9000BDE8F840F5F776BB04210C30FFF7A2FB86
:10ECA0000570477046802046F8BD406B28B1838BC5
:10ECB00008388B4201D08068F8E7704710B54AB930
:10ECC00089B2FFF7F2FF28B143689B6913B1BDE831
:10ECD0001040184710BD38B50D460521FFF7E5FF78
:10ECE000002329461A46F5F79BFB044610B1284637
:10ECF000F2F7E8F8204638BD406B28B18389083820
:10ED00008B4201D08068F8E770477047034600687F
:10ED100028B15968026888421A6008BF5A60704773
:10ED20000346002003B970471A8A5B681044F9E76C
:10ED300010B5D4680231237813B92170012010BDB9
:10ED40008B42FBD0038A023B038200201061F6E76E
:10ED5000FFF7C6B92DE9F04104468868FFF7E0FFE8
:10ED6000638D628B0D46934228BF134683421DD3A9
:10ED70000027A165D1F808808F60FBF7E3F84146D2
:10ED80002046F5F741FD064638B1C5F80880A7656D
:10ED9000FBF7ECF83046BDE8F081618D638B2846C7
:10EDA000994228BF194600F06FFEF1E76FF079062F
:10EDB000F0E773B51446014605464FF49572206896
:10EDC00000F0D8FD207530B92946206800F05FFEBC
:10EDD00020B908232375002002B070BD237AB3B197
:10EDE000A3F11802534253419B000193638A2946C1
:10EDF0000093AE68238AE2682068B047002808DBE9
:10EE0000238A98420CD1002301202375E4E70223D2
:10EE1000EBE710F1FF0F03D34042C0B22075DAE7F1
:10EE20000E20FBE71FB5CDE9012300231A4600930E
:10EE3000F7F740F905B05DF804FB38B504460D4618
:10EE4000F5F7E2FC30B1294604F15C00BDE838403A
:10EE500001F0EBBC38BDF8B5936805460F46144683
:10EE6000166863B9506801210C30FFF7BBFAA06047
:10EE70002B681B78002B14BF022301230370A368A7
:10EE80001B78012B03D0022B1FD000201CE02B6825
:10EE90001B78002BF9D1606804210C30FFF7A2FA2F
:10EEA000E06007802A68E36852885A806168728D42
:10EEB000738B088A9A4294BFC0EB0200C0EB030038
:10EEC000042894BF00200120F8BD2B681B78022B7A
:10EED000DBD1606812210C30FFF784FAE060078014
:10EEE0002B68E268591C0232113351F8040B994225
:10EEF00042F8040BF9D16168728D738B088A9A42CB
:10EF000094BFC0EB0200C0EB03001228D9E770B435
:10EF10000568EA6A52B3136803B1A83BA2F1A804DA
:10EF20000022114600E0A83B844207D0668D648B26
:10EF3000B14238BF3146A24238BF22461C462BB1EF
:10EF4000D3F8A830002BEED18442EFD1438D408B13
:10EF50008B4201D890420BD9824238BF0246994277
:10EF6000286838BF194670BCF7F720BD1146EDE799
:10EF700070BC7047D0680431037813B90170012068
:10EF800070478B42FBD0002091680B8A043B0B82B8
:10EF90001061704770B504460E46002200230846F3
:10EFA000FAF710FB054658B101462046F5F72CFC50
:10EFB000044618B12946304601F042FC204670BD97
:10EFC0006FF00104FAE70022036803B970478B422F
:10EFD0000FD10B683AB942680360914200D1436097
:10EFE00000230B60704713604368994208BF42607A
:10EFF000F6E71A461B68E8E7D0E8EF3F43F008025F
:10F00000C0E8E12F0029F7D1C3F3C00070472DE914
:10F01000F04F044685B0104690469946FFF780FEB3
:10F02000638B628D8B46934228BF1346834240F226
:10F030009380636840460393FFF7A7F94FF0000AF7
:10F0400006464046FFF76CFE628B638D06F10C07A7
:10F050009A4294BFC0EB0205C0EB03053846FFF7A8
:10F060000DFA854217D24046FFF75AFE628B638D38
:10F070009A4294BFC0EB0205C0EB03058DBB98F824
:10F080000A00F1F777FE00220023FFF74BF906464E
:10F0900030B9574636E03846FFF7F0F90546EDE758
:10F0A00001464046FFF782F94046FFF739FE628D80
:10F0B000638B06F10C079A4294BFC0EB0205C0EBCC
:10F0C00003053846FFF7DAF985421FD24046FFF7BD
:10F0D00027FE628D638B9A4294BFC0EB0205C0EBA2
:10F0E0000305F168328ACDF80090DBF804700A4419
:10F0F00003985946ABB2B847071E0CDABAF1000FB5
:10F1000018BF5746384605B0BDE8F08F3846FFF7C0
:10F11000B5F90546E5E70E9BB3B9394606F10C0093
:10F12000FFF760F94046FFF7FBFD638D628BB94442
:10F13000934228BF13468342BA441FFA89F9A8D9DB
:10F14000AF423FF47EAFA4E7394630460F9A0E9B9C
:10F1500098470028E1D19CE70027D3E72DE9F0414B
:10F16000064690461F460D46B9B104220121F5F727
:10F170007FFC044618B9BDE8F041F5F7BBBB04219C
:10F180000C30FFF72FF90570A0F80180C7702146F9
:10F190003046BDE8F041FFF750BEBDE8F08130B524
:10F1A0000C4685B0054601F10C00FFF75BF9228A99
:10F1B00003460292E268284601920022114600921C
:10F1C000F5F7ACFC05B030BD30B50C4685B0054652
:10F1D00001F10C00FFF746F9228A03460292E26829
:10F1E000122101920022284600921322F5F796FC84
:10F1F00005B030BD00232DE9F34117681446D7F858
:10F2000004800146137306469522404600F0B2FB87
:10F210000546207330B93146404600F036FC28B927
:10F2200008232373002002B0BDE8F081CDE900552A
:10F2300031463846A388A268FFF7E9FE002807DABE
:10F2400010F1FF0F32BF0E204042C0B22073E9E739
:10F250000120E8E700232DE9F34117681446D7F8A9
:10F2600004800146137306469522404600F082FB57
:10F270000546207330B93146404600F006FC28B9F7
:10F2800008232373002002B0BDE8F081A068798DC7
:10F290007A8B038A914294BFC3EB0103C3EB020351
:10F2A000012BEFDD02210C30FFF79CF8CDE9005572
:10F2B0008046A38831463846A268FFF7A8FE031EA1
:10F2C00006DA13F1FF0F2ABF5B420E23DBB2D8E749
:10F2D0000120A8F80030D6E707B5CA680C211388CA
:10F2E000528800920D22F6F719F803B05DF804FB7E
:10F2F00007B50022CB680A211B8800920B22F6F783
:10F300000DF803B05DF804FB2DE9F041CB6805462C
:10F310001F88BBB2162B1BD90321F5F71FFE06462B
:10F32000C0B102210C30FFF75DF800244FF0170840
:10F33000314680F8008044702846FFF77EFD28465D
:10F34000A5F81A806F85FFF7E2FD2046BDE8F08141
:10F350000420FBE70E20F9E7F8B5054650F8044C09
:10F36000071F00F15003D3E8EF1F21F00401C3E8A9
:10F37000E21F002AF7D1FCB16B6D83B9636873B1EA
:10F38000201DFFF7C3FC064601463846FFF7E2FCA6
:10F3900090B163683360A368666003B9A6603846BD
:10F3A00005F15801FFF7F6FD30B1384604F10C01C4
:10F3B000BDE8F840FFF7EEBDF8BD2DE9F041C46AA5
:10F3C000074634B354F8A86906B1A83E002307F1F4
:10F3D00004081D4601E034461646A26D92B905B9EF
:10F3E00083B94046FFF792FC054650B101462046DE
:10F3F000FFF7B0FC68B17B682B60BB687D6003B928
:10F40000BD6023462EB1D6F8A820002AE3D0A83A42
:10F41000E1E7BDE8F08138B50546D1E8AF3FDB074D
:10F4200016D550F8040C98B16B6D8BB90430FFF70A
:10F430006DFC044660B10146281FFFF78BFC38B114
:10F4400055F8043C5A6822609A685C6002B99C6076
:10F4500038BDF6F7DBBD0A8A0023C968F6F7E2BAC1
:10F4600070B50E46F6F7C2F9044628B93046F1F7F2
:10F4700029FD6FF07F0070BD00F10C052846314674
:10F4800001F0D3F9E06A38B150F8A84904B1A83CBA
:10F490002946FFF77FFD20B90020ECE71C466FF0FE
:10F4A0000100002CF8D0D4F8A83023B90230F5D0F0
:10F4B00020461C46ECE7A83BF8E738B505460C4665
:10F4C000FAF740FD2846F6F791F920B9FAF74EFD14
:10F4D0006FF07F0038BD0023236083683BB9C0E92B
:10F4E0000144FFF76AFFFAF741FD0020F2E71C60D4
:10F4F0008460F6E70120704708B5F6F777F978B130
:10F50000C36A6BB1A83B03F15402D2E8EF0F20F0BD
:10F510000800C2E8E10F0029F7D1D3F8A830F0E7DE
:10F5200008BD08B50421FFF7E7FB20B15030D0E853
:10F53000AF0FC0F3C00008BD10B5029CA36833B183
:10F54000B1F5807F28BF0E21CAB221469847A37D1E
:10F55000E268013BDBB2A37522B11BB92046BDE8CE
:10F560001040104710BD10609180002070470722A6
:10F5700008B502F025FCB0FA80F0400908BDD0E8DB
:10F58000AF0F7047012310B503FA01F1D0E8EF3F48
:10F5900043EA0102C0E8E42F002CF7D1194214BF5E
:10F5A0000120002010BD0B6803608B8883808B795D
:10F5B00083717047034610B5D3E8EF0F00EA0102EC
:10F5C000C3E8E42F002CF7D110BDF8B599420446EA
:10F5D000DDE906070D46089E01D90020F8BD9142DD
:10F5E00001D20120FAE760B98FB933882946013B7F
:10F5F00033802046099B0A9A98473388002BEDD127
:10F60000EBE72168FEF798FF0028EDD0E9E7E36813
:10F61000BB42E6D1E9E770B50D46064611F8010B8D
:10F62000F4F766FD044610B12C89F4F785F96B896F
:10F63000A34207D0EB686C8123B121463046BDE878
:10F640007040184770BD38B5BDF810401546A2424D
:10F650000CD84CB16BB1A21A8A42A8BF0A4694B228
:10F660002246591902F097FB204638BD6FF006007C
:10F67000FBE76FF00D00F8E730B585B0C9681446B8
:10F680001D46F6F703FB00B100890223ADF80E001A
:10F69000009329462046BDF820200DF10E03FFF708
:10F6A000D2FF05B030BD1FB50C461946E3681046C1
:10F6B0001C78BDF818203CB110240133069404B026
:10F6C000BDE81040FFF7BFBF5B88ADF80E300223E6
:10F6D00000930DF10E03FFF7B6FF04B010BD30B577
:10F6E0001D46002385B014468DF80C30F6F7A4FAB9
:10F6F00010B1037A8DF80C3001232946009320467F
:10F70000BDF8202003ABFFF79EFF05B030BD2DE90B
:10F71000F04114461D46BDF81870F2F78DFC064600
:10F72000EEF79FF880B2069033463A4629462046C7
:10F73000BDE8F041FFF787BF30B585B014461D46E0
:10F74000FFF738F80223ADF80E0000932946204653
:10F75000BDF820200DF10E03FFF775FF05B030BD99
:10F7600010600020704738B504461546FFF7C2FE0A
:10F7700050B12046F6F760FA30B1037ADB0703D5C3
:10F7800000210C30FFF7FEFE35B9207A04F170013C
:10F79000F6F76AFA00B1856038BDF0B5076806462D
:10F7A0003D78144689B0E5B97B88B3F5245F04D071
:10F7B00011D8A3F52053032B13D8ADF80A10022259
:10F7C00020460DF10A01F6F713FB70B16FF0150238
:10F7D000C4F8602106E003F55643FF339BB2042BC7
:10F7E0001DD90125284609B0F0BD7B88022220469C
:10F7F0000DF10A01ADF80A30F6F7FAFA0028E5D162
:10F80000009003AA132331467768B847021EDFDB56
:10F8100003A92046F6F7ECFA0028E2D0D6E7ADF8C7
:10F820000A10022220460DF10A01F6F7E1FA00283B
:10F83000CCD17B880222ADF80A300DF10A01E8E74D
:10F8400070B500F1700605463146007AFEF7B4FF48
:10F8500004463146287A3CB1F6F706FA18B100237F
:10F8600003604360836070BDF6F7FEF90028FAD0AC
:10F87000046044608460F6E7022A10B508D10023D2
:10F8800000F170011A46007AF6F714FA022010BD52
:10F89000FFF7D6FFFAE738B5BDF81010BDF81840ED
:10F8A0001046A1421A46059D0CD84CB16DB1631AA1
:10F8B0009A42A8BF1A4694B22246294402F06BFA33
:10F8C000204638BD6FF00600FBE76FF00D00F8E74B
:10F8D00013B5044610B9002002B010BD00238DF806
:10F8E000043042F60303006801A9ADF80630FEF7C4
:10F8F00023FE0028EFD1E36898880028ECD1204649
:10F90000F6F7A8FB013080B2E6E770B5CC681E467A
:10F91000A37988B008468DF80C301546FFF7D8FF5C
:10F92000ADF80D00246823786BB96388ADF80F300B
:10F930000523009331462846BDF8302003ABFFF77E
:10F9400082FE08B070BD631C0DF10F02113453F834
:10F95000041BA34242F8041BF9D11323E9E71FB5A6
:10F96000CDE9012300231A460093F6F7A3FB05B067
:10F970005DF804FB4B8A12F0010FC3F30E0304D0B1
:10F9800013F0950F10D0486870B112F0020F04D038
:10F9900013F4957F0AD0896841B1134013F4DE7FD8
:10F9A00014BF0520002070470220704703207047D5
:10F9B000F8B50F46516806464B8A144603F0940387
:10F9C00013BB0122F6F7BCFC08B3A2891B21304609
:10F9D0000232F5F7B7FF0546E0B1A1890C300231DC
:10F9E000FEF700FD20F8027BA289A16802F0D3F99E
:10F9F000D4E9041228460123F6F70CF929463046CB
:10FA0000BDE8F840FFF72CBD4FF0FF30F8BD6FF0B8
:10FA10001500FBE76FF00B00F8E7F8B506460F4658
:10FA2000F6F70AF9D0B1037ADB0717D500F10C0419
:10FA30002046FFF7A4FD10F001050FD17FB16FF054
:10FA400002012046FFF7B6FD10F00207304608D04D
:10FA5000FFF752FD29462046FFF794FD0125284671
:10FA6000F8BDFFF747FD0028F9D03046FFF759FDF4
:10FA70000028F4D06FF002012046FFF79BFD3046CE
:10FA8000FFF73AFD3946E6E770470120704701204D
:10FA900070470021F8B54FF0FF324FF0FF330546B5
:10FAA0000846F4F7A3FC00F10C0704460121384690
:10FAB000FEF798FC0526012106703846FEF792FCF9
:10FAC000002306701A4621462846F4F7A9FC10B117
:10FAD0002046F1F7F7F90020F8BD6FF08500704778
:10FAE000002070470C220369C9B201FB0233186C75
:10FAF00000F00700704770B5C9B20369EFF31185D4
:10FB0000402484F31288BFF36F8F0C2606FB013468
:10FB1000246C14F0C00408D0A24206D085F31188EA
:10FB2000BFF36F8F4FF0FF3070BD012271430B4464
:10FB30001A6485F31188BFF36F8F43680B445B68C9
:10FB400098470020F0E78022FFF7D5BFF8B5069F61
:10FB50000469C9B2EFF31186402585F31288BFF31B
:10FB60006F8F0C2569430C44256C05F0070CBCF124
:10FB7000010F0BD1276486F31188BFF36F8FC4E99F
:10FB80000E2343685B5898470020F8BD05F0C00578
:10FB9000AF4286F31188BFF36F8F0CBF6FF0770011
:10FBA0004FF0FF30F1E713B580240094FFF7CEFF4C
:10FBB00002B010BD10B41C240069CBB203FB0400DA
:10FBC000002110BC10471046F9F72EBD00F0FEB919
:10FBD000F8F74ABC022804D0042804D10020F6F724
:10FBE000F5BF0120FBE7704740F27260704708469E
:10FBF00008B51146FBF7FEFB002818BF6FF00400A4
:10FC000008BD08B5FBF750FC002818BF6FF00400D2
:10FC100008BD436800205B68DB680B607047436881
:10FC200002EA01005B6821EA020158600020996045
:10FC30007047436800205B68596070474368002044
:10FC40005B689960704743685A68136821EA03004B
:10FC50000B40506000209360704710B503695868EE
:10FC6000F8B1884219D19C680868A142586000D157
:10FC70009860002008602AB15A680A609A68596042
:10FC800002B99960002010E0814206D10868206026
:10FC900098688142EDD19C60EBE70446006800283B
:10FCA000F2D1002AE8D16FF0150010BDF8F704BEBC
:10FCB00030B543681360057A446804EBC504A34279
:10FCC00002D36FF0010030BD5C798C4201D0083363
:10FCD000F0E70020F7E743681B68D3F8303170473E
:10FCE00043681B68D3F88004C3F8800470474268F7
:10FCF0001368D3F84C0150B10020926A12780A7050
:10FD0000C3F84C01D3F84C2101229A6270474FF09E
:10FD1000FF30704713B501AA0446FFF7C9FF00285A
:10FD200005DB019B226819791868F7F7F7F902B02B
:10FD300010BD6FF08500704738B5054600220121DF
:10FD4000C620F0F703FDC620F0F7DEFC6C68012149
:10FD5000E068FFF7DFFF6B6819686369C1F8243555
:10FD6000E28BA38BA07E1343228C1343628C13433C
:10FD7000627E9BB20243207E02431343C1F86C357E
:10FD800069680B68D3F8002242F48022C3F800228D
:10FD90000822C3F800254A6A0121C3F83C27002243
:10FDA000C3F840271965D3F830110029FBD0C3F8F8
:10FDB00000256B680021D868FFF7ACFF6D68002153
:10FDC000E8682C68FFF7A6FF0823C4F800352A7AF4
:10FDD00052B9AB6AC4F804370123C4F80837C4F831
:10FDE0004C21D4F84C21A362002038BD08B5022074
:10FDF000F6F74EFF002008BD08B5F8F759FE08BD1C
:10FE0000F8F756BE034670B40C46DA8800681979D4
:10FE10002243012405698C402B6812F0010F86688B
:10FE200014BF2343A3432B60336870BC18470A46B2
:10FE30000121FEF755B910B54FF0FF304FF0FF31FB
:10FE4000F7F734FD044628B9E0F7A0FC044618B1E2
:10FE5000F7F734FD204610BDF7F730FD2046F1F7E7
:10FE6000DDFAF7E738B50B8A0D463BB101F10C001E
:10FE7000FEF7F0FA012818D0022803D06FF015041D
:10FE8000204638BD4FF0FF304FF0FF31F7F70EFD41
:10FE900004460028F4D1E868EAF7A2FD0446F7F723
:10FEA0000DFDACB1F7F710FDEAE74FF0FF304FF072
:10FEB000FF31F7F7FBFC04460028E1D1E868F7F7CB
:10FEC000F1FE0446F7F7FAFC002CD9D1F7F7FCFC59
:10FED0002846F0F7F7FF0024D2E7F7F745BE10B544
:10FEE00031220021044601F063FF20232370802388
:10FEF000A3706FF03F0363710423A3722823A373DD
:10FF00000223E3730423A3756FF0080363760323CE
:10FF1000A3766FF00F03E3767E232377302384F8F4
:10FF200020306FF00F0384F82330012384F824304D
:10FF3000802384F82630402384F82D3010BD08B586
:10FF4000F8F7FCF9002008BD08B5FBF7ADFA48B199
:10FF5000002383F31188BFF36F8F0423184602DF59
:10FF60006FF0040008BD08B54FF0FF314FF0FF30CF
:10FF7000F7F79CFCEDF7AEFBBDE80840F7F79EBC39
:10FF8000684620F007018D4601B5E8F7F7FEBDE8A9
:10FF9000014085467047684620F007018D4601B54F
:10FFA000E8F7E0F9BDE8014085467047684620F073
:10FFB00007018D4601B5E8F7C7F9BDE80140854660
:10FFC000704708B5EDF786FA002008BD7047012894
:10FFD00002D10020E9F7B0BB70477047E9F7A6B936
:10FFE00003460020184700F0CBBA024610B511684E
:10FFF00091B1B1FA81F3C3F11F000123834021EADB
:020000040002F8
:100000000303D2E8EF4F8C4204D1C2E8EC3FBCF1CD
:10001000000FF6D1EBD110BD6FF00B00FBE710B570
:100020000368CB40DB0710D401238B40026843EA0E
:100030000201D0E8EF4F944204D1C0E8EC1FBCF1BC
:10004000000FF6D1F2D1002010BD6FF01500FBE7D4
:10005000F7B51646DDE90847019001A81D46F8F7F7
:10006000DBFA019BB6F1000C18BF4FF0010C00EB5E
:1000700083000B1E18BF0123002D43EA4C0314BF5D
:100080004FF00C0C4FF0000C002C43EA0C0314BF93
:100090004FF4706C4FF0000C002F43EA0C0314BFB8
:1000A0004FF4403C4FF0000CD0F8802043EA0C03A2
:1000B00022EA030301B109780EB1367876001943BC
:1000C0000DB12D78AD0031430CB1247824022943C1
:1000D0000FB13F783F040C433C43C0F8804003B06D
:1000E000F0BD1FB50DF10F03019300238DF80F1024
:1000F0001A4619460093FFF7ABFF05B05DF804FB05
:1001000010B504460846F8F797FA04EB4004A08AB5
:10011000C0F3401010BD10B504460846F8F78CFA3D
:1001200004EB4004A08AC0F3400010BD10B50446A3
:100130000846F8F781FA04EB4004A08A400B10BD92
:1001400070B5044608461646F8F776FA083034F8D3
:1001500010300D46DA0509D5C3F3432304EBC3027F
:100160003146284654F8333052689847A3682BB17B
:1001700031462846E268BDE87040184770BD10B5AA
:1001800004460846F8F758FA00B204EB4000838AA8
:10019000DA051DD5C3F3432123F4F853838204F118
:1001A000120204F1580032F8023F13F4807F03D0AA
:1001B000C3F3432399420BD08242F4D1002204EBD3
:1001C000C1035A6004F16000BDE81040FFF727BF8B
:1001D00010BDF0B50446002001270546844695422F
:1001E0000AD1D4F8443133B10023C4F84431D4F8EF
:1001F000443140F40030F0BDEBB29B0003F5807653
:100200009B0807FA03F3194208D054F806E0BEF140
:10021000000F03D044F806C0A65918430135DEE7A5
:1002200038B504460D46FFF76BFFB0B12046FFF727
:1002300072FF90B92046FFF779FF012322688340BF
:10024000C2F81833236800B203EB8003D3F81025FB
:1002500022F00302C3F8102538BD2846BDE8384017
:100260000021FFF73EBF2DE9F0431746044685B055
:100270000846F8F7E1F9D7F800800E460546B8F1D0
:10028000000F1FD02046FFF746FF18B12046FFF7AA
:1002900037FF30BB00230DF10F02CDE900338DF89D
:1002A0000E308DF80F30304643460DF10E01FFF74A
:1002B000CFFE2AB204EB4202938A23F0020343F0FA
:1002C000010393827B68002B34D03146204693F89B
:1002D0000080D3F80490FFF71EFF28B1B9F1000F9A
:1002E0001FD06FF0150028E028B204EB4000838A8D
:1002F00023F4604323F020038382B9F1000F10D070
:10030000B8F1030FEDD87B6821685B6893F800C0F3
:1003100001EB8C01B8F1000F12D1C1F81085C1F8C2
:1003200010852AB204EB4202938A23F01C0343EAAD
:1003300088039382BB6853BB002005B0BDE8F083FF
:10034000D1F8102522F00302C1F81025226802EB33
:100350008C03D3F8102522F4473222F47C72C3F8C0
:10036000102541F6F072D3F8101502EA061242EA9F
:1003700008420A43C3F8102504EB4C03A3F8646059
:10038000838A43EA4C3343F020038382C9E7314632
:10039000D3E900782046FFF7F2FE002FCCD0636847
:1003A0009F4206D004F16000FFF71FFE002804DA28
:1003B000C3E7A3689845F5D1002004EBC003C3E967
:1003C00001782DB204EB4505AB8AC0B243EA402365
:1003D00043F48073AB82AFE7C0E90312704770B596
:1003E00004461546FFF78CFE48B10846F8F724F995
:1003F00004EB40040020A38A5B0B2B7070BD6FF0F0
:100400001500FBE790F87400003818BF0120704712
:10041000F8F748B92DE9F34104461746FFF770FE97
:100420000D46266800B32046FFF775FE8046D8B912
:100430002046FFF77BFE05B2AD0005F5807246F859
:1004400002802168B2582944D1F8102542F00102F7
:10045000C1F810252FB10122216802FA00F3C1F87A
:10046000143302B0BDE8F081D6F8143328469B035C
:100470005CBF4FF40033C6F81433F8F7DDF804EB33
:100480004004A38AC3F38203042B11D0052B11D09F
:1004900001A80195F8F7C0F8019BC168D94001F0A7
:1004A00001010231284602B0BDE8F041FFF719BE54
:1004B0000321F7E70221F5E7FFF7B2BEC9B2F8F76B
:1004C000B9BC0369C26893429CBF81685B18013B59
:1004D000981A70472DE9F0410546D0E9028440683A
:1004E000A8EB0406964220440F46144404D901F0B8
:1004F00052FCEC60BDE8F0813246A4EB080401F048
:100500004AFC22466868B919F1E72DE9F843064626
:10051000894617464FF00008C5683369B4689D42A4
:1005200028BF1B19641BBC4228BF3C46013B5B1B18
:100530009C4228BF1C46706849462844224601F068
:100540002AFCB3682544AB4208BF00253F1BA044EA
:10055000A144F560E1D14046BDE8F88308B5F8F75D
:1005600067FD002008BDEFF31180402383F312885C
:10057000BFF36F8F704780F31188BFF36F8F7047A1
:1005800008B1F0F70FBD704710B5436904463BB999
:100590000020E2684042537843F00103537010BDDD
:1005A00098470028F4D00028B8BF4042FF28A8BFD1
:1005B000FF20E3681870ECE740B1C368587810F08A
:1005C00001001EBF1878B0FA80F040097047EFF3C1
:1005D0001183402383F31288BFF36F8FFEE710B4BB
:1005E00000F10C04C0E9034410BCFDF7BAB838B5FB
:1005F0000446EFF31185402383F31288BFF36F8F16
:10060000FDF75FF804F10C0000F0F1FA30B1294673
:1006100004F11400BDE83840F9F76EBC85F3118889
:10062000BFF36F8F38BD4169826842EA010313F05E
:1006300003030FD1C3600369013B03FB0122002BBD
:1006400001DA00207047C168013B11604169C26056
:10065000521AF4E76FF0150070472DE9F041054696
:100660000F46EFF31188402383F31288BFF36F8F97
:10067000C668FEB90468A0421CD0DCB1D4E90032DF
:1006800013605A60637BC4E9006623F0020363735E
:10069000A66004F1180000F026FB2046C4F88C6028
:1006A000276100F03FFA414605F10800BDE8F0413E
:1006B000F9F722BC3E60AB69EF60013BAB6188F3A8
:1006C0001188BFF36F8FBDE8F081402408B5EFF3C8
:1006D000118384F31288BFF36F8FFDF7D4FDF6E723
:1006E00090F90E308B4201D0F9F794BB002070478F
:1006F00003460020C3E90033C3E902007047D0E994
:10070000003213605A600023427BC0E9003322F0BC
:1007100002024273836070472DE9F8439146044614
:100720000D469DF8202000F10807EFF311864021C7
:1007300081F31288BFF36F8F02B14568D4F8088047
:10074000474518D0B8F1000F15D04046FFF7D7FF46
:1007500008F1180000F0C7FA00234046C8F88C30B2
:10076000C8F8109000F0DEF938463146F9F7C4FBBE
:100770000020BDE8F883A3B10820FAF787F8002825
:1007800038D00122C0F804900260016801F0030132
:100790005DB922680A430260626820606AB96060DD
:1007A0000BE04846C9F80030EFE72A68032A16D85C
:1007B0000160616869B9C4E90000042104F1100016
:1007C00000F070FB0028CFD186F31188BFF36F8F44
:1007D000CFE70A6802F0030202430A60DFE722F073
:1007E00003020A4302602A6802F0030240EA02039D
:1007F0002B60E2E76FF00B00E6E710B5044630B17E
:100800000268930703D0446809B100F06AFB2046F0
:1008100010BD0023C0E9003300F10803C0E9023332
:1008200000F11003C0E904337047012307B50093BA
:1008300000230A461946FFF76FFF03B05DF804FB7B
:10084000002307B50A4600931946FFF765FF03B07A
:100850005DF804FB00210068FFF7CFBF5AB18A4260
:1008600009D300F11003C0E90212C0E90000C0E999
:100870000433002070476FF01500704701230268B1
:100880008B4022EA0303036022FA01F000F001002A
:100890007047704710B5032104460C30FFF7EEFF98
:1008A00030B104F1100000F01EFAB0FA80F04009F7
:1008B00010BD20B100229C30114600F0B8B970473D
:1008C00070B5C3680446C3F340069B0716D4856819
:1008D00002210C30FFF7D2FF80B1D5F894206AB125
:1008E00094421DD122689EB9D5F89830C5F894205D
:1008F0009C4201D1C5F8982000232360E36813F0DF
:100900001F001EBF43F00203E36040F0020070BD11
:100910003260D5F89820944208BFC5F89860EBE79C
:1009200016461268DBE773B50446EFF311854023E2
:1009300083F31288BFF36F8F0023A0F11006032109
:1009400004380193FFF79AFF28B1A369304601A943
:100950000193F8F7A3FF85F31188BFF36F8F02B0FF
:1009600070BD38B504460D461022002101F020FA72
:10097000656038BD13B501900846EFF3118440233C
:1009800083F31288BFF36F8F01A9F8F787FF84F311
:100990001188BFF36F8F02B010BD10B5FFF7EAFFEB
:1009A000041E08DDEFF31180402383F31288BFF3A8
:1009B0006F8FF9F7B3FA204610BD70B50D46EFF30F
:1009C0001186402383F31288BFF36F8FF8F7C2FFBD
:1009D000044686F31188BFF36F8F38B14FF0FF32B2
:1009E0004FF0FF3305F11000F8F758FE204670BDB8
:1009F00008B5B022002101F0DBF908BD38B530227E
:100A00000D460021044601F0D3F94FF48073656070
:100A1000E36038BD38B50446EFF31185402383F316
:100A20001288BFF36F8FFFF735FF2046FFF748FFAF
:100A300085F31188BFF36F8F38BDF8B504460D46B6
:100A4000EFF31186402383F31288BFF36F8FC368DF
:100A500003F01F03002B14BF0127002705D186F3E5
:100A60001188BFF36F8F3846F8BDFFF713FF20469C
:100A7000FFF726FF29462046F8F7F2FE86F3118895
:100A8000BFF36F8F0028EED04FF0FF324FF0FF33EF
:100A900005F10800F8F702FEE5E7EFF305800038FE
:100AA00018BF012070476FF0570070470020704753
:100AB000D0E9003213605A600023C0E90033704768
:100AC00008B5FFF7F5FF437B23F0020343730023D0
:100AD000836008BD38B504460D46F9F7F9F8637B25
:100AE00043F002036373E5B1A5602B689D4209D111
:100AF0006B68C4E900531C606C6012E06A689A423B
:100B0000F6D01B68002BF3D094F90E2093F90E1049
:100B10008A42F3D09142F1DD5A68C4E90032146090
:100B20005C6038BD10B5EFF31184402383F3128865
:100B3000BFF36F8FF9F78AF884F31188BFF36F8FD3
:100B400010BD08B5EFF31181402282F31288BFF384
:100B50006F8F83680BB1FFF7B3FF81F31188BFF389
:100B60006F8F08BD38B5EFF31184402383F31288EB
:100B7000BFF36F8F002390F87050427B80F8703085
:100B80002DB121B184F31188BFF36F8F38BD12F0FE
:100B9000280FF7D183680BB1FFF792FF437B23F057
:100BA00004034373F9F752F8ECE701211838FFF713
:100BB000D9BF08B50346EFF31181402282F31288B2
:100BC000BFF36F8F0068834207D008B1FFF778FF4B
:100BD00081F31188BFF36F8F08BD0020F8E710B5CF
:100BE000FFF7AFFFBDE81040183000F07CB838B513
:100BF000054604680020AC4200D138BD002CFCD072
:100C00002046FFF7ECFF2046FFF78CFF2C68012001
:100C1000A542F1E708B5C3171F3043F100034009AF
:100C200040EAC360C117F9F721FA400108BD38B5A1
:100C3000EFF31185402383F31288BFF36F8F0468AD
:100C4000A04213D0A4B1C4F88C1022612046FFF753
:100C500037FF04F1180000F046F82046F8F7F6FFD9
:100C6000012085F31188BFF36F8F38BD0020F8E7AE
:100C70002046F6E72DE9F04105460E461746EFF30C
:100C80001188402383F31288BFF36F8F0468A0425A
:100C90000FD1002088F31188BFF36F8FBDE8F0817A
:100CA00039462046B0470028F4D16B68A342F0D003
:100CB0002468002CF4D1ECE708B50246F9F7A2FB52
:100CC00070B1D0E904319B1A61EBE272B3F1004FCD
:100CD00072F1000104DA002AACBF1846002008BDFA
:100CE0006FF00040FBE7024638B5EFF31185402373
:100CF00083F31288BFF36F8F0368CBB1F9F782FBE0
:100D000004461046F9F790FB00224FF0004384425E
:100D1000C0E9042306D1F9F77DFBFFF7CDFF0021E1
:100D2000F6F790FB002085F31188BFF36F8F38BD75
:100D30006FF01500F7E708B5F9F780FC08BDF9F783
:100D40007DBCB3F1FF3F08BFB2F1FF3F70B506466F
:100D50001D46144614D01A4316D0002B08DBF9F7B1
:100D60006DFC041941EB0501C6E90041304670BD38
:100D70006FF001031C1B4FF0FF3363EB0501F3E73A
:100D80004FF0FF342146EFE70024FBE7B3F1FF3FCC
:100D900008BFB2F1FF3FF8B5074616461C4610D013
:100DA00054EA020311D0F9F749FCB0420A46A141C6
:100DB00003460AD2F31A64EB0204C7E9003438464A
:100DC000F8BD4FF0FF331C46F7E70023FBE7002395
:100DD000C0E9081200F11802C0E90622C0E9003398
:100DE00003634363704710B50446FFF77CFFA8B95F
:100DF000636A0BB12046984704F11800FFF7D9FE4B
:100E000060B1FFF78FFEEFF31180402383F3128868
:100E1000BFF36F8FBDE81040F9F780B810BD2DE922
:100E2000F041846805460E46D4B16378012B22D187
:100E300014F8533C9A0711D5A4F160073846FFF720
:100E4000CEFE082E0CBF6FF003030023E36214F8FC
:100E5000533CDB0602D13846FFF764FE00232370C3
:100E60000020EB68A860C3F38632164366F3943320
:100E7000EB60BDE8F081022BF0D12378002BEDD0A0
:100E800054F8048CB8F1000FE8D004F11400FFF717
:100E90002AFF0023A4F1140739464046E362FFF716
:100EA00069FDDBE738B5EFF31185402383F3128842
:100EB000BFF36F8F0468A04211D0D4E900321360F1
:100EC0005A6000232046C4E90033FFF7A8FF85F3EA
:100ED0001188BFF36F8F201E18BF012038BD00247A
:100EE000F5E720B1011F50F8040CFFF780BB7047F5
:100EF00000207047704710B5044608B1F9F786FE28
:100F00002046BDE81040F9F771BE0346C068E0B165
:100F10005888D0B11B8803F44F42B2F5824F09D1F3
:100F2000DBB2272B2AD008D8172B0FD0222B34D096
:100F3000122B16D06FF085007047302B2FD0413B1D
:100F4000012BF7D8FF2839D100207047C028FBD0EB
:100F5000E128F9D0B0F5807F0CBF00206FF086004B
:100F6000704720F02003C02BEED020F08003B3F5B3
:100F7000807FE9D040F209239842EDE7E928E3D0E9
:100F8000EF28E1D040F21B139842DDD040F29913D4
:100F90009842D9D040F23B23EEE7E928F1E720F070
:100FA0002003C02BD0D020F04003B3F5807FCBD0FE
:100FB000B0F5C07FC8D0B0F5007FCDE7B0F5E07FD9
:100FC000CAE73AB1002918BF00232121D21A1844D8
:100FD00000F0EEBE704741F2062398421AD8B0F5F1
:100FE000905F09D241F2010398420CD0B0F5885FBE
:100FF00009D06FF0850070476923A0F5905080B24A
:10100000C340DB07F5D511F0070F0CBF00206FF0D0
:1010100086007047B0F5105FEBD121F04003802BC4
:1010200006D0B1F5807F0CBF00206FF086007047BE
:101030000020704770B5446A05460E463CB9012051
:10104000F9F7CEFD686228B12046AE6270BD6FF040
:101050008A00FBE76FF08C00F8E7F8B51E460F46F4
:1010600015460388C2B103F4E043B3F5805F02D0B4
:10107000B3F5005F10D1089BE90019600088FFF705
:10108000AAFF044630B92A463946304600F083FEAE
:10109000079B1D602046F8BD6FF08504FAE710B588
:1010A0000446406A10B1A16AFFF725FF0020C4E999
:1010B000090010BD38B50546FFF7F1FF2B7F044648
:1010C000012B0ED0023B012B0ED82B6A012B18BF2F
:1010D0006FF096042C220021284600F069FE20467D
:1010E00038BD2B6A002BF2E76FF09604F2E710B5DB
:1010F0000368044653B100F0F6F800232360A38888
:1011000023F4FF7323F00103A38010BD1846FCE70E
:101110002DE9FF41984600230C4601680546174615
:101120000393A9BB4FF4AA72083000F041FEB8F156
:10113000000F20463B4614BF4FF480624FF400621C
:1011400003A9F9F7CBFE044620BB039E384631883D
:101150002A1DF9F75FFF0446E0B96B79314668F361
:1011600000036B7100972846D6E90923B8F1000FF8
:101170000BD0FAF72FFC044660B90398FAF78EFB00
:101180000446204604B0BDE8F081FAF747FCF2E7D8
:101190006FF088042846FFF7AAFF0398FAF77EFB52
:1011A000EFE70123FFF7B4BF38B50468054664B123
:1011B00012B90024204638BD00F080F8044600280B
:1011C000F7D02846FFF793FFF4E76FF08804F1E7C4
:1011D0002DE9F0411746026805460E46984682B151
:1011E0004279D2070DD502795AB1BA4216D800F029
:1011F0006EF8044638B9A6B92846BDE8F041FFF7B5
:1012000076BF6FF088040023C8F800702B7146B9D0
:101210002846FFF76CFF2046BDE8F0816FF0890497
:10122000F1E721463A463046D8F80030FFF7C9FECC
:101230002846FFF75CFF002C08BF0446EBE7037F5E
:10124000022B06D1036A5A1C03D00133036200202B
:1012500070476FF09600704703466FF040420846B3
:10126000591E914207D338B103F1404393428CBFDA
:1012700000200120704701207047034668B1017FBC
:101280008A1E012A0BD80329026A03D1012A01D13F
:10129000FFF710BF1AB1013A1A62002070476FF0D1
:1012A0009600704700207047C0B2FF280CBF6FF057
:1012B000860000207047FAF737BC70470368052B9B
:1012C00002D10830FAF7E8BE6FF08600704710B41C
:1012D0000468052C03D110BC0830FAF7F5BE6FF096
:1012E000860010BC70470368052B02D1083000F05F
:1012F000DEB8002070470020FAF72CBD0020FAF776
:1013000063BD002000F0C3B8ECF762BC0A2840DCE3
:10131000C31C22DA10F1400F47D010F13F0F2BDA37
:1013200010F1410F44D010F1550F44D010F1490F86
:1013300008BF6FF0840018BF6FF08600704709285F
:101340002AD8DFE800F00529290816293829292F8D
:101350006FF09800704700207047C31C0D2B1BD8FE
:10136000DFE803F0072F1A1C1A1A1A1A1A1A1D1A84
:101370001A1D6FF08500704710F1210F1ED00BDB96
:1013800010F1200F1DD010F1100F08BF6FF0940066
:10139000D1E764380928D2D96FF0860070476FF022
:1013A000940070476FF08C0070476FF084007047B6
:1013B0006FF0890070476FF0930070476FF08800FE
:1013C00070476FF09200704710B501380A4491429F
:1013D00000D110BD10F8013F11F8014B63400370BC
:1013E000F5E70144814200D1704711F8013D1A44EC
:1013F0000A70120AF6E710B58B4294BFC41844185D
:10140000A04200D110BD00F8012BF9E700231A46D5
:1014100082B001908B4201D102B070470198C25452
:101420000133F7E70368D90444BF43F480630360E2
:1014300003689A0444BF43F4006303607047F7B540
:1014400006460D46202D2F46A8BF202700216846BE
:10145000FBF7E2FA044670B93A4631466846FBF7B4
:101460002DFB10F1520F044608D0431CF4D06846FF
:1014700000F0C5FB34B1204603B0F0BD684600F073
:10148000BEFBE3E7EC1B3E44F5D02546DAE700203F
:10149000704707B501A9FAF7A1FD003818BF012070
:1014A00003B05DF804FBFAF7B1BDFAF7AFBD08B5BC
:1014B0004FF4AA71FFF7AAFF002008BD2DE9F04103
:1014C000044680680F469042154609D3201A1C3006
:1014D00000F061FCA3685B1BA3600020BDE8F08105
:1014E000237F43B904F1200000F0C8FA18B1BDE829
:1014F000F041FFF70BBFA26832F0100309D0A01A29
:1015000039461C3000F047FCA3681F44ED1A002345
:10151000A360A3686E1E26F00F068BBB102204F199
:101520000C0104F1200000F018FA0028DFD110228D
:101530002077A26046B13246394604F1200000F01F
:101540000CFA0028D3D1207704F12008404600F09F
:10155000EAFA0028CBD1404600F044FB0028C6D16F
:10156000102104F10C00FFF751FFAA1BB5D0B919E7
:1015700004F10C0000F00FFCA3685B1B3344ABE7E5
:10158000002ED8D1237F002BDED02A46EFE738B5D6
:1015900043680446102B21D8037F00F120053BB996
:1015A000284600F06BFA18B1BDE83840FFF7AEBE30
:1015B000A2680C34102A07D021462846C2F1100236
:1015C00000F0CBF90028EFD12146284600F0F7F9CA
:1015D0000028E9D1284600F005FBE5E76FF086001A
:1015E00038BDFAF771BECA0448BF41F480618B046C
:1015F00048BF41F4006181607047C0F30253042B7F
:1016000005D8012B07D80DD06FF098007047052B37
:10161000FAD1032306E00B8844F212118B420CBF6F
:101620000423022300F030002028136001D00020A2
:10163000704702331360FAE713B50C46FAF7CEFC95
:10164000C31C0FD0013009D004224FF0FF332146D4
:101650000DEB0200019300F0B3FB30B96FF08B008B
:1016600002B010BD6FF08400FAE70020F8E730B553
:1016700089B0054618220C4601A8002100F098FB0D
:10168000012344EA052401A9BA2007940593FAF737
:101690005FFC002818BF6FF0920009B030BDF7B5AD
:1016A000BA2001A9FAF79AFC044610B1002003B051
:1016B000F0BD019D2F0AEDB2AC4205D1BA20FAF778
:1016C00073FC0028F2D008E0E6193046FAF76CFC0B
:1016D00030B13046FFF7DDFE10B96FF09200E6E75B
:1016E0000134E9E738B503780446033303F0030314
:1016F000012B0FD86FF0210038BD60782844FAF72D
:1017000045FC48B901352378C3F382039D42F4D3E5
:101710000020F1E70025F6E70220EDE708B5F82004
:10172000FFF7B7FE18B9F920FFF7B3FE10B16FF05D
:10173000920008BDF820FAF729FC0028F7D1F9201B
:10174000FAF724FC0028F4D0F1E74368A3F1100174
:10175000914241D8012243F80C2C53F8042C42F05A
:10176000200243F8042C53F8082C42F0005243F8AE
:10177000082C836800F11402A3F1100191422FD8C4
:10178000012243F80C2C53F8042C42F0200243F8B9
:10179000042C53F8082C42F0005243F8082CC3687C
:1017A00003F15402BFF35F8F4FF0A3431A60BFF3FE
:1017B0005F8FC2680432BFF35F8F1A61BFF35F8F20
:1017C000BFF35F8F03225A63BFF35F8FBFF35F8F57
:1017D0009A63BFF35F8F7047103242F80C2CB7E763
:1017E000103242F80C2CC9E738B5BFF35F8F4FF0C9
:1017F000A344E569BFF35F8FBFF35F8F102363637B
:10180000BFF35F8F012000F053FABFF35F8F002317
:101810006363BFF35F8FBFF35F8FE36BBFF35F8FD4
:101820005B06F8D425B1BFF35F8FE561BFF35F8F2F
:1018300038BD08B5FBF736FA30B9BFF35F8F4FF00C
:10184000A343986ABFF35F8FBFF35F8F4FF0A3424C
:10185000D36BBFF35F8F10F0240F03F0230304D08A
:10186000FFF7C2FF6FF01F0008BD4FF0FF30002BE5
:10187000FAD1BFF35F8F1063BFF35F8F1846F3E7B2
:1018800010B59EB0024646F611031AA901A8FBF74F
:1018900083F80023039A10211360039A01A8936030
:1018A000039B1AAA10330393FFF74FFFFFF7C1FF03
:1018B000431C0446FAD001A87421FFF7A7FD204677
:1018C0001EB010BD38B502690546146914B15069DF
:1018D000A047044605F11400FBF784F9204638BD03
:1018E00008B58268034662B902681169426A11420A
:1018F00007D0FFF7E7FF002814BF01206FF0530067
:1019000008BD03F11400702103F17802FFF71DFFF9
:101910000020F5E773B5064601A8FBF70FFA044669
:1019200078B906F11400FBF733F90198FFF7A8FF27
:10193000044648B93269D3681BB1506998470546D7
:1019400018B9204602B070BD05463046FFF7BAFF11
:1019500000280CBF2C460124F3E710B5047D034694
:101960003CB3B2F1807F04D3FFF7ACFF20B301207A
:1019700010BD4468062C06D9FFF7A4FF0028F6D155
:101980006FF04400F4E70AB90020F1E780690160D4
:1019900099698A60186899698069C068C86099699E
:1019A0001031996159680131596099681144996001
:1019B000EAE76FF02000DBE76FF03F00D8E710B4F4
:1019C000037D002B56D08368C3B9836900F12402DC
:1019D0001A60036882691B68013343F00053936007
:1019E000046882692368A4690133E4681B0203F474
:1019F000F8532343D360836910338361036882689B
:101A00001C68131923EA040384699B1A54F8042CF4
:101A100042EA032244F8042C826952F8084C234419
:101A200043F0005342F8083C03681A68C368134443
:101A300023EA0203C2691160C269C1689160C26988
:101A400002F11001C161C1688B420AD0002111610D
:101A5000C168C2695B1A43F080439360C369103365
:101A6000C3610368DA68436A23EA0203436210BC75
:101A7000FFF736BF6FF0200010BC704738B5037D0C
:101A80000446002B49D103685B69002B48D0FFF75F
:101A900041FF054600283ED1214651F8783B626A55
:101AA0009B6904F114001B68FAF776FF0123636059
:101AB00023699A689AB9A2691B6813602369A269AD
:101AC0005B6843F0005393602268A369926992684F
:101AD000DA60A3691033A361636801336360236A2A
:101AE000A269C43313602368A2695B6943F00053A1
:101AF00093602268A36992695268DA60A3692268D8
:101B00001033A3616368013363601269636A13432E
:101B100063620023A360284638BD6FF02005FAE712
:101B20006FF04705F7E738B5027D0346002A3FD03E
:101B30000268816894688C4205D9FFF7C3FE0028CB
:101B400039D0012038BD5468B1FBF4F504FB1514FD
:101B500034B1FFF7B7FE0028F3D16FF04500F1E78D
:101B6000416AD06801435962D3E90701C43152691F
:101B700001601868D96940690F328860D96922F01C
:101B80000F0201F11000D8611868406990420AD034
:101B90000C611868D9694069121A42F080428A6063
:101BA000DA691032DA611846BDE83840FFF798BEAE
:101BB0006FF02000C6E76FF05300C3E738B5037D30
:101BC000054663B1FFF735FE431C044605D02846A1
:101BD000FFF778FE002818BF0124204638BD6FF0BB
:101BE0002004FAE710B5037D04462BB12046FFF729
:101BF000E5FF431CFAD010BD6FF02000FBE710B5E5
:101C0000037804461BB1F9F759FF00232370002025
:101C100010BD022203689A607047C0F30B03482B83
:101C20004B6028BF482310F4003F8B6008BF00239F
:101C3000CB6010F4803308BFC1E9013300F47003B6
:101C4000B3F5700F14BF00238B6800284FF0010C10
:101C50004FF008028B60B8BF0023C1E905C2B8BFCE
:101C6000C1E905337047F7F75DBC4FF0FF324FF025
:101C7000FF33F7F7DFBBFEF73BBD4FF0FF324FF00E
:101C8000FF33F7F7D7BBF7F74DBC00F074B807B5D3
:101C90004FF0FF334FF0FF32CDE90023002200F078
:101CA00077F803B05DF804FB00F06EB800F068B898
:101CB000FEF7B0BF2DE9F3470446DDE90A98154663
:101CC0000E4659B302F0010AF8F75EFA0746EFF341
:101CD0001181402383F31288BFF36F8FA80744BF9D
:101CE0000023A360A36803EA0600BAF1000F0CD03A
:101CF00086420CD16A0744BF8343A36081F31188F5
:101D0000BFF36F8F02B0BDE8F0870028F2D159EA27
:101D1000080305D181F31188BFF36F8F0020F1E72D
:101D2000C7E91A652246CDE9009804F10C00F8F7DE
:101D30004FF80028F2D1B86EE4E710B54B68D0E94F
:101D40001A4212F0010F03EA040301D09C4210D1A1
:101D50007BB18366520744BF8A681A430B6848BF49
:101D60008A6043660123086080F870301830FEF7FF
:101D7000BAFF002010BD0023C0E900008360704757
:101D80004FF0FF32FBF700B80A460021FAF7FCBF1C
:101D90005200FFF78FBF0A44431E914200D17047A3
:101DA00010B511F8014B914203F8014FF9D110BD64
:101DB00002440346934200D1704703F8011BF9E740
:101DC0000139024410B5904201D1002005E00378AA
:101DD00011F8014FA34201D0181B10BD0130F2E7EA
:101DE00010B50139044632B111F8013F013A00F84B
:101DF000013B002BF7D10021FFF7DAFF204610BD91
:101E00000246014410B58A42134603D01C780132C1
:101E1000002CF8D1181A10BDF0B5C3F137070446ED
:101E200003F01F031046FFB2082BE6B232D0102B8E
:101E30003DD06508A40845EAC17544EA81748A0862
:101E40002D1942EB5102290941EA02716D1842EB4A
:101E50001212290A41EA02616D1842EB1222290C82
:101E600041EA02416D1842EB1242AD1842F1000204
:101E7000EC0844EA4274D10804EB8402A6EB420564
:101E8000EDB2092D0CD90134A5F10A0541F100018B
:101E9000EDB212E0E40806F0070544EA4174C9080F
:101EA000303554EA010200F8015BBDD1F0BD2409D0
:101EB00006F00F0544EA01740909092D84BFED19E4
:101EC000EDB2EDE7D1E9043293421EBF5A1C0A611C
:101ED0001870704701480068704700002C690020A6
:101EE00072B9FE7F01000000957301000000000040
:101EF000010F01000000000000000000A81F020008
:101F00005D05020000000000919301000000000048
:101F1000B59301000000000000000000E81F02006F
:101F200000000000C81F020000000000082002009E
:101F3000856D0100000000004D83010000000000DD
:101F4000C3FF010000000000000000002820020084
:101F50000000000048200200A51001000000000061
:101F6000EDFD01000000000019F400000000000079
:101F7000190D0100000000000000000068200200B0
:101F800011DB000000000000E996010000000000E5
:101F9000F1120100000000003FFF010000000000FE
:101FA00049FF010000000000585E020020340200DA
:101FB0002C2902002C2900202C6B0020056B01002D
:101FC0000000000000000000875E020044340200B0
:101FD0000829020030290020806B0020B96F010021
:101FE0000000000000000000935E02005834020070
:101FF00008290200322900208C6B0020B96F0100F3
:1020000000000000000000009E5E02006C34020030
:102010000829020034290020986B0020B96F0100C4
:1020200000000000000000007F5E020000000000D1
:10203000002902002E2900200000000003FC0100FE
:102040000000000000000000B25E02008C340200BC
:102050004829020036290020A46B002039FD010028
:1020600033FD010000000000E960020000000000F4
:102070001435020038290020E86B00209D7A010009
:1020800000000000000000000000000063E201000A
:102090000000000063E201000000000063E20100B4
:1020A0000000000063E201000000000063E20100A4
:1020B0000000000063E201000000000063E2010094
:1020C0000000000063E201000000000063E2010084
:1020D0000000000063E201000000000063E2010074
:1020E0000000000063E201000000000063E2010064
:1020F0000000000063E201000000000063E2010054
:102100000000000063E201000000000063E2010043
:102110000000000063E201000000000063E2010033
:102120000000000063E201000000000063E2010023
:102130000000000063E201000000000063E2010013
:102140000000000063E201000000000063E2010003
:102150000000000063E201000000000063E20100F3
:102160000000000063E2010000000000A583010000
:102170000000000063E201000000000063E20100D3
:102180000000000063E201000000000063E20100C3
:102190000000000063E201000000000063E20100B3
:1021A0000000000063E201000000000063E20100A3
:1021B0000000000063E201000000000063E2010093
:1021C0000000000063E201000000000063E2010083
:1021D0000000000063E201000000000063E2010073
:1021E0000000000063E201000000000063E2010063
:1021F0000000000063E201000000000063E2010053
:102200000000000063E201000000000063E2010042
:102210000000000063E201000000000063E2010032
:102220000000000063E201000000000063E2010022
:102230000000000063E201000000000063E2010012
:102240000000000063E201000000000063E2010002
:102250000000000063E201000000000063E20100F2
:102260000000000063E201000000000063E20100E2
:102270000000000063E201000000000063E20100D2
:102280000000000063E201000000000063E20100C2
:102290000000000063E201000000000063E20100B2
:1022A0000000000063E201000000000063E20100A2
:1022B0000000000063E201000000000063E2010092
:1022C0000000000063E201000000000015CC0100E6
:1022D0000000000063E201000000000063E2010072
:1022E0000000000063E201000000000063E2010062
:1022F0000000000063E201000000000063E2010052
:102300000000000063E201000000000063E2010041
:102310000000000063E201000000000063E2010031
:102320000000000063E201000000000063E2010021
:102330000000000063E201000000000063E2010011
:102340000000000063E201000000000063E2010001
:102350000000000063E201000000000063E20100F1
:102360000000000063E201000000000063E20100E1
:102370000000000063E201000000000063E20100D1
:102380000000000063E201000000000063E20100C1
:102390000000000063E201000000000063E20100B1
:1023A0000000000063E201000000000063E20100A1
:1023B0000000000063E201000000000063E2010091
:1023C0000000000063E201000000000063E2010081
:1023D0000000000063E201000000000063E2010071
:1023E0000000000063E201000000000063E2010061
:1023F0000000000063E201000000000063E2010051
:102400000000000063E201000000000063E2010040
:102410000000000063E201000000000063E2010030
:102420000000000063E201000000000063E2010020
:102430000000000063E201000000000063E2010010
:102440000000000063E201000000000063E2010000
:102450000000000063E201000000000063E20100F0
:102460000000000063E201000000000063E20100E0
:102470000000000063E201000000000063E20100D0
:102480000000000063E201000000000063E20100C0
:102490000000000063E201000000000063E20100B0
:1024A0000000000063E201000000000063E20100A0
:1024B0000000000063E201000000000063E2010090
:1024C0000000000063E201000000000063E2010080
:1024D0000000000063E201000000000063E2010070
:1024E0000000000063E201000000000063E2010060
:1024F0000000000063E201000000000063E2010050
:102500000000000063E201000000000063E201003F
:102510000000000063E201000000000063E201002F
:102520000000000063E201000000000063E201001F
:102530000000000063E201000000000063E201000F
:102540000000000063E201000000000063E20100FF
:102550000000000063E201000000000063E20100EF
:102560000000000063E201000000000063E20100DF
:102570000000000063E201000000000063E20100CF
:102580000000000063E201000000000063E20100BF
:102590000000000063E201000000000063E20100AF
:1025A0000000000063E201000000000063E201009F
:1025B0000000000063E201000000000063E201008F
:1025C0000000000063E201000000000063E201007F
:1025D0000000000063E201000000000063E201006F
:1025E0000000000063E201000000000063E201005F
:1025F0000000000063E201000000000063E201004F
:102600000000000063E201000000000063E201003E
:102610000000000063E201000000000063E201002E
:102620000000000063E201000000000063E201001E
:102630000000000063E201000000000063E201000E
:102640000000000063E201000000000063E20100FE
:102650000000000063E201000000000063E20100EE
:102660000000000063E201000000000063E20100DE
:102670000000000063E201000000000063E20100CE
:102680000000000063E201000000000063E20100BE
:102690000000000063E201000000000063E20100AE
:1026A0000000000063E201000000000063E201009E
:1026B0000000000063E2010048200200D7FC010096
:1026C0000000000063E201000000000063E201007E
:1026D0000000000063E201000000000063E201006E
:1026E0000000000063E201000000000063E201005E
:1026F0000000000063E201000000000063E201004E
:102700000000000063E201000000000063E201003D
:102710000000000063E201000000000063E201002D
:102720000000000063E201000000000063E201001D
:102730000000000063E201000000000063E201000D
:102740000000000063E201000000000063E20100FD
:102750000000000063E201000000000063E20100ED
:1027600040270020ADFC01000000000063E20100F2
:102770000000000063E201000000000063E20100CD
:102780000000000063E201000000000063E20100BD
:102790000000000063E201000000000063E20100AD
:1027A0000000000063E20100858D0100E1FF0100EF
:1027B0000000000063E201000000000063E201008D
:1027C0000000000063E201000000000063E201007D
:1027D0000000000063E201000000000063E201006D
:1027E0000000000063E201000000000063E201005D
:1027F0000000000063E201000000000063E201004D
:102800000000000063E201000000000063E201003C
:102810000000000063E201000000000063E201002C
:102820000000000063E201000000000063E201001C
:102830000000000063E201000000000063E201000C
:102840000000000063E201000000000063E20100FC
:102850000000000063E201000000000063E20100EC
:102860000000000063E201000000000063E20100DC
:102870000000000063E201000000000063E20100CC
:102880000000000063E201000000000063E20100BC
:102890000000000063E201000000000063E20100AC
:1028A0000000000063E201000000000063E201009C
:1028B000DDFF0100E1FF01000000000063E2010014
:1028C0000000000063E201000000000063E201007C
:1028D0000000000063E201000000000063E201006C
:1028E0000000000063E201000000000063E201005C
:1028F000C8260020ADFC01000000000063E20100DA
:10290000EFFB010000000000E56D010013FC010079
:102910001FFC010033FC01003DFC010047FC0100ED
:10292000017001005BFC0100000000005D6B010014
:1029300047FB0100A7FB010000000000E5FA0100D1
:102940000000000000000000EFFC01009D7201008B
:10295000E1FC010005000000D14301000600000079
:10296000656A010004000000C9560100F9DD00009D
:1029700049DD00000000000000000000FDDC000058
:1029800000000000C03202000800000060330200B6
:1029900007000000A02F020007000000882E0200A0
:1029A00008000000BF3B0200040000006544020074
:1029B000040000001556020003000000B65C02008F
:1029C00003000000DB4B020003000000D0580200AF
:1029D00003000000E24B020003000000704602000A
:1029E00003000000195E0200030000006C540200A6
:1029F00003000000BC55020003000000625A020000
:102A0000030000000661020003000000F460020001
:102A100003000000465E0200030000004D5E02005D
:102A2000030000002045020003000000715E020068
:102A3000030000005D62020003000000724002001B
:102A4000040000009B5F020003000000FC3F020046
:102A50000400000039450200030000003D4502006B
:102A6000030000003261020003000000BA4A0200C5
:102A7000030000003E4B020003000000464B020032
:102A80000300000058610200030000003F620200E2
:102A900003000000053E020004000000554B020048
:102AA00003000000BD5E0200030000007030020061
:102AB00058690020964B020001000000742F0200AC
:0C2AC000146900205446020001000000D0
:102AD0000000000003000000300000006000000063
:102AE00000000000000000000300000030000000B3
:102AF0006000000000000000695302006E530200F5
:102B000072530200765302007A5302007E53020091
:102B100082530200865302008A5302008E53020041
:102B200092530200965302009A5302009E530200F1
:102B3000A2530200A6530200AA53020000A01050A4
:102B400000820D5000040550050000000400000044
:102B5000010000000100010000010100000100016E
:102B6000000001000100000001000B0002000A004B
:102B7000050009000A000800140007001E000600F6
:102B8000320005004B0004006400030096000200C0
:102B9000FA000100F401000002030100F401FA0050
:102BA000960064004B0032001E0014000A0005006D
:102BB000020001000C0802170D01010209090101C0
:102BC000060209181803010109090303050302019C
:102BD000230202240910040405050B0B040B2B1B14
:102BE0001B151A1A1C021D16130501490D1505089F
:102BF000061B1B0F1D1D0A060601010000FEFEFE3E
:102C0000FEFEFEFEFEFEFEFEFEFEFEFEFEFE16FECC
:102C1000FEFEFEFEFEFEFEFEFEFE1F1FFEFE26FE6A
:102C2000FEFEFEFEFEFEFEFEFEFEFEFEFEFEFEFEC4
:102C3000FE3E3EFEFEFEFE3B3B00A201B003BE0593
:102C4000EE024806A209C405F40B24120E021C046D
:102C50005A03B4063006600CC43200200200000B98
:102C6000282100200200000BD03200200200000CBE
:102C7000363300200200000B363300200100000C28
:102C8000343300200100000C0100000007000000A8
:102C90000000000000000000000000000406080A18
:102CA0000C0E10121416181C1E20222426282A2C62
:102CB0002E30323436383A3C3E40424446484A4C44
:102CC0004E021A500000000028000000180000000A
:102CD00000000000F02300002413000000000000AA
:102CE0004006000040060000000098086B0300004A
:102CF00000000000F023000024130000000000008A
:102D000048A3000014A00000000040060C030001CE
:102D100003020000000000000000010101010101A8
:102D20000101010101010202020202020303040483
:102D30000505060607070808090A0B0C0D0E0F10FB
:102D40001112131415161718191A1B001001000080
:102D5000D200000030010000D80000000100000097
:102D6000E400000002000000EA0000000200000091
:102D7000EC00000003000000EE0000000400000072
:102D8000F000000005000000F20000000600000056
:102D9000F400000007000000F6000000080000003A
:102DA000F700000009000000F80000000A00000021
:102DB000F90000000B000000FA0000000D00000008
:102DC000FB0000000F000000FC00000011000000EC
:102DD000FD00000013000000FE00000015000000D0
:102DE000FF00000018000000000000001B000000B1
:102DF000010000001F00000002000000230000008E
:102E00000300000028000000040000002D00000066
:102E1000050000003300000006000000390000003B
:102E2000070000003F000000080000000010020042
:102E3000FA00000000000000000000000000000098
:102E40000338FDD8704700000000000000000000BB
:102E50000338FDD870470000090D0000BC3A02009D
:102E600001010000DC28002007100000AF3B020039
:102E7000090D0000BC3A020001010000DD2800201D
:102E8000071000006D440200CC350200A7F60100D7
:102E9000000000001229002000000100C8350200D7
:102EA0000BF9010000000000902600200000010046
:102EB0000129002071E70000000000000000000070
:102EC00000000100C43502000BF901000000000001
:102ED0008826002000000100F028002000000000EB
:102EE00035E600000000000000000200C0350200CE
:102EF0000BF9010000000000802600200000010006
:102F0000DF2800200000000000000000000000009A
:102F100000000000BC35020079F60100B55E01003A
:102F20006826002000000300983B002000080000F5
:102F3000F7DF0100A1DF0100020000009FE10100B6
:102F40000000000000000000000000000000000081
:102F5000344602003C460200000000000000000071
:102F60000000000044460200484602004C460200B1
:102F70005046020065FE000059FE000089FE000078
:102F800041FE0000000000004DFE000000000000B7
:102F9000E5FE00001C6900205573002010000000B1
:102FA000F8350200A7F6010000000000F435020029
:102FB00000000100F03502000BF9010000000000E4
:102FC000B026002000000100E835020009E20100FF
:102FD000000000006446020000000100E435020029
:102FE0000BF9010000000000A826002000000100ED
:102FF000DC35020009E2010000000000A9420200E5
:1030000000000100D83502000BF9010000000000AB
:10301000A026002000000100D035020079FF00004A
:1030200000000000232900200000010000210020F2
:103030000000000006000100020000004030020015
:10304000000000002A4B020006000000E04F1600BE
:1030500000000020324B020021000000E0EF0220BF
:10306000B8260020A50D01000000000019E30100B2
:10307000C511010000000000891001009510010039
:103080000000000000000000000000008DE40100CE
:1030900060690020057C002001000000643002000F
:1030A000AC3002004700000000000000C8B700205C
:1030B00064300200C03002002E000000000000005A
:1030C0006CBC002064300200D43002000201000019
:1030D0000000000040BD0020AE530200CC530200AF
:1030E000E7530200F7530200045402000D5402009B
:1030F000145402001B540200225402002A540200FD
:103100000454020032540200445402005954020094
:103110000E030000DD2B01000F040000A92B0100AD
:103120001A0100006D14010005040000851401005F
:1031300013010000B51B01003E010000D919010078
:103140000112000065E701000A1E000057E70100B8
:10315000FF0100004D1B01003E0100002D1B01007E
:1031600005040000D1140100100100004915010000
:10317000011200002D2B01000A1E00002DE80100A5
:1031800003090000A91C0100040B00003116010016
:10319000060A0000E92001000C05000015150100D9
:1031A00064300200B031020047000000000000005F
:1031B0005CBE00204F5802005C5802007C580200A0
:1031C00070580200875802009E580200AE58020054
:1031D000F65B0200C258020064300200E8310200CF
:1031E00000000000000000001CBF0020643002004E
:1031F000FC310200200000000000000044BF00205D
:1032000067EB0100B9EB01000000000000000000C6
:1032100000000000C946010000000000000000009E
:1032200000000000000000000202010009F301009C
:10323000040401008155010006060100C15401008B
:1032400008040100AD5301000A020100F1F201007F
:103250000C040100D9F201000E04010081520100AA
:1032600020040100E551010010040100F5500100A7
:1032700012020100C9F1010016040100ED55010020
:1032800018010100BD4F01001E00040057F40100A9
:10329000520200009FF1010064300200A8320200D7
:1032A00022000000000000001CC00020643002006A
:1032B000BC320200170000000000000060C10020C6
:1032C00028360200A7F601000000000024360200A4
:1032D00000000100203602000BF901000000000090
:1032E0004C280020000001001836020000000000F9
:1032F0000000000000000000000000001436020082
:1033000079F60100B55E010054280020000003009A
:10331000103602000BF901000000000044280020D4
:103320000000010008360200DFF60100715F0100B5
:103330000000000000000300043602000BF9010049
:10334000000000003C28002000000100FC350200C5
:103350008D6201000000000000000000000001007C
:1033600054360200A7F601000000000050360200AB
:10337000000001004C3602000BF9010000000000C3
:103380007C28002000000100443602000FF70100F5
:1033900000000000000000000000010040360200B4
:1033A0000BF901000000000074280020000001005B
:1033B0003836020039F7010000000000000000006C
:1033C00000000100343602000BF90100000000008B
:1033D0006C280020000001002C360200515D010025
:1033E00000000000000000000000010000000000DC
:1033F00000000000000000000000000000000000CD
:1034000093FA01000000000000000000000000002E
:1034100000000000C16A0100916A01000000000084
:10342000196C0100996B0100655E0200D1FB01007F
:10343000CDFB01006B5E020000A0105000820D5019
:10344000000405501F00000000A01050C8260020F6
:103450000000000000000000FFFF000000820D508F
:10346000402700200000000001000000FF070000CE
:1034700000040550000000000000000002000000F1
:1034800000A0105000820D500004055000600C5048
:103490000000000000000000B834020000C201007B
:1034A0000000D60100000000000000400000000005
:1034B0000B7C00200A7C002000600C50C434020009
:1034C00002000000E434020004000000D4340200D2
:1034D00004010000248000002580000126800002F5
:1034E00027800003240000002600000225060001BA
:1034F00027060003E81F02000D001100E81F02006C
:1035000009001100E81F020008001100C81F020096
:10351000040011008979010037FE010065FE0100F9
:1035200000A0105000820D5000040550080000005B
:10353000020000000400000001000000046202001C
:10354000C641020012620200216202002D620200E6
:10355000E81E0200F01E0200601F0200681F020049
:10356000A81F0200A81F0200426202000001000022
:103570000000000000010000000200000014000034
:1035800000280000004000000100000002000000D0
:103590000F000000100000001000000020000000DC
:1035A0001000000010000000AC3502001100000007
:1035B000112800001108000001000000000002298D
:1035C0000000032800000328000003280000002852
:1035D0000000502A0000502A000003280000292A79
:1035E0000000292A000003280000242A0000242AC1
:1035F0000000032800000A180000002800002A2B01
:1036000000002A2B000003280000292B0000292B92
:1036100000000328000002290000052A0000052AF6
:103620000000032800000118000000280000042A00
:103630000000042A000003280000012A0000012ADB
:10364000000003280000002A0000002A00000328D0
:1036500000000018000000287075626C6963007239
:10366000616E646F6D007075626C69632D696400D2
:1036700072616E646F6D2D696400253032583A2591
:103680003032583A253032583A253032583A2530BF
:1036900032583A25303258202825732900436F6E5E
:1036A0006E656374696F6E20706172616D732075F1
:1036B0007064617465643A20696E74657276616CD9
:1036C0002025642028252E3266206D73292C206C3D
:1036D0006174656E63792025642C2074696D656F53
:1036E000757420256400446973636F6E6E6563743E
:1036F00065643A2025732028726561736F6E2030EF
:103700007825303278202573290052652D61647642
:103710006572746973696E67206661696C6564209F
:1037200028657272202564290052652D61647665D2
:1037300072746973696E6720737461727465640072
:10374000436F6E6E656374696F6E206661696C6548
:10375000642028616464722025732C2065727220B5
:103760003078253032782025732900436F6E6E65DE
:10377000637465643A2025730052657472616E73D8
:103780006D697373696F6E2074696D656F757420F0
:103790006F6E206368616E6E656C203320286174E3
:1037A00074656D707420322F33290053656E736F0A
:1037B000722063616C6962726174696F6E206472F9
:1037C0006966742064657465637465643A20302E9C
:1037D000334300435243206D69736D617463682005
:1037E000647572696E67206275727374207772698E
:1037F000746520617420307825303878004B657905
:103800002064657269766174696F6E20746F6F6B86
:103810002034356D7320287468726573686F6C642A
:103820003A2032306D732900436F6E6E65637469A0
:103830006F6E206576656E74206D69737365642C98
:10384000207363686564756C696E67207265636F69
:103850007665727900466C61736820777269746569
:10386000206661696C656420617420307825303889
:1038700078202874696D656F75742061667465724F
:103880002035306D732900525353492064726F7094
:1038900070656420746F202D38392064426D2028B3
:1038A0007468726573686F6C643A202D38302064D8
:1038B000426D29004E6F74696669636174696F6E49
:1038C00020717565756564202870656E64696E6722
:1038D0003A20256429004D41432076657269666966
:1038E000636174696F6E206661696C656420286528
:1038F000787065637465643A203078253038782CA8
:1039000020676F743A203078253038782900257385
:103910003A204145532D3132382D43434D20656EB9
:1039200063727970743A20363442207061796C6F1A
:1039300061642C206E6F6E63653D30782530387879
:1039400000427572737420636F6D706C65746520CE
:10395000283530206D657373616765732073656EFC
:103960007429004C6F6753636F706520426C7565F6
:10397000746F6F7468204C45204843492044656D3E
:103980006F207374617274696E67202873686F7733
:1039900063617365290048434920747261636573EC
:1039A0002073747265616D696E6720746F20525464
:1039B00054204368616E6E656C20310042757474EA
:1039C0006F6E733A20303D424C4520636F6E7472C7
:1039D0006F6C2C20313D73656E736F7220616E6F5A
:1039E0006D616C792C20323D666C61736820636F69
:1039F0007272757074696F6E2C20333D73747265CA
:103A0000737320627572737400427574746F6E20E4
:103A1000696E6974206661696C65642028657272DC
:103A20002025642900444B20627574746F6E7320E6
:103A3000696E697469616C697A65642028342062F2
:103A40007574746F6E732072656164792900426CBD
:103A50007565746F6F746820696E6974206661693A
:103A60006C656420286572722025642900426C759B
:103A700065746F6F746820696E697469616C697AC6
:103A80006564004164766572746973696E67206667
:103A900061696C656420746F20737461727420288E
:103AA00065727220256429004164766572746973B9
:103AB000696E672061732022257322004C6F675363
:103AC000636F70652044656D6F0053747265737326
:103AD00020627572737420747269676765726564B9
:103AE0002076696120427574746F6E20332028350A
:103AF00030206D6573736167657329004865617275
:103B000074626561742025643A20636F6E6E65632C
:103B10007465642C20757074696D6520256C6C6407
:103B2000206D73004865617274626561742025645C
:103B30003A206164766572746973696E672C2075CA
:103B40007074696D6520256C6C64206D730052651E
:103B50007472616E736D697373696F6E206F6E201E
:103B600068616E646C6520307830303430202873A2
:103B700065713A2025642C20617474656D70743A07
:103B800020312900426174746572793A2025642ECF
:103B90002564562028256425252072656D61696E8F
:103BA000696E67290062757273745F72756E00F0DA
:103BB000DEBC9A7856341278563412785634126134
:103BC000707000496E697469616C697A696E67200A
:103BD00074656D7065726174757265202B206875EF
:103BE0006D6964697479202B20616363656C65720B
:103BF0006F6D657465720025733A20493243206207
:103C00007573207363616E3A20666F756E6420333E
:103C10002064657669636573206174203078343878
:103C20002C20307834302C20307836380053656EB4
:103C3000736F722063616C6962726174696F6E2068
:103C40006C6F616465642028666163746F727920AB
:103C500064656661756C7473290025733A20546538
:103C60006D703A2025642E25303264432C2048752F
:103C70006D69646974793A2025642E253032642593
:103C8000252C20416363656C3A202825642C20256F
:103C9000642C20256429206D6700416E6F6D616C76
:103CA000792064657465637465643A2074656D7029
:103CB00065726174757265207370696B6520746FCD
:103CC0002038352E324320287468726573686F6C13
:103CD000643A2036302E3043290025733A204E6F47
:103CE000746966793A2074656D703D38352E3243BB
:103CF0002068756D69646974793D31322525202805
:103D0000616E6F6D616C79206275727374202564C9
:103D10002F31302900546865726D616C20746872AF
:103D20006573686F6C642065786365656465642C91
:103D300020696E6974696174696E6720636F6F6C66
:103D4000646F776E0053656E736F72207265616485
:103D50002074696D656F757420647572696E672073
:103D6000746865726D616C206576656E742028726A
:103D70006574727920312F33290054656D70657236
:103D800061747572652072657475726E696E6720F4
:103D9000746F206E6F726D616C3A2032342E38432E
:103DA00000416E6F6D616C7920627572737420636F
:103DB0006F6D706C6574652C20726573756D696EBE
:103DC00067206E6F726D616C20696E7465727661CA
:103DD0006C0073656E736F725F6472765F616E6F95
:103DE0006D616C790073656E736F725F6472765F7C
:103DF000726561640073656E736F725F6472765F83
:103E0000696E69740073656E736F725F64727600B9
:103E1000466C6173682073756273797374656D2085
:103E2000726561647920284E4F522C20314D422C0E
:103E300020736563746F722073697A6520344B4216
:103E4000290025733A2057656172206C6576656C90
:103E5000696E67207461626C65206C6F6164656473
:103E60003A2032353620736563746F727320747232
:103E700061636B656400466C61736820776561728D
:103E8000206C6576656C2068696768206F6E2073AA
:103E90006563746F72203078253038782028777207
:103EA000697465733A202564290025733A20577296
:103EB000697465203235364220746F2030782530A1
:103EC0003878202871756575652064657074683A66
:103ED0002025642900435243206D69736D6174632A
:103EE0006820617420736563746F7220307830309D
:103EF0003038303030302028657870656374656400
:103F00003A203078413346312C20676F743A2030A4
:103F10007830303030290057656172206C657665E5
:103F20006C20637269746963616C206F6E207365C5
:103F300063746F7220307830303038303030302059
:103F4000287772697465733A203939383437290013
:103F5000466C617368207772697465206661696C6C
:103F60006564206174203078303030383030303043
:103F70002028454343206572726F722900536563A0
:103F8000746F722030783030303830303030206DFF
:103F900061726B6564206261642C2072656D617072
:103FA00070696E6720746F20307830303041303067
:103FB000303000466C617368207265636F7665729D
:103FC0007920636F6D706C6574652C20312073658A
:103FD00063746F722072656D617070656400666CE9
:103FE0006173685F6D67725F7469636B00666C61B3
:103FF00073685F6D67725F696E697400666C617388
:10400000685F6D67720048617264776172652063F2
:10401000727970746F20656E67696E6520696E696C
:104020007469616C697A656420284145532D313289
:10403000382D43434D29004B657920726F746174AC
:10404000696F6E206475653A2063757272656E746F
:10405000206B65792061676520256420686F757223
:10406000730063727970746F5F6D67725F746963F8
:104070006B0063727970746F5F6D67720042757266
:104080007374206D6F64652074726967676572650B
:1040900064207669612047415454207772697465C1
:1040A00020283530206D6573736167657329005270
:1040B000657365742073656E736F7220636F756EC0
:1040C0007465722076696120474154542077726983
:1040D0007465004D616E75616C20666C617368205B
:1040E00065726173652074726967676572656420C3
:1040F0007669612047415454002A2A2A2A2A2048F6
:10410000415244204641554C54202A2A2A2A2A004A
:1041100020204661756C7420657363616C617469FD
:104120006F6E20287365652062656C6F77290020AB
:104130002072302F61313A202030783030303030EA
:10414000303030202072312F61323A2020307830E8
:10415000303030303030340020207231322F6970EE
:104160003A203078303030303030303020207231EA
:10417000342F6C723A2030783030303061626364B2
:104180000020204661756C74696E6720696E7374D7
:1041900072756374696F6E20616464726573733ADB
:1041A0002030783030303132333435003E3E3E20DE
:1041B0005A455048595220464154414C204552528C
:1041C0004F5220313A20556E68616E646C656420F0
:1041D000696E746572727570740048616C74696E92
:1041E000672073797374656D0054726967676572CF
:1041F000696E67207265616C206861726420666117
:10420000756C742028696E76616C6964206D656DCB
:104210006F727920616363657373292E2E2E0055AA
:104220006E6B6E6F776E20636F6D6D616E64206272
:104230007974653A2030782530327800656E616295
:104240006C65640064697361626C65640053656EDB
:10425000736F72206E6F74696669636174696F6EE3
:10426000732025730025733A20474154542072650A
:1042700061643A20696E666F20636861726163747D
:1042800065726973746963004C6F6753636F70651F
:104290002044656D6F207632207C206E5246353486
:1042A0004C313520444B207C204E6F76656C20428B
:1042B000697473004741545420736572766963656D
:1042C00020726567697374657265643A207265610E
:1042D00064202B207772697465202B206E6F7469BF
:1042E0006679206368617261637465726973746969
:1042F00063730053656E736F72206E6F74696669C5
:10430000636174696F6E206661696C6564202865FD
:104310007272202564290025733A2053656E736FED
:1043200072206E6F74696669636174696F6E207361
:10433000656E743A2076616C75653D257500416443
:10434000766572746973696E672073746F707065D7
:1043500064206279207573657200416476657274B9
:104360006973696E67207265737461727420666127
:10437000696C656420286572722025642900416497
:10438000766572746973696E6720726573746172A1
:104390007465642062792075736572004E6F2061C8
:1043A000637469766520636F6E6E656374696F6EA2
:1043B00020746F20646973636F6E6E65637400555B
:1043C0007365722D696E69746961746564206469CE
:1043D00073636F6E6E6563740025733A2052535396
:1043E0004920636865636B207363686564756C65F9
:1043F0006420666F7220636F6E6E656374696F6EA2
:1044000020307830303430004164766572746973DE
:10441000696E67206461746120757064617465649D
:104420002028545820706F7765723A2025642064E4
:10443000426D2900626C655F6D67725F7469636BC2
:1044400000626C655F6D67725F73656E645F6E6F4F
:1044500074696669636174696F6E00726561645F37
:10446000696E666F00626C655F6D677200F0DEBC3E
:104470009A78563412785634127856341228756E5B
:104480007369676E6564292063686172202A2075EC
:1044900073656420666F72202525702061726775D0
:1044A0006D656E742E2049742773207265636F6D7D
:1044B0006D656E64656420746F2063617374206938
:1044C0007420746F20766F6964202A2062656361AE
:1044D000757365206974206D6179206361757365FA
:1044E000206D69736265686176696F7220696E20FC
:1044F0006365727461696E20636F6E666967757259
:104500006174696F6E732E20537472696E673A22FC
:1045100025732220617267756D656E743A2564009B
:1045200063627072696E74665F7061636B61676508
:10453000006C6F6767696E67006C6F67006C6F6710
:104540005F6D676D74004D65737361676520282228
:10455000257322292064726F707065642062656320
:10456000617573652069742065786365656473207F
:1045700073697A65206C696D69746174696F6E2006
:1045800028257529004D6573736167652064726F16
:10459000707065642062656361757365206974205D
:1045A000657863656564732073697A65206C696DED
:1045B00069746174696F6E2028257529000D0A00E1
:1045C0001B5B306D00257320005B2530386C755DFA
:1045D00020005B253032753A253032753A2530326D
:1045E000752E253033752C253033755D20002573ED
:1045F0002F003C25733E200025733A2000253032E1
:10460000782000202020007C00256300206D657349
:1046100073616765732064726F70706564202D2DFF
:104620002D0D0A1B5B306D001B5B313B33316D2D53
:104630002D2D20001B5B313B33316D001B5B313B6B
:1046400033336D006572720077726E00696E6600BA
:10465000646267006C6F675F6261636B656E645F65
:10466000727474006E524635344C313520444B0020
:1046700062745F646973002A2A2A20426F6F74692A
:104680006E67206E524620436F6E6E6563742053D2
:10469000444B2076332E322E302D356463633662E0
:1046A000643339623066202A2A2A0A002A2A2A20FC
:1046B0005573696E67205A6570687972204F532070
:1046C00076342E322E39392D6135376164393133E4
:1046D00063663465202A2A2A0A0072302F61313A33
:1046E0002020307825303878202072312F61323AFE
:1046F0002020307825303878202072322F61333AEC
:1047000020203078253038780072332F61343A20F9
:1047100020307825303878207231322F69703A2075
:1047200020307825303878207231342F6C723A205E
:10473000203078253038780020787073723A202045
:10474000307825303878004661756C74696E672062
:10475000696E737472756374696F6E2061646472DC
:1047600065737320287231352F7063293A203078B1
:104770002530387800556E68616E646C6564204938
:1047800052516E3A202564002A2A2A2A2A204D50A6
:1047900055204641554C54202A2A2A2A2A002020F6
:1047A000537461636B696E67206572726F72202843
:1047B000636F6E746578742061726561206D6967DE
:1047C0006874206265206E6F742076616C6964295C
:1047D000002020556E737461636B696E672065728B
:1047E000726F7200202044617461204163636573BD
:1047F000732056696F6C6174696F6E0020204D4D97
:1048000046415220416464726573733A20307825C2
:1048100078002020496E737472756374696F6E201E
:104820004163636573732056696F6C6174696F6E61
:10483000002020466C6F6174696E672D706F696E21
:1048400074206C617A79207374617465207072656C
:10485000736572766174696F6E206572726F720033
:104860002A2A2A2A2A205553414745204641554C99
:1048700054202A2A2A2A2A0020204469766973694A
:104880006F6E206279207A65726F002020556E610C
:104890006C69676E6564206D656D6F727920616308
:1048A00063657373002020537461636B206F7665BA
:1048B00072666C6F772028636F6E74657874206100
:1048C000726561206E6F742076616C6964290020C6
:1048D000204E6F20636F70726F636573736F722009
:1048E000696E737472756374696F6E73002020490A
:1048F0006C6C6567616C206C6F6164206F6620452D
:1049000058435F52455455524E20696E746F205083
:1049100043002020496C6C6567616C2075736520CD
:104920006F66207468652045505352002020417402
:1049300074656D707420746F206578656375746537
:1049400020756E646566696E656420696E73747245
:10495000756374696F6E002A2A2A2A2A20425553E9
:10496000204641554C54202A2A2A2A2A0020205326
:104970007461636B696E67206572726F72002020CC
:104980005072656369736520646174612062757338
:10499000206572726F7200202042464152204164AD
:1049A00064726573733A2030782578002020496D51
:1049B00070726563697365206461746120627573E8
:1049C000206572726F72002020496E737472756375
:1049D00074696F6E20627573206572726F72005217
:1049E0006573657276656420457863657074696F78
:1049F0006E20280053707572696F757320696E742C
:104A000065727275707420284952512000535053BA
:104A1000454C20696E20746872656164206D6F6416
:104A20006520646F6573206E6F7420696E646963BE
:104A300061746520505350002020427573206661D8
:104A4000756C74206F6E20766563746F722074616C
:104A5000626C652072656164002020446562756740
:104A6000206576656E7400415243485F4558434562
:104A70005054207769746820726561736F6E2025C9
:104A8000780A002A2A2A2A2A204465627567206D3E
:104A90006F6E69746F7220657863657074696F6E8C
:104AA000202A2A2A2A2A002A2A2A2A2A202573206A
:104AB000256429202A2A2A2A2A006D707500466159
:104AC000696C656420746F20616C6C6F63617465E0
:104AD000206E6577204D505520726567696F6E2096
:104AE00025750A00506172746974696F6E202575AE
:104AF0003A2073616E69747920636865636B206620
:104B000061696C65642E00496E76616C696420751C
:104B10006E6465726C79696E6720726567696F6E25
:104B200020696E64657820257500464C4153485FC6
:104B300030005352414D5F300065786974006E65F6
:104B4000745F627566006E65745F6275665F736937
:104B50006D706C6500736F630000FFFFFFFFFFFF68
:104B600000000000000000FFFFFFFFFFFF0000004B
:104B70000000003031323334353637383961626302
:104B80006465660062746D6F6E69746F7200000315
:104B900004060762740062745F6D6F6E69746F72F1
:104BA000004254204C572057510002FB349B5F8039
:104BB000000080001000000000000001040002005E
:104BC00000000200000000000000050000000000DE
:104BD000000000000000000000000562745F6275C4
:104BE000660062745F646174610044617461206294
:104BF0007566666572206F766572666C6F772028C1
:104C00006C696E6B2074797065203078253032784D
:104C10002900556E61626C6520746F206C6F6F6B3C
:104C200020757020636F6E6E2077697468206861EC
:104C30006E646C6520257500556E61626C6520742C
:104C40006F206C6F6F6B757020636F6E6E20666F78
:104C5000722068616E646C6520257500486172641D
:104C600077617265206572726F722C206861726460
:104C70007761726520636F64653A20256400436F35
:104C8000756C64206E6F74207375626D6974207228
:104C9000785F776F726B3A20256400556E61626CA5
:104CA0006520746F20616C6C6F6361746520627540
:104CB0006666657200556E68616E646C6564206539
:104CC00076656E7420307825303278206C656E20E1
:104CD00025753A202573004E6F2070656E64696EED
:104CE00067207065726970686572616C20636F6EB1
:104CF0006E656374696F6E00556E65787065637478
:104D0000656420737461747573203078253032784F
:104D1000202573004E6F20636F6D6D616E6420738C
:104D2000656E7420666F7220636D6420636F6D70B2
:104D30006C65746520307825303478004F70436F8F
:104D400064652030782530347820636F6D706C6531
:104D500074656420696E7374656164206F66206594
:104D60007870656374656420307825303478005439
:104D70006F6F20736D616C6C2028257520627974CB
:104D8000657329206576656E742030782530327819
:104D900000496E76616C69642048434920657665F8
:104DA0006E742073697A65202825752900496E760E
:104DB000616C6964204C45206D6574612065766581
:104DC0006E742073697A652028257529005745532C
:104DD000545F544F504449522F7A65706879722F4E
:104DE0007375627379732F626C7565746F6F746815
:104DF0002F686F73742F6863695F636F72652E63CA
:104E0000006576745F666C616773202620283155D3
:104E10004C203C3C20283029290041535345525412
:104E2000494F4E204641494C205B25735D20402070
:104E300025733A25640A00496E76616C69642062C4
:104E40007566207479706520257500496E76616CF1
:104E50006964204843492041434C207061636B657D
:104E6000742073697A6520282575290041434C20F8
:104E700064617461206C656E677468206D69736D20
:104E8000617463682028257520213D20257529003F
:104E9000556E61626C6520746F2066696E64206374
:104EA0006F6E6E20666F722068616E646C6520257F
:104EB000750062745F6863695F6576745F676574C7
:104EC0005F666C616773286864722D3E657674292D
:104ED0002026202831554C203C3C2028312929000F
:104EE000556E6B6E6F776E20627566207479706593
:104EF00020257500556E68616E646C65642076656A
:104F00006E646F722D737065636966696320657680
:104F1000656E7420307825303278206C656E2025DF
:104F2000753A20257300657674206E756D5F686133
:104F30006E646C657320283D25752920746F6F2081
:104F40006C617267652028257A75203E20257529B9
:104F5000004E6F20636F6E6E656374696F6E2066BE
:104F60006F722068616E646C6520257500706163E6
:104F70006B65747320636F756E74206D69736D61FA
:104F800074636800696E74657276616C206578631D
:104F900065656473207468652076616C696420724D
:104FA000616E6765202575207573006C6174656E90
:104FB000637920657863656564732074686520761D
:104FC000616C69642072616E6765203078253034C9
:104FD0007800737570765F74696D656F75742065A0
:104FE000786365656473207468652076616C6964B4
:104FF0002072616E67652030782530347800756ED8
:105000006B6E6F776E005B305D00484349207472B1
:10501000616E73706F72743A2025730053444300BD
:105020004964656E7469747925733A202573004963
:1050300064656E746974795B25645D3A202573003C
:105040004843493A2076657273696F6E2025732054
:105050002830782530327829207265766973696F37
:105060006E203078253034782C206D616E75666145
:1050700063747572657220307825303478004C4D39
:10508000503A2076657273696F6E20257320283040
:1050900078253032782920737562766572203078F1
:1050A0002530347800556E61626C6520746F207312
:1050B000656E6420746F206472697665722028655D
:1050C00072722025642900556E636C656172656497
:1050D0002070656E64696E672073656E745F636DC2
:1050E0006400737563636573730009636F6D6D614D
:1050F0006E64206F70636F6465203078253034787B
:105100002074696D656F75740A00657272203D3D8B
:1051100020300009436F6E74726F6C6C657220757D
:105120006E726573706F6E736976652C20636F6D38
:105130006D616E64206F70636F6465203078253018
:1051400034782074696D656F757420776974682090
:105150006572722025640A006F70636F6465203089
:105160007825303478207374617475732030782515
:10517000303278202573004E6F6E2D4C45206361D0
:105180007061626C6520636F6E74726F6C6C6572B7
:1051900020646574656374656421004E756D206FCD
:1051A0006620436F6E74726F6C6C6572277320415A
:1051B000434C207061636B65747320213D20414333
:1051C0004C2062745F636F6E6E5F747820636F6EE5
:1051D00074657874732028257520213D2025752954
:1051E0000041434C2042522F45445220627566666E
:1051F000657273206E6F7420696E697469616C6981
:105200007A65640056656E646F7220484349206574
:105210007874656E73696F6E73206E6F742061763B
:1052200061696C61626C6500485720506C617466FE
:105230006F726D3A20257320283078253034782914
:105240000048572056617269616E743A20257320B8
:105250002830782530347829004669726D7761727C
:10526000653A202573202830782530327829205659
:10527000657273696F6E2025752E257520427569DC
:105280006C64202575004661696C656420746F202C
:105290007265616420737570706F727465642076D6
:1052A000656E646F7220636F6D6D616E647300462E
:1052B00061696C656420746F207265616420737528
:1052C00070706F727465642076656E646F722066AC
:1052D000656174757265730048434920647269762C
:1052E0006572206973206E6F742072656164790045
:1052F0004254205258205751004843492064726953
:10530000766572206F70656E206661696C656420D9
:1053100028256429004E6F2070656E64696E6720D1
:10532000636F6E6E20666F722070656572202573E4
:1053300000556E657870656374656420484F5354FA
:105340005F4E554D5F434F4D504C455445445F5063
:1053500041434B4554532C20737461747573203052
:10536000782530327820257300312E306200312EBE
:105370003100312E3200322E3000322E3100332EE9
:105380003000342E3000342E3100342E3200352ED1
:105390003000352E3100352E3200352E3300352EBB
:1053A0003400362E3000362E3100362E3200537443
:1053B000616E6461726420426C7565746F6F7468AD
:1053C00020636F6E74726F6C6C65720056656E64EC
:1053D0006F7220737065636966696320636F6E74B2
:1053E000726F6C6C6572004669726D7761726520D0
:1053F0006C6F616465720052657363756520696DD9
:10540000616765007265736572766564006E524609
:10541000353178006E5246353278006E524635335B
:1054200078006E524635344878006E524635344C1A
:105430007800496E74656C20436F72706F7261748E
:10544000696F6E004E6F726469632053656D6963A6
:105450006F6E647563746F72004E58502053656DA3
:1054600069636F6E647563746F72730062745F68F2
:1054700063695F636F726500636D64206469736163
:105480006C6C6F776564004F6E6C792072616E642E
:105490006F6D20737461746963206964656E7469EB
:1054A0007479206164647265737320737570706FB2
:1054B0007274656400496E76616C696420696E700F
:1054C000757420706172616D6574657273004661F8
:1054D000696C656420746F20726561642070756208
:1054E0006C69632061646472657373005265616402
:1054F00020537461746963204164647265737365D9
:105500007320636F6D6D616E64206E6F74206176C1
:1055100061696C61626C65004661696C65642074E8
:105520006F207265616420737461746963206164C3
:1055300064726573736573004E6F20737461746970
:1055400063206164647265737365732073746F7232
:10555000656420696E20636F6E74726F6C6C657227
:105560000043616E27742073657420626F74682035
:105570004944454E544954592026204E525041002A
:10558000556E61626C6520746F2073657420696468
:10559000656E746974792061646472657373005513
:1055A0006E61626C6520746F207365742072616E29
:1055B000646F6D20616464726573730062745F6907
:1055C0006400546F6F20626967206164766572744D
:1055D0006973696E672064617461004661696C6516
:1055E0006420746F207374617274206164766572D4
:1055F0007469736572004661696C656420746F201C
:1056000073746F70206164766572746973696E6714
:105610003A2025640062745F616476004661696CBB
:10562000656420726561642072656D6F74652066C3
:105630006561747572657320282564290046616967
:105640006C6564204C4520536574205048592028CF
:1056500025642900556E65787065637465642066FD
:1056600069727374204C32434150206672616D65DB
:1056700000556E6578706563746564204C324341F3
:105680005020636F6E74696E756174696F6E004E41
:105690006F7420656E6F75676820627566666572E7
:1056A00020737061636520666F72204C32434150F5
:1056B000206461746100556E65787065637465641B
:1056C0002041434C20666C61677320283078253078
:1056D0003278290041434C206C656E206D69736DF2
:1056E0006174636820282575203E202575290028CF
:1056F000756E6B6E6F776E29006E6F207472616EBF
:10570000736974696F6E20257300496E76616C69E8
:10571000642028257529206F6C642073746174657A
:1057200000636F6E6E202570206661696C65642071
:10573000746F2065737461626C6973682E205246C1
:10574000206E6F6973653F006E6F2076616C6964CF
:105750002028257529207374617465207761732072
:1057600073657400696E636F6D70617469626C65F6
:105770002068616E646C652025750054696D656FE5
:105780007574206469736361726465642E204E6F62
:1057900020626C6F636B696E6720696E207379732A
:1057A00077712E00466174616C206572726F722091
:1057B000282564292E20446973636F6E6E656374B7
:1057C000696E6720257000466F756E642076616C87
:1057D000696420636F6E6E656374696F6E2028253F
:1057E000702920776974682061646472657373201E
:1057F000257320696E202573207374617465200001
:1058000053656E64204C4520706172616D20757027
:1058100064617465206661696C65642028657272D4
:10582000202564290053656E64206175746F204CD7
:105830004520706172616D207570646174652066C9
:1058400061696C6564202865727220256429006492
:105850006973636F6E6E6563746564006469736316
:105860006F6E6E6563742D636F6D706C657465002B
:105870007363616E2D6265666F72652D696E697402
:10588000696174696E6700696E6974696174696ED3
:10589000672D66696C7465722D6C69737400616440
:1058A000762D636F6E6E65637461626C6500616412
:1058B000762D6469722D636F6E6E65637461626CC0
:1058C0006500646973636F6E6E656374696E67000B
:1058D00062745F636F6E6E00556E61626C652074FA
:1058E0006F20616C6C6F63617465206275666665BC
:1058F0007220666F72206F70203078253032780009
:105900004E6F20617661696C61626C65204C324338
:10591000415020636F6E7465787420666F722063E7
:105920006F6E6E20257000457870656374696E67D0
:1059300020757020746F20256420726566732C209A
:10594000676F7420256400616C72656164792068FA
:105950006176652076696577206F6E202570004C32
:1059600032434150206C656E677468206D69736DB9
:10597000617463682028257520213D202575290044
:10598000496E76616C6964206964656E7420766125
:105990006C756520696E204C32434150205044554F
:1059A00000496E76616C6964204C4520636F6E6EB1
:1059B00020706172616D207273702073697A652046
:1059C00028257520213D20257A75290052656A65B4
:1059D0006374696E6720756E6B6E6F776E204C32E4
:1059E0004341502050445520636F64652030782532
:1059F00030327800546F6F20736D616C6C204C32C4
:105A0000434150207369676E616C696E6720504432
:105A10005500546F6F20736D616C6C204C324341A4
:105A2000502050445520726563656976656400496D
:105A3000676E6F72696E67206461746120666F7251
:105A400020756E6B6E6F776E206368616E6E656C2D
:105A50002049442030782530347800636F6E6669C1
:105A6000670062745F6C326361700041545420635C
:105A700068616E6E656C206E6F7420636F6E6E650C
:105A800063746564004572726F72207369676E6932
:105A90006E6720646174610052616E206F757420BE
:105AA0006F662054582062756666657273206F7247
:105AB00020636F6E74657874732E00556E61626C2E
:105AC0006520746F20637265617465206572722051
:105AD0007273702050445500415454204D54552049
:105AE00065786365656465642C206D617820257533
:105AF0002C2077616E74656420257A7500556E617F
:105B0000626C6520746F20637265617465207273C6
:105B1000702050445500546F6F20736D616C6C2081
:105B2000415454205044552072656365697665641C
:105B300000556E68616E646C656420415454206346
:105B40006F64652030782530327800496E76616C5C
:105B50006964206C656E20257520666F7220636F06
:105B600064652030782530327800556E61626C654E
:105B700020746F2063726561746520555549443AFD
:105B80002073697A6520257500556E61626C652009
:105B9000746F2063726561746520555549443A20DD
:105BA00073697A65202564004E6F20617661696CA7
:105BB00061626C652041545420636F6E7465787423
:105BC00020666F7220636F6E6E202570004E6F200E
:105BD000617661696C61626C652041545420636830
:105BE000616E6E656C20666F7220636F6E6E20252D
:105BF00070004E6F7420636F6E6E65637465640031
:105C0000556E61626C6520746F2066696E64204118
:105C10005454206368616E6E656C00476F74206534
:105C200072722025642C206E6F742063616C6C6925
:105C30006E6720415454206362004E6F20415454DB
:105C4000206368616E6E656C20666F72204D5455DE
:105C500020257A75004E6F2070656E64696E67202E
:105C6000415454207265717565737400446973639F
:105C70006F6E6E656374696E67206661696C6564DA
:105C800020286572722025642900415454205469EB
:105C90006D656F757420666F7220646576696365E3
:105CA0002025732E20446973636F6E6E656374697B
:105CB0006E672E2E2E0062745F61747400756E61C3
:105CC000626C6520746F20736176652053433A20BF
:105CD0006E6F20636667206C65667400434D4143B8
:105CE00020757064617465206661696C6564202547
:105CF00064004E6F20737061636520746F2073744D
:105D00006F72652043434320636667004E6F2073C4
:105D10007061636520746F2073746F726520436CCB
:105D200069656E7420537570706F72746564204677
:105D30006561747572657300556E61626C6520747F
:105D40006F20696D706F727420746865206B65795F
:105D500020666F722041455320434D414320256406
:105D600000434D4143206F7065726174696F6E200E
:105D7000696E6974206661696C65642025640043FE
:105D80004D41432066696E697368206661696C6580
:105D9000642025640052656164206D6574686F64D9
:105DA000206E6F7420736574004661696C656420B1
:105DB000746F2072656164206174747269627574B5
:105DC00065202570202865727220257A6429004993
:105DD0006E76616C69642072656164206C656E67C3
:105DE00074683A20257A6400434343202570206E6E
:105DF0006F74207772697461626C6500534320721E
:105E00006573746F726520696E6469636174696F2C
:105E10006E206661696C65640062745F67617474AA
:105E2000004E6F20617661696C61626C6520534D34
:105E30005020636F6E7465787420666F7220636F94
:105E40006E6E2025700062745F736D700063616315
:105E500068655F6E72667800636C6F636B403130AB
:105E600065303030006866636C6B006C66636C6B29
:105E700000636C6F636B5F636F6E74726F6C007046
:105E800073612D726E67006770696F4031306130E9
:105E90003030006770696F406438323030006770AE
:105EA000696F4035303430300000010405020608C7
:105EB000090F75617274406336303030007561725D
:105EC000745F6E7266785F756172746500475049E1
:105ED0004F2049525120636F6E6669672066616981
:105EE0006C65642C206572723A20256400466169F5
:105EF0006C65642064697361626C696E6720696EA9
:105F000074657272757074730043616E6E6F742085
:105F100072656164206770696F2070696E0043610B
:105F20006E6E6F742064697361626C652063616C6E
:105F30006C6261636B730043616E6E6F7420656E9B
:105F400061626C652063616C6C6261636B730043BA
:105F5000616E6E6F7420636F6E666967757265201F
:105F6000627574746F6E206770696F0043616E6E46
:105F70006F742064697361626C652063616C6C622C
:105F800061636B7328290043616E6E6F74206164D6
:105F9000642063616C6C6261636B00646B5F62754B
:105FA00074746F6E735F616E645F6C6564730053CD
:105FB0006F667444657669636520436F6E74726FB3
:105FC0006C6C6572204153534552543A2025732C12
:105FD00020256400536F66744465766963652043C9
:105FE0006F6E74726F6C6C6572206275696C642080
:105FF0007265766973696F6E3A2000456E74726FD0
:10600000707920736F757263652064657669636566
:10601000206E6F74207265616479004661696C65F9
:106020006420746F20726567697374657220726191
:106030006E6420736F7572636520282564290041A2
:106040006C6C6F6361746564206D656D6F7279202F
:10605000746F6F206C6F773A20257A75203C20256D
:1060600075004576656E742062756666657220748B
:106070006F6F20736D616C6C2E20257A75203E2029
:10608000257500556E6578706563746564206D7361
:10609000675F747970653A2025752E20546869739E
:1060A0002069662D656C7365206E6565647320617B
:1060B000206E6577206272616E636800556E6B6E4C
:1060C0006F776E206572726F72207768656E2070D0
:1060D000726F63657373696E6720686369206D65AD
:1060E00073736167652025640062745F6863695F2C
:1060F0007364630062745F7364635F6863695F64A1
:1061000072697665720062745F7364635F6372794B
:1061100070746F004D50534C204153534552543AC4
:106120002025732C202564004D50534C20576F724E
:106130006B006D70736C5F696E697400556E73757A
:1061400070706F72746564204846434C4B206576CE
:10615000656E743A202564006E7266785F636C6FBA
:10616000636B5F6D70736C00000718232323232378
:1061700023232323232323230001025465726D6903
:106180006E616C0000000000000054545220524523
:106190004747455300556E6B6E6F776E2065727280
:1061A0006F72003E3E3E205A4550485952204641AB
:1061B00054414C204552524F522025643A202573B9
:1061C000206F6E20435055202564004661756C7425
:1061D00020647572696E6720696E7465727275707D
:1061E000742068616E646C696E670A004375727230
:1061F000656E74207468726561643A202570202889
:106200002573290043505520657863657074696F64
:106210006E00537461636B206F766572666C6F7786
:10622000004B65726E656C206F6F7073004B65720A
:106230006E656C2070616E6963006D61696E006FE0
:106240007300737973776F726B7100141400001C04
:106250002030401C2000001C203040004063726150
:1062600063656E00141400001C2030401C200000E8
:106270001C20304000400103029B8FACC31D42AE86
:1062800044FACD1FC348A0B42FCF29EE3D00FFFF35
:10629000FFFF1F00647261676F6F6E2F6C6962731E
:1062A0002F73636865642F7372632F73636865640B
:1062B0005F68616C5F74696D65725F677274632E8D
:1062C0006300286E756C6C29002A666C6F61742AF5
:0462D00000000000CA
:1062DC00FFFFFFFFFF1F00001F0000000000000079
:1062EC001D40000000000000FFFFFFFF1FFF00002B
:1062FC00BAABBABA10101010010000000000000078
:10630C000050085000000000000000000C000000CD
:10631C0000FF7F00000000000000000000000000F3
:10632C000000000015220000000000006FBA000001
:10633C00000000002D220000000000008FBA0000B9
:10634C00000000004DBA000000000000000000003A
:10635C000000000000000000000000000000000031
:10636C000000000000000000000000000000000021
:10637C000000000000000000000000000000000011
:10638C000000000000000000000000000000000001
:10639C0000000000000000000000000000000000F1
:1063AC0000000000000000000000000000000000E1
:1063BC0000000000000000000000000000000000D1
:1063CC0000000000000000000000000000000000C1
:1063DC0000000000000000000000000000000000B1
:1063EC0000000000000000000000000000000000A1
:1063FC000000000000000000000000000000000091
:10640C000000000000000000000000000000000080
:10641C000000000000000000000000000000000070
:10642C000000000000000000000000000000000060
:10643C000000000000000000000000000000000050
:10644C000000000000000000000000000000000040
:10645C000000000000000000000000000000000030
:10646C000000000000000000000000000000000020
:10647C000000000000000000000000000000000010
:10648C000000000000000000000000000000000000
:10649C0000000000000000000000000000000000F0
:1064AC0000000000000000000000000000000000E0
:1064BC0000000000000000000000000000000000D0
:1064CC0000000000000000000000000000000000C0
:1064DC0000000000000000000000000000000000B0
:1064EC0000000000000000000000000000000000A0
:1064FC000000000000000000000000000000000090
:10650C00000000000000000000000000000000007F
:10651C00000000000000000000000000000000006F
:10652C00000000000000000000000000000000005F
:10653C00000000000000000000000000000000004F
:10654C00000000000000000000000000000000003F
:10655C00000000000000000000000000000000002F
:10656C00000000000000000000000000000000001F
:10657C00000000000000000000000000000000000F
:10658C0000000000000000000000000000000000FF
:10659C0000000000000000000000000000000000EF
:1065AC000000000000000000DC23002003D50000E8
:1065BC0009D500000BD5000031D500000FD5000027
:1065CC003BD5000015D5000045D500001BD50000BB
:1065DC0051D5000027D500002BD500001DD500009B
:1065EC0023D5000041D500004BD500002424002009
:1065FC0001FF000033D800003FD8000043D8000052
:10660C004BD800004FD80000000000000000000034
:10661C00000000000000000000000000000000006E
:10662C00000000000000000000000000000000005E
:10663C00000000000000000000000000000000004E
:10664C00000000000000000000000000000000003E
:10665C00000000000000000000000000000000002E
:10666C00000000000000000000000000000000001E
:10667C00000000000000000000000000000000000E
:10668C0000000000000000000000000000000000FE
:10669C0000000000000000000000000000000000EE
:1066AC0000000000000000000000000000000000DE
:1066BC0000000000000000000000000000000000CE
:1066CC0000000000000000000000000000000000BE
:1066DC009D280100000000000000000000000000E8
:1066EC00000000000000000000000000000000009E
:1066FC00000000000000000000000000000000008E
:10670C00000000000000000000000000000000007D
:10671C00000000000000000000000000000000006D
:10672C00000000000000000000000000000000005D
:10673C00000000000000000000000000000000004D
:10674C00000000000000000000000000000000003D
:10675C00000000000000000000000000000000002D
:10676C00000000000000000000000000000000001D
:10677C0000000000682002000000000091DB000017
:10678C0000000000000100000000000000000000FC
:10679C0000000000000000000000000000000000ED
:1067AC000000000000000000000000006700000076
:1067BC0000000000000000000000000000000000CD
:1067CC0000000000000000000000000000000000BD
:1067DC0000000000000000000000000000000000AD
:1067EC00000000000000000000000000000000009D
:1067FC00000000000000000000000000000000008D
:10680C00000000000000000000000000000000007C
:10681C00000000000000000000000000000000006C
:10682C00000000000000000000000000000000005C
:10683C00000000000000000000000000000000004C
:10684C000000000019E7000000000000000000003C
:10685C00DF28002000001000F028002000000800B5
:10686C000129002000000200BFD80100C1DF010097
:10687C00D435020000000200E035020000000200E6
:10688C00EC35020000000200000000000FE30100E4
:10689C00000000000000000000C0105000000000CC
:1068AC0000000000000000000000000000000000DC
:1068BC0000000000000000000000000000000000CC
:1068CC0000000000000000000000000000000000BC
:1068DC0000000000000000000000000000000000AC
:1068EC00000000000000000000000000000000009C
:1068FC00000000000000000000000000000000008C
:10690C00000000000000000000000000000100007A
:10691C0000A00D500000000000000000000000006E
:10692C00000000000000000000000000000000005B
:10693C00000000000000000000000000000000004B
:10694C00000000000000000000000000000000003B
:10695C00000000000000000000000000000000002B
:10696C00000000000000000000000000000000001B
:10697C00000000000000000000000000000000000B
:10698C00000000000000000000000000C5E801004D
:10699C00000000000000000000000000F9190100D8
:1069AC00000000000000000000000000813B01001E
:1069BC000000000000000000000000005136010043
:1069CC000000000000000000F8270020F82700203D
:1069DC00000000000000000060C2002000007300F6
:1069EC0060C2002009490100A95A01000000000002
:1069FC000000000000000000354D010059F30100BB
:106A0C0017F40100E9480100000000000036020004
:106A1C00000002000C36020000000A001C360200C6
:106A2C00000020000000000000000000000000003A
:106A3C000000000079F80100000000003036020070
:106A4C00000002003C360200000002004836020042
:106A5C00000002005173010000000000FF00000064
:106A6C000090D003FF0000000F0000007102000036
:106A7C00A0280020A0280020F50E0200F10E020034
:106A8C00B11D020067742000D4290020102A0020B8
:106A9C00E8290020B02A0020A42A0020FC2900208C
:106AAC00671C02006B1C0200771C02000606010228
:106ABC00F3DEBC9A78563412785634127856341267
:106ACC0002F2DEBC9A785634127856341278563468
:106ADC001202F1DEBC9A785634127856341278567B
:106AEC00341202F0DEBC9A7856341278563412788E
:106AFC0056341201000000000100010000000000EB
:106B0C000000000000000000000000000000000079
:106B1C000000000000000000000000000000000069
:106B2C000000000000000000000000000000000059
:106B3C000000000000000000000000000000000049
:106B4C000000000000000000000000000000000039
:106B5C008029002080290020FCC0002000000000BB
:106B6C000100000034000000000000009C290020FF
:106B7C009C290020D891002000000000010000009A
:106B8C00B000000000000000B8290020B829002047
:106B9C0030C10020000000000300000010000000C5
:106BAC0000000000D4290020D4290020000000009F
:106BBC00000000000E000000E8290020E829002059
:106BCC0000000000000000000E000000FC29002066
:106BDC00FC29002000000000000000000E00000056
:106BEC00102A0020102A00200000000000000000E5
:106BFC000E000000242A0020242A0020000000009F
:106C0C00000000000E000000382A0020382A002066
:106C1C0000000000000000000E0000004C2A0020C4
:106C2C004C2A002000000000000000000E000000B4
:106C3C00602A0020602A00200000000000000000F4
:106C4C000E000000742A0020742A002000000000AE
:106C5C0001000000842A0020842A00208C2A0020B5
:106C6C008C2A002000000000FFFFFFFF9C2A002060
:106C7C009C2A0020A42A0020A42A00200000000046
:106C8C00B02A0020B02A0020000000000000000004
:106C9C0000000000C42A0020C42A0020CC2A0020B6
:106CAC00CC2A00200000000000000000DC2A00209C
:106CBC00DC2A0020E42A0020E42A00200300030040
:106CCC001000000000000000EC310200A4BF002006
:106CDC000000000000000000082B0020082B002002
:106CEC00102B0020102B00200300030010000000CC
:106CFC00395801009832020084C0002000000000C6
:106D0C0000000000342B0020342B00203C2B0020F2
:106D1C003C2B0020030003000000000000000000DA
:106D2C00B0300200F8BC00200000000000000000A1
:106D3C00602B0020602B0020682B0020682B00208B
:106D4C00010001001000000005360100D8310200DE
:106D5C001CBF002000000000000000008C2B002055
:106D6C008C2B0020942B0020942B0020020002007E
:106D7C000000000000000000A0310200ECBE00206A
:106D8C000000000000000000B82B0020B82B0020F1
:106D9C00C02B0020C02B00200C000C0004000000B5
:106DAC00B11301009C3002001CBB0020000000004D
:106DBC0000000000E42B0020E42B0020EC2B002032
:106DCC00EC2B002005000500040000000000000072
:106DDC00AC320200D4C10020000000000000000012
:106DEC00102C0020102C0020182C0020182C002017
:106DFC00010001000000000000000000C43002008F
:086E0C0044BE002015E015E072
:00000001FF
